rank,triple,ensemble_mean,ensemble_sd,ensemble_min,ensemble_max,sign_agree,has_query_double,n_pairs_seen,n_genes_seen,M01_lzs9pcj3,M02_yv4r30bi,M03_c7671wgj
1,YER059W + YGR121C + YPL181W,0.6897786458333334,0.03709295255222862,0.66162109375,0.7421875,True,False,3,3,0.66552734375,0.7421875,0.66162109375
2,YER059W + YGL060W + YPL181W,0.6827799479166666,0.06168254750907425,0.62841796875,0.76904296875,True,False,3,3,0.62841796875,0.76904296875,0.65087890625
3,YER059W + YHR003C + YPL181W,0.6775716145833334,0.025767600816618882,0.65380859375,0.71337890625,True,False,3,3,0.65380859375,0.71337890625,0.66552734375
4,YER059W + YGR121C + YHR003C,0.66748046875,0.027658737271922113,0.642578125,0.7060546875,True,False,3,3,0.65380859375,0.7060546875,0.642578125
5,YER059W + YGL060W + YGR121C,0.6573893229166666,0.040407219795402495,0.625,0.71435546875,True,False,3,3,0.625,0.71435546875,0.6328125
6,YBR001C + YER059W + YPL181W,0.6490885416666666,0.02418621982250017,0.61669921875,0.6748046875,True,False,2,3,0.65576171875,0.6748046875,0.61669921875
7,YER059W + YGL060W + YHR003C,0.6354166666666666,0.03768386974602493,0.58984375,0.68212890625,True,False,3,3,0.58984375,0.68212890625,0.63427734375
8,YBR001C + YHR003C + YPL181W,0.5360514322916666,0.04495208756244875,0.481201171875,0.59130859375,True,False,3,3,0.481201171875,0.53564453125,0.59130859375
9,YER059W + YGR121C + YPL089C,0.4895833333333333,0.09069363271581403,0.361328125,0.5546875,True,False,3,3,0.552734375,0.361328125,0.5546875
10,YBR001C + YER059W + YHR003C,0.4755045572916667,0.1573178149587481,0.253173828125,0.59375,True,False,2,3,0.57958984375,0.253173828125,0.59375
11,YER059W + YGL060W + YPL089C,0.468505859375,0.07755555202565494,0.37451171875,0.564453125,True,False,3,3,0.466552734375,0.37451171875,0.564453125
12,YER059W + YHR003C + YPL089C,0.4527994791666667,0.10184875316594331,0.3095703125,0.53759765625,True,False,3,3,0.51123046875,0.3095703125,0.53759765625
13,YBR028C + YER059W + YPL181W,0.3926188151041667,0.2024939180698368,0.1632080078125,0.65576171875,True,False,2,3,0.65576171875,0.1632080078125,0.35888671875
14,YBR028C + YER059W + YGR121C,0.3822835286458333,0.20251942703611137,0.1429443359375,0.63818359375,True,False,3,3,0.63818359375,0.1429443359375,0.36572265625
15,YBR028C + YER059W + YGL060W,0.3638102213541667,0.19141803973298768,0.1287841796875,0.59765625,True,False,3,3,0.59765625,0.1287841796875,0.364990234375
16,YER059W + YGL060W + YGR193C,0.3536783854166667,0.16107476727028758,0.22265625,0.58056640625,True,False,1,3,0.2578125,0.58056640625,0.22265625
17,YER059W + YGR193C + YPL181W,0.3473307291666667,0.1839527200985133,0.155029296875,0.59521484375,True,False,1,3,0.291748046875,0.59521484375,0.155029296875
18,YGL060W + YHR003C + YPL181W,0.3085123697916667,0.2224476229112633,0.1077880859375,0.61865234375,True,False,3,3,0.1077880859375,0.61865234375,0.1990966796875
19,YGR121C + YHR003C + YPL181W,0.2926432291666667,0.19567710752591108,0.1265869140625,0.5673828125,True,False,3,3,0.1265869140625,0.5673828125,0.1839599609375
20,YBR028C + YER059W + YPL089C,0.288818359375,0.179207977441208,0.06884765625,0.5078125,True,False,2,3,0.5078125,0.06884765625,0.289794921875
21,YGL060W + YGR121C + YHR003C,0.2635498046875,0.19822226739030208,0.0902099609375,0.541015625,True,False,3,3,0.0902099609375,0.541015625,0.159423828125
22,YBR001C + YGR193C + YPL181W,0.2523600260416667,0.14369140942099262,0.149658203125,0.45556640625,True,False,1,3,0.149658203125,0.45556640625,0.15185546875
23,YER059W + YGR279C + YPL181W,0.2322998046875,0.08688393974504802,0.1502685546875,0.3525390625,True,False,2,3,0.194091796875,0.1502685546875,0.3525390625
24,YER059W + YGR121C + YGR279C,0.22953287760416666,0.11957218962261493,0.1346435546875,0.398193359375,True,False,2,3,0.15576171875,0.1346435546875,0.398193359375
25,YBR001C + YER059W + YGR193C,0.22745768229166666,0.08749460551874913,0.1141357421875,0.3271484375,True,False,0,3,0.2410888671875,0.3271484375,0.1141357421875
26,YGL060W + YGR121C + YPL181W,0.22328694661458334,0.14246808629319363,0.06890869140625,0.41259765625,True,False,3,3,0.06890869140625,0.41259765625,0.1883544921875
27,YER059W + YGL060W + YGR279C,0.22178141276041666,0.1332698346718228,0.09124755859375,0.40478515625,True,False,3,3,0.09124755859375,0.1693115234375,0.40478515625
28,YER059W + YGR121C + YIL006W,0.20058186848958334,0.16319699291061063,0.00396728515625,0.403564453125,True,False,2,3,0.1942138671875,0.00396728515625,0.403564453125
29,YBR028C + YER059W + YGR193C,0.20050048828125,0.06255530850631952,0.11260986328125,0.253173828125,True,False,1,3,0.2357177734375,0.253173828125,0.11260986328125
30,YER059W + YGL060W + YIL006W,0.19872029622395834,0.18770726049341022,0.028350830078125,0.460205078125,True,False,2,3,0.10760498046875,0.028350830078125,0.460205078125
31,YER059W + YGR121C + YHL003C,0.19181315104166666,0.023226601497501786,0.1650390625,0.2216796875,True,False,1,2,0.2216796875,0.1650390625,0.188720703125
32,YER059W + YGR279C + YHR003C,0.18416341145833334,0.11701165180476414,0.0699462890625,0.344970703125,True,False,3,3,0.0699462890625,0.1375732421875,0.344970703125
33,YER059W + YGL017W + YPL181W,0.1712665557861328,0.19726065888577538,-0.0005435943603515625,0.447509765625,False,False,1,3,0.06683349609375,0.447509765625,-0.0005435943603515625
34,YCR033W + YGL096W + YKL160W,0.17075602213541666,0.05194691435262106,0.12017822265625,0.2421875,True,False,2,3,0.14990234375,0.12017822265625,0.2421875
35,YER059W + YIL006W + YPL181W,0.16765594482421875,0.17158070241069406,0.00626373291015625,0.4052734375,True,False,2,3,0.0914306640625,0.00626373291015625,0.4052734375
36,YER059W + YGR121C + YPL256C,0.16706339518229166,0.14589390390896934,0.033843994140625,0.3701171875,True,False,2,3,0.3701171875,0.09722900390625,0.033843994140625
37,YER059W + YGL060W + YHL003C,0.16617838541666666,0.052713492069422704,0.0963134765625,0.2236328125,True,False,1,2,0.0963134765625,0.1785888671875,0.2236328125
38,YER059W + YGR193C + YPL089C,0.16225179036458334,0.03198010514711965,0.12176513671875,0.199951171875,True,False,1,3,0.1650390625,0.199951171875,0.12176513671875
39,YBR001C + YGR279C + YPL181W,0.16197713216145834,0.10242654692444304,0.031341552734375,0.281494140625,True,False,2,3,0.031341552734375,0.173095703125,0.281494140625
40,YBR229C + YER059W + YGL060W,0.1555658976236979,0.18823391900303488,-0.01331329345703125,0.418212890625,False,False,3,3,0.418212890625,-0.01331329345703125,0.061798095703125
41,YBR229C + YER059W + YGR121C,0.15457916259765625,0.20783913880148588,-0.01514434814453125,0.447265625,False,False,3,3,0.447265625,-0.01514434814453125,0.0316162109375
42,YER059W + YGR121C + YPL026C,0.1525719960530599,0.20678270065047424,-0.0025043487548828125,0.44482421875,False,False,1,3,0.44482421875,0.0153961181640625,-0.0025043487548828125
43,YGR121C + YLR386W + YPL177C,0.1519775390625,0.06630774278801659,0.0694580078125,0.2318115234375,True,False,3,3,0.1546630859375,0.0694580078125,0.2318115234375
44,YER059W + YPL181W + YHL003C,0.15020751953125,0.03024417734723833,0.10809326171875,0.177734375,True,False,1,2,0.177734375,0.10809326171875,0.164794921875
45,YGL060W + YGR193C + YPL181W,0.149749755859375,0.13942880186856024,0.04962158203125,0.346923828125,True,False,1,3,0.04962158203125,0.346923828125,0.052703857421875
46,YER059W + YKR028W + YPL177C,0.14945475260416666,0.024668541347301114,0.1146240234375,0.1685791015625,True,False,2,3,0.1685791015625,0.1146240234375,0.1651611328125
47,YBR001C + YER059W + YGR279C,0.14679972330729166,0.06581958131418618,0.057464599609375,0.214111328125,True,False,2,3,0.057464599609375,0.1688232421875,0.214111328125
48,YER059W + YGL060W + YPL177C,0.14469401041666666,0.048639807481053614,0.0787353515625,0.194580078125,True,False,1,3,0.1607666015625,0.194580078125,0.0787353515625
49,YBR028C + YER059W + YPL256C,0.14458211263020834,0.11443805967929394,0.061187744140625,0.306396484375,True,False,2,3,0.306396484375,0.066162109375,0.061187744140625
50,YJL187C + YPL256C + YPR065W,0.14274088541666666,0.04742713984187174,0.07568359375,0.177490234375,True,False,3,3,0.175048828125,0.177490234375,0.07568359375
51,YBR028C + YER059W + YGR279C,0.141143798828125,0.1267775201392221,0.04583740234375,0.3203125,True,False,2,3,0.04583740234375,0.057281494140625,0.3203125
52,YER059W + YGL060W + YPL026C,0.13912264506022134,0.16593876297318813,0.0015659332275390625,0.37255859375,True,False,1,3,0.37255859375,0.043243408203125,0.0015659332275390625
53,YGL060W + YLR386W + YPL177C,0.13904825846354166,0.08366723148541896,0.059356689453125,0.254638671875,True,False,2,3,0.059356689453125,0.1031494140625,0.254638671875
54,YER059W + YGR121C + YGR262C,0.13898722330729166,0.1752560736690574,0.0084991455078125,0.38671875,True,False,1,2,0.38671875,0.0084991455078125,0.0217437744140625
55,YGL096W + YKL160W + YPL181W,0.13804117838541666,0.04787315694505542,0.087646484375,0.202392578125,True,False,1,3,0.087646484375,0.12408447265625,0.202392578125
56,YER059W + YGL060W + YPL256C,0.13712565104166666,0.06901399135328226,0.0467529296875,0.2142333984375,True,False,2,3,0.2142333984375,0.150390625,0.0467529296875
57,YCR033W + YGL096W + YLR386W,0.13578287760416666,0.024883454249829837,0.1116943359375,0.1700439453125,True,False,2,3,0.1256103515625,0.1116943359375,0.1700439453125
58,YCR033W + YGL096W + YOR304W,0.13271077473958334,0.08556252853576367,0.06915283203125,0.253662109375,True,False,2,3,0.0753173828125,0.06915283203125,0.253662109375
59,YKR028W + YLR386W + YPL177C,0.13157145182291666,0.066176640852991,0.04937744140625,0.21142578125,True,False,3,3,0.04937744140625,0.1339111328125,0.21142578125
60,YER059W + YGL060W + YGR262C,0.13066609700520834,0.1377852539178569,0.01129150390625,0.32373046875,True,False,1,2,0.32373046875,0.01129150390625,0.056976318359375
61,YBR028C + YER059W + YPL026C,0.12952359517415366,0.149427932794721,-0.0015048980712890625,0.338623046875,False,False,1,3,0.338623046875,0.05145263671875,-0.0015048980712890625
62,YER059W + YPL181W + YGR262C,0.1287142038345337,0.17967869279284143,0.00018489360809326172,0.3828125,True,False,1,2,0.3828125,0.0031452178955078125,0.00018489360809326172
63,YER059W + YGR193C + YPL256C,0.12847900390625,0.06471064207359682,0.04010009765625,0.1932373046875,True,False,0,3,0.152099609375,0.1932373046875,0.04010009765625
64,YER059W + YGR279C + YPL089C,0.12775675455729166,0.09421881154509798,0.059356689453125,0.260986328125,True,False,3,3,0.059356689453125,0.06292724609375,0.260986328125
65,YGL096W + YGR121C + YLR386W,0.12648518880208334,0.06212416205596896,0.03961181640625,0.1812744140625,True,False,3,3,0.1585693359375,0.03961181640625,0.1812744140625
66,YBR229C + YER059W + YPL181W,0.12630208333333334,0.18024685315694797,-0.02093505859375,0.380126953125,False,False,2,3,0.380126953125,-0.02093505859375,0.01971435546875
67,YER059W + YGR121C + YKR028W,0.12400309244791667,0.05802022913099421,0.04229736328125,0.17138671875,True,False,3,3,0.17138671875,0.04229736328125,0.1583251953125
68,YGL060W + YHR003C + YPL089C,0.12383015950520833,0.07590319995878084,0.019195556640625,0.1968994140625,True,False,3,3,0.019195556640625,0.1968994140625,0.1553955078125
69,YDR213W + YLR386W + YPL177C,0.12355550130208333,0.05569248329059337,0.07373046875,0.2012939453125,True,False,1,3,0.2012939453125,0.09564208984375,0.07373046875
70,YER059W + YKR028W + YPL089C,0.12311808268229167,0.049798281471640754,0.054046630859375,0.1695556640625,True,False,3,3,0.1695556640625,0.054046630859375,0.145751953125
71,YER059W + YPL089C + YHL003C,0.12306722005208333,0.05791384803307664,0.04449462890625,0.182373046875,True,False,1,2,0.142333984375,0.04449462890625,0.182373046875
72,YER059W + YGR121C + YPL177C,0.1219482421875,0.04886262310777329,0.07049560546875,0.1876220703125,True,False,2,3,0.1876220703125,0.10772705078125,0.07049560546875
73,YER059W + YKR028W + YPL181W,0.12129720052083333,0.06297062142459589,0.06512451171875,0.209228515625,True,False,3,3,0.209228515625,0.06512451171875,0.08953857421875
74,YER059W + YGL060W + YOR171C,0.12071990966796875,0.13335731478381724,-0.00722503662109375,0.3046875,False,False,3,3,0.3046875,0.064697265625,-0.00722503662109375
75,YGL096W + YLR386W + YPL089C,0.11873372395833333,0.038355608925957844,0.07122802734375,0.1651611328125,True,False,2,3,0.11981201171875,0.07122802734375,0.1651611328125
76,YDR287W + YER059W + YGR121C,0.1183319091796875,0.0972583125517789,-0.0117034912109375,0.22216796875,False,False,1,3,0.22216796875,-0.0117034912109375,0.14453125
77,YAL056W + YER059W + YGR121C,0.11780293782552083,0.1335524222363563,0.0146331787109375,0.306396484375,True,False,2,3,0.306396484375,0.032379150390625,0.0146331787109375
78,YCR033W + YER059W + YGL096W,0.11651611328125,0.03760587924357984,0.06427001953125,0.1512451171875,True,False,2,3,0.134033203125,0.06427001953125,0.1512451171875
79,YER059W + YGL096W + YPL181W,0.11594645182291667,0.07579318626583312,0.0511474609375,0.2222900390625,True,False,1,3,0.0511474609375,0.2222900390625,0.07440185546875
80,YBR028C + YER059W + YIL006W,0.11577161153157552,0.11821934453804629,0.0030155181884765625,0.279052734375,True,False,2,3,0.06524658203125,0.0030155181884765625,0.279052734375
81,YCR033W + YER059W + YGR121C,0.11542510986328125,0.12119333773248825,-0.01371002197265625,0.277587890625,False,False,3,3,0.277587890625,-0.01371002197265625,0.0823974609375
82,YGL096W + YLR386W + YPL181W,0.11484781901041667,0.03485573557248614,0.0782470703125,0.1617431640625,True,False,1,3,0.10455322265625,0.0782470703125,0.1617431640625
83,YDR287W + YER059W + YGL060W,0.11478678385416667,0.0949378175956878,-0.0162353515625,0.2056884765625,False,False,1,3,0.1549072265625,-0.0162353515625,0.2056884765625
84,YCR033W + YER059W + YPL089C,0.11384073893229167,0.09687129320381459,0.011016845703125,0.24365234375,True,False,3,3,0.24365234375,0.011016845703125,0.08685302734375
85,YER059W + YGL060W + YKR028W,0.11374918619791667,0.06970906636205537,0.03424072265625,0.2039794921875,True,False,3,3,0.10302734375,0.03424072265625,0.2039794921875
86,YBR001C + YGL096W + YPL181W,0.112396240234375,0.09927375512795161,0.02935791015625,0.251953125,True,False,1,3,0.02935791015625,0.251953125,0.055877685546875
87,YER059W + YPL089C + YGR262C,0.11226145426432292,0.14792710453906752,-0.00640106201171875,0.32080078125,False,False,1,2,0.32080078125,-0.00640106201171875,0.0223846435546875
88,YER059W + YGL006W + YPL181W,0.112030029296875,0.09159164957987152,0.016876220703125,0.2357177734375,True,False,1,3,0.08349609375,0.2357177734375,0.016876220703125
89,YER059W + YGR121C + YPR145W,0.11191304524739583,0.15969261672003426,-0.01171875,0.33740234375,False,False,1,3,0.33740234375,0.0100555419921875,-0.01171875
90,YER059W + YGR121C + YPL274W,0.11102294921875,0.1376493193420275,0.0110321044921875,0.3056640625,True,False,2,3,0.3056640625,0.0110321044921875,0.0163726806640625
91,YCR033W + YGL096W + YPL089C,0.11079915364583333,0.06338653701381398,0.046142578125,0.1968994140625,True,False,2,3,0.08935546875,0.046142578125,0.1968994140625
92,YER059W + YGL060W + YLR260W,0.11069234212239583,0.12704950509231475,0.0045013427734375,0.289306640625,True,False,1,2,0.289306640625,0.0045013427734375,0.03826904296875
93,YGL096W + YGR193C + YLR386W,0.11031087239583333,0.044085704579244,0.07232666015625,0.172119140625,True,False,1,3,0.07232666015625,0.08648681640625,0.172119140625
94,YGL197W + YJL187C + YPL256C,0.11014811197916667,0.015366428070532989,0.0970458984375,0.1317138671875,True,False,2,3,0.1317138671875,0.1016845703125,0.0970458984375
95,YGL096W + YKL160W + YPL089C,0.1099853515625,0.05479318760500271,0.06414794921875,0.18701171875,True,False,2,3,0.07879638671875,0.06414794921875,0.18701171875
96,YGL158W + YLR386W + YPL177C,0.10993448893229167,0.06646179388268365,0.043365478515625,0.20068359375,True,False,1,3,0.08575439453125,0.043365478515625,0.20068359375
97,YCL009C + YER059W + YGR121C,0.1098175048828125,0.13716369218210123,0.0078887939453125,0.3037109375,True,False,1,3,0.3037109375,0.0078887939453125,0.017852783203125
98,YIL006W + YLR386W + YPL177C,0.10976155598958333,0.07060295324445046,0.04046630859375,0.2066650390625,True,False,2,3,0.0821533203125,0.04046630859375,0.2066650390625
99,YGR121C + YHR003C + YPL089C,0.109344482421875,0.058054011664770803,0.032806396484375,0.17333984375,True,False,3,3,0.032806396484375,0.17333984375,0.12188720703125
100,YBR028C + YER059W + YOR171C,0.10854339599609375,0.10524372445717674,-0.01470184326171875,0.242431640625,False,False,2,3,0.242431640625,0.097900390625,-0.01470184326171875
101,YER059W + YGR121C + YIL145C,0.10807100931803386,0.1437392722052806,0.0018558502197265625,0.311279296875,True,False,1,3,0.311279296875,0.0018558502197265625,0.011077880859375
102,YGL060W + YKR028W + YPL177C,0.10756429036458333,0.06874524759955995,0.0465087890625,0.20361328125,True,False,2,3,0.07257080078125,0.0465087890625,0.20361328125
103,YBR028C + YER059W + YHL003C,0.10750325520833333,0.015618031325301922,0.08599853515625,0.12261962890625,True,False,1,2,0.12261962890625,0.08599853515625,0.1138916015625
104,YER059W + YGL060W + YLR180W,0.10738372802734375,0.11171166176167342,-0.01360321044921875,0.255859375,False,False,1,3,0.255859375,-0.01360321044921875,0.07989501953125
105,YER059W + YGR123C + YPL181W,0.107177734375,0.09382345712587326,0.0120849609375,0.23486328125,True,False,1,3,0.23486328125,0.0120849609375,0.0745849609375
106,YBR001C + YGR279C + YHR003C,0.10692342122395833,0.10344143474089275,0.01641845703125,0.251708984375,True,False,3,3,0.01641845703125,0.052642822265625,0.251708984375
107,YER059W + YGL006W + YGR193C,0.10677591959635417,0.10880688899439878,0.0113677978515625,0.259033203125,True,False,0,3,0.0499267578125,0.259033203125,0.0113677978515625
108,YER059W + YGR121C + YKR067W,0.106353759765625,0.036207388477961865,0.057281494140625,0.1435546875,True,False,1,3,0.11822509765625,0.057281494140625,0.1435546875
109,YER059W + YIL006W + YPL089C,0.10545921325683594,0.0858706089996337,-0.0020427703857421875,0.2081298828125,False,False,2,3,0.11029052734375,-0.0020427703857421875,0.2081298828125
110,YER059W + YPL181W + YLR260W,0.10517120361328125,0.16473958075209855,-0.0134735107421875,0.338134765625,False,False,1,2,0.338134765625,-0.00914764404296875,-0.0134735107421875
111,YCR026C + YJL187C + YPL256C,0.10454305013020833,0.04951718400749466,0.036285400390625,0.1522216796875,True,False,2,3,0.036285400390625,0.1251220703125,0.1522216796875
112,YER059W + YKR067W + YPL181W,0.10272216796875,0.020543627270752745,0.07440185546875,0.12249755859375,True,False,1,3,0.12249755859375,0.07440185546875,0.11126708984375
113,YER059W + YPL181W + YIR026C,0.102425217628479,0.12301218946006134,-0.00018894672393798828,0.275390625,False,False,1,2,0.275390625,-0.00018894672393798828,0.032073974609375
114,YCR033W + YGL096W + YGR193C,0.10239664713541667,0.041760488023361554,0.04339599609375,0.1341552734375,True,False,1,3,0.04339599609375,0.1341552734375,0.129638671875
115,YER059W + YGL096W + YGR193C,0.101318359375,0.03616685380682161,0.07562255859375,0.1524658203125,True,False,0,3,0.1524658203125,0.07562255859375,0.07586669921875
116,YBR028C + YER059W + YGL006W,0.100006103515625,0.07892406234247663,0.031494140625,0.2105712890625,True,False,1,3,0.057952880859375,0.2105712890625,0.031494140625
117,YBR028C + YCR033W + YER059W,0.09955342610677083,0.08435984921169502,0.0171051025390625,0.2154541015625,True,False,2,3,0.2154541015625,0.0171051025390625,0.06610107421875
118,YDR213W + YGL096W + YLR386W,0.09932454427083333,0.06571687865373028,0.052398681640625,0.1922607421875,True,False,1,3,0.1922607421875,0.053314208984375,0.052398681640625
119,YDR287W + YER059W + YPL181W,0.09883626302083333,0.09990484177163675,-0.02972412109375,0.2138671875,False,False,1,3,0.2138671875,-0.02972412109375,0.11236572265625
120,YBR001C + YPL181W + YEL012W,0.09879175821940105,0.10895635677450324,-0.004314422607421875,0.24951171875,False,False,1,2,-0.004314422607421875,0.24951171875,0.051177978515625
121,YBR229C + YGL060W + YGR121C,0.09869766235351562,0.13011506083989283,-0.007083892822265625,0.281982421875,False,False,3,3,0.281982421875,-0.007083892822265625,0.0211944580078125
122,YER059W + YIL006W + YHL003C,0.09851582845052083,0.06026044427472128,0.0133209228515625,0.1429443359375,True,False,0,2,0.1392822265625,0.0133209228515625,0.1429443359375
123,YCR033W + YGL096W + YGR121C,0.09830538431803386,0.0760494106441802,0.0022525787353515625,0.188232421875,True,False,3,3,0.10443115234375,0.0022525787353515625,0.188232421875
124,YER059W + YPL177C + YHL003C,0.09816487630208333,0.018598026278986712,0.073974609375,0.11920166015625,True,False,0,2,0.073974609375,0.101318359375,0.11920166015625
125,YBR028C + YDR287W + YER059W,0.09804598490397136,0.07287682706911493,-0.0013332366943359375,0.17138671875,False,False,1,3,0.17138671875,-0.0013332366943359375,0.12408447265625
126,YGL096W + YHR031C + YPL181W,0.09795125325520833,0.05412860849241138,0.052886962890625,0.174072265625,True,False,1,3,0.052886962890625,0.06689453125,0.174072265625
127,YDR507C + YGL096W + YLR386W,0.097747802734375,0.03893861995625302,0.042694091796875,0.1263427734375,True,False,2,3,0.1263427734375,0.042694091796875,0.12420654296875
128,YBR028C + YER059W + YKR067W,0.09718831380208333,0.031020287121433853,0.067138671875,0.139892578125,True,False,1,3,0.08453369140625,0.067138671875,0.139892578125
129,YBR028C + YER059W + YGR123C,0.09698486328125,0.08223237630990855,0.018585205078125,0.2105712890625,True,False,1,3,0.2105712890625,0.018585205078125,0.061798095703125
130,YLR386W + YPL177C + YEL051W,0.09661865234375,0.0441561410015729,0.0645751953125,0.1590576171875,True,False,1,2,0.0645751953125,0.06622314453125,0.1590576171875
131,YGR121C + YKR028W + YPL177C,0.09660847981770833,0.07611655946538796,0.013458251953125,0.1973876953125,True,False,3,3,0.0789794921875,0.013458251953125,0.1973876953125
132,YER059W + YGL060W + YOR371C,0.09613037109375,0.028644980793606528,0.06378173828125,0.1334228515625,True,False,2,3,0.1334228515625,0.06378173828125,0.0911865234375
133,YER059W + YPL089C + YNL229C,0.09534708658854167,0.10902620608097283,-0.043914794921875,0.2222900390625,False,False,1,2,0.107666015625,-0.043914794921875,0.2222900390625
134,YGR044C + YJL187C + YPL256C,0.095245361328125,0.04602546564003383,0.038055419921875,0.1507568359375,True,False,1,3,0.038055419921875,0.096923828125,0.1507568359375
135,YBR001C + YER059W + YHL003C,0.09515380859375,0.036894157465664774,0.06396484375,0.14697265625,True,False,0,2,0.06396484375,0.14697265625,0.07452392578125
136,YGL096W + YIL006W + YLR386W,0.09508260091145833,0.05324959923601352,0.036590576171875,0.1654052734375,True,False,2,3,0.083251953125,0.036590576171875,0.1654052734375
137,YER059W + YFL054C + YGL060W,0.095062255859375,0.07973282886745099,0.024658203125,0.20654296875,True,False,1,3,0.20654296875,0.024658203125,0.053985595703125
138,YER059W + YGR121C + YOR371C,0.09501139322916667,0.0711128693560288,0.0225830078125,0.191650390625,True,False,2,3,0.191650390625,0.0225830078125,0.07080078125
139,YGL096W + YIL006W + YNL229C,0.0948638916015625,0.13909776917677008,-0.016082763671875,0.291015625,False,False,0,2,0.0096588134765625,-0.016082763671875,0.291015625
140,YCL009C + YER059W + YGL060W,0.09484608968098958,0.08748303501833732,0.00737762451171875,0.21435546875,True,False,1,3,0.21435546875,0.00737762451171875,0.06280517578125
141,YCR033W + YGL096W + YKR067W,0.09471638997395833,0.04341344993567522,0.033355712890625,0.127197265625,True,False,1,3,0.127197265625,0.033355712890625,0.12359619140625
142,YCR033W + YGL096W + YNL229C,0.09445699055989583,0.1296160632923647,-0.010345458984375,0.277099609375,False,False,1,2,0.0166168212890625,-0.010345458984375,0.277099609375
143,YER059W + YIL145C + YPL181W,0.09331639607747395,0.1323985139275764,-0.0035762786865234375,0.280517578125,False,False,1,3,0.280517578125,-0.0035762786865234375,0.0030078887939453125
144,YBR028C + YGL096W + YLR386W,0.09309895833333333,0.02134778695058255,0.0692138671875,0.12103271484375,True,False,2,3,0.0692138671875,0.08905029296875,0.12103271484375
145,YER059W + YGL060W + YKR067W,0.09229532877604167,0.05359148749508548,0.035064697265625,0.1639404296875,True,False,1,3,0.077880859375,0.035064697265625,0.1639404296875
146,YBR229C + YGR121C + YHR003C,0.09201304117838542,0.12559196693723207,-0.00896453857421875,0.26904296875,False,False,3,3,0.26904296875,-0.00896453857421875,0.015960693359375
147,YBR229C + YER059W + YPL089C,0.09193929036458333,0.13286948053048345,-0.0203399658203125,0.278564453125,False,False,3,3,0.278564453125,-0.0203399658203125,0.0175933837890625
148,YER059W + YPL089C + YPL256C,0.09184773763020833,0.09407398196219036,0.015380859375,0.224365234375,True,False,2,3,0.224365234375,0.015380859375,0.035797119140625
149,YCR033W + YGL096W + YIR026C,0.09172566731770833,0.02991796114904968,0.061737060546875,0.132568359375,True,False,1,2,0.08087158203125,0.061737060546875,0.132568359375
150,YGL060W + YGR121C + YPL089C,0.09145100911458333,0.06092703503903377,0.0130615234375,0.16162109375,True,False,3,3,0.0130615234375,0.09967041015625,0.16162109375
151,YBR001C + YPL181W + YHL003C,0.09073384602864583,0.05907175317974591,0.0151214599609375,0.1593017578125,True,False,1,2,0.0151214599609375,0.0977783203125,0.1593017578125
152,YAL056W + YER059W + YGL060W,0.09067789713541667,0.06336352888832526,0.031219482421875,0.178466796875,True,False,2,3,0.178466796875,0.062347412109375,0.031219482421875
153,YDL048C + YGL096W + YLR386W,0.09059651692708333,0.04666712373271271,0.0264892578125,0.13623046875,True,False,2,3,0.13623046875,0.0264892578125,0.10906982421875
154,YGR121C + YHR046C + YPL256C,0.09037272135416667,0.006367643791132479,0.0843505859375,0.09918212890625,True,False,1,3,0.08758544921875,0.0843505859375,0.09918212890625
155,YGL096W + YKL160W + YCR020W-B,0.09037272135416667,0.02682550473365934,0.06695556640625,0.1279296875,True,False,1,2,0.1279296875,0.06695556640625,0.07623291015625
156,YER169W + YGL096W + YLR386W,0.09014892578125,0.05295898733878217,0.05194091796875,0.1650390625,True,False,2,3,0.053466796875,0.05194091796875,0.1650390625
157,YDL095W + YER059W + YGR121C,0.08953857421875,0.1556602394594998,-0.0263671875,0.3095703125,False,False,3,3,0.3095703125,-0.0263671875,-0.01458740234375
158,YER059W + YGR123C + YNL229C,0.08950297037760417,0.1050125799920702,-0.0198516845703125,0.231201171875,False,False,0,2,0.057159423828125,-0.0198516845703125,0.231201171875
159,YER059W + YGR121C + YKL127W,0.0894622802734375,0.056405603406428355,0.0215606689453125,0.15966796875,True,False,3,3,0.15966796875,0.0215606689453125,0.087158203125
160,YKR067W + YLR386W + YPL177C,0.089447021484375,0.04278830729935931,0.040740966796875,0.1448974609375,True,False,1,3,0.08270263671875,0.040740966796875,0.1448974609375
161,YBR001C + YER059W + YKR028W,0.08943684895833333,0.018111599137290987,0.06951904296875,0.11334228515625,True,False,2,3,0.06951904296875,0.08544921875,0.11334228515625
162,YDL095W + YKR028W + YPL177C,0.08921305338541667,0.008334571031209407,0.0806884765625,0.10052490234375,True,False,3,3,0.10052490234375,0.08642578125,0.0806884765625
163,YGL096W + YLR386W + YDR523C,0.08891105651855469,0.09355049715140988,0.0019931793212890625,0.21875,True,False,1,2,0.21875,0.0019931793212890625,0.045989990234375
164,YER059W + YGR121C + YLR180W,0.08885955810546875,0.09928442877983616,-0.01293182373046875,0.2235107421875,False,False,1,3,0.2235107421875,-0.01293182373046875,0.055999755859375
165,YER059W + YGR279C + YIL006W,0.08881696065266927,0.10192966746660628,0.0007953643798828125,0.231689453125,True,False,2,3,0.033966064453125,0.0007953643798828125,0.231689453125
166,YGL060W + YIL006W + YPL181W,0.08867708841959636,0.11303565585697169,0.0012454986572265625,0.248291015625,True,False,3,3,0.0164947509765625,0.0012454986572265625,0.248291015625
167,YER059W + YHR046C + YPL256C,0.08741251627604167,0.05056105050205991,0.028045654296875,0.151611328125,True,False,0,3,0.028045654296875,0.08258056640625,0.151611328125
168,YER059W + YGL060W + YHR046C,0.0867156982421875,0.0879415708813219,0.0224151611328125,0.2110595703125,True,False,1,3,0.0224151611328125,0.02667236328125,0.2110595703125
169,YGL096W + YLR386W + YER019W,0.08653767903645833,0.02215044128784716,0.057037353515625,0.11041259765625,True,False,1,2,0.057037353515625,0.0921630859375,0.11041259765625
170,YLR386W + YPL177C + YPR065W,0.08620198567708333,0.0016917005620106938,0.0843505859375,0.08843994140625,True,False,2,3,0.08843994140625,0.0858154296875,0.0843505859375
171,YGL096W + YLR386W + YEL051W,0.08550008138020833,0.04285015974798314,0.025177001953125,0.12066650390625,True,False,1,2,0.12066650390625,0.025177001953125,0.11065673828125
172,YBR229C + YCR033W + YGL096W,0.08545939127604167,0.08539297644714557,-0.009368896484375,0.1976318359375,False,False,3,3,0.1976318359375,-0.009368896484375,0.068115234375
173,YGL096W + YPL089C + YER019W,0.08498128255208333,0.06932329381959094,0.023040771484375,0.1817626953125,True,False,0,2,0.023040771484375,0.050140380859375,0.1817626953125
174,YCL009C + YER059W + YPL089C,0.08489926656087239,0.11616029775061783,-0.0032672882080078125,0.2490234375,False,False,1,3,0.2490234375,-0.0032672882080078125,0.008941650390625
175,YBR229C + YGR121C + YPL181W,0.08487192789713542,0.12053690896243406,-0.01335906982421875,0.254638671875,False,False,2,3,0.254638671875,-0.01335906982421875,0.013336181640625
176,YCR033W + YGL096W + YKL166C,0.08481852213541667,0.03653048290404145,0.058319091796875,0.136474609375,True,False,2,3,0.059661865234375,0.058319091796875,0.136474609375
177,YCR033W + YDR213W + YGL096W,0.08479817708333333,0.042062318873444526,0.048736572265625,0.143798828125,True,False,1,3,0.143798828125,0.048736572265625,0.061859130859375
178,YAL056W + YER059W + YPL181W,0.08464558919270833,0.09719606799423058,0.008209228515625,0.2218017578125,True,False,2,3,0.2218017578125,0.02392578125,0.008209228515625
179,YGL096W + YPL181W + YER019W,0.08447265625,0.05341856012941044,0.0311279296875,0.157470703125,True,False,0,2,0.0311279296875,0.0648193359375,0.157470703125
180,YER059W + YKL166C + YPL181W,0.08443196614583333,0.06496240440491947,0.01007080078125,0.1683349609375,True,False,2,3,0.1683349609375,0.01007080078125,0.07489013671875
181,YGL096W + YHR046C + YPL256C,0.084136962890625,0.03755167837449267,0.041229248046875,0.1326904296875,True,False,0,3,0.041229248046875,0.0784912109375,0.1326904296875
182,YER059W + YGL006W + YHR003C,0.08411661783854167,0.07522312629729239,0.01556396484375,0.1888427734375,True,False,1,3,0.047943115234375,0.1888427734375,0.01556396484375
183,YLR014C + YLR386W + YPL177C,0.08396148681640625,0.10274213161334762,-0.00443267822265625,0.22802734375,False,False,2,3,0.028289794921875,-0.00443267822265625,0.22802734375
184,YER059W + YGR121C + YHL016C,0.08383687337239583,0.09142887157295342,0.0096893310546875,0.212646484375,True,False,1,3,0.212646484375,0.0291748046875,0.0096893310546875
185,YBR028C + YCR033W + YGL096W,0.08382161458333333,0.03816604612139596,0.051727294921875,0.137451171875,True,False,2,3,0.051727294921875,0.062286376953125,0.137451171875
186,YCR033W + YGL096W + YPL256C,0.083587646484375,0.021757913197730107,0.058868408203125,0.11181640625,True,False,2,3,0.058868408203125,0.080078125,0.11181640625
187,YER059W + YGL096W + YGR121C,0.08343505859375,0.009543499397163627,0.0712890625,0.0946044921875,True,False,2,3,0.0946044921875,0.0712890625,0.08441162109375
188,YBR001C + YGL096W + YER019W,0.082916259765625,0.03759171905538592,0.046051025390625,0.134521484375,True,False,0,2,0.046051025390625,0.06817626953125,0.134521484375
189,YER059W + YIL145C + YPL089C,0.08285140991210938,0.11888243552372246,-0.0012149810791015625,0.2509765625,False,False,1,3,0.2509765625,-0.0012149810791015625,-0.0012073516845703125
190,YDR287W + YER059W + YIL006W,0.08285013834635417,0.06513019399135635,-0.0074310302734375,0.143798828125,False,False,0,3,0.143798828125,-0.0074310302734375,0.1121826171875
191,YER059W + YGL060W + YIL145C,0.08277193705240886,0.10549724591280821,0.0023441314697265625,0.2318115234375,True,False,1,3,0.2318115234375,0.0023441314697265625,0.01416015625
192,YGL096W + YLR386W + YPR015C,0.08275349934895833,0.05969842742777306,0.007843017578125,0.1539306640625,True,False,1,3,0.1539306640625,0.007843017578125,0.08648681640625
193,YDR287W + YER059W + YPL089C,0.08265177408854167,0.08367045949155509,-0.030914306640625,0.168212890625,False,False,1,3,0.168212890625,-0.030914306640625,0.11065673828125
194,YGL096W + YKR067W + YLR386W,0.08263651529947917,0.053342271152283266,0.0082855224609375,0.130859375,True,False,1,3,0.1087646484375,0.0082855224609375,0.130859375
195,YDR122W + YHL029C + YPL256C,0.08256022135416667,0.007545409048570473,0.07427978515625,0.092529296875,True,False,2,3,0.07427978515625,0.08087158203125,0.092529296875
196,YER059W + YGL096W + YNL229C,0.08238983154296875,0.15314612584998222,-0.05584716796875,0.2958984375,False,False,0,2,0.00711822509765625,-0.05584716796875,0.2958984375
197,YDR213W + YER059W + YPL181W,0.08237457275390625,0.09776514796453906,0.00728607177734375,0.220458984375,True,False,1,3,0.220458984375,0.019378662109375,0.00728607177734375
198,YER059W + YHR003C + YPL256C,0.08217366536458333,0.060141205936351666,0.01983642578125,0.1634521484375,True,False,2,3,0.1634521484375,0.063232421875,0.01983642578125
199,YDL095W + YGL096W + YKL160W,0.082122802734375,0.03408601732089489,0.044158935546875,0.1268310546875,True,False,2,3,0.07537841796875,0.1268310546875,0.044158935546875
200,YER059W + YLR386W + YPL177C,0.08209228515625,0.020456158208364293,0.06329345703125,0.11053466796875,True,False,2,3,0.07244873046875,0.06329345703125,0.11053466796875
