query_double,n_triples,n_with_monotone,n_monotone_routes,max_f_triple,n_above_wt,f_query_double
YKR077W+YOR066W,4245,623,868,1.1926,2287,1.0139
YEL060C+YOR003W,922,355,771,1.2044,583,1.067
YGL082W+YPL191C,877,322,1070,1.2523,475,1.0449
YBR078W+YDR055W,879,321,1127,1.2769,522,1.0611
YNL309W+YOL131W,929,321,661,1.3197,722,1.1497
YFR013W+YOL017W,911,318,630,1.2173,519,1.0489
YNL283C+YOL105C,963,312,557,1.2112,579,1.059
YBL089W+YER119C,925,308,641,1.196,394,1.0174
YFR015C+YLR258W,929,306,669,1.1891,507,1.0434
YDL223C+YNL195C,920,301,580,1.2506,627,1.0831
YBL061C+YER096W,868,299,565,1.2932,581,1.0826
YBR177C+YPL095C,840,294,701,1.2044,445,1.042
YHR155W+YNL257C,940,289,606,1.1651,423,1.025
YML118W+YMR285C,894,287,537,1.2456,593,1.0775
YDL127W+YDL179W,946,284,680,1.1685,465,1.0334
YKL065C+YMR040W,867,284,585,1.2166,401,1.0234
YFR023W+YHR015W,932,282,533,1.1565,331,1.0079
YLR456W+YPR172W,936,273,486,1.2603,671,1.0976
YLR187W+YNL278W,952,155,269,1.2009,359,1.0104
YGL134W+YPL219W,873,152,298,1.1394,336,1.0088
YLR174W+YNL009W,901,149,241,1.205,434,1.0339
YCL048W+YDR522C,948,144,333,1.158,395,1.0169
YGR041W+YLR353W,890,134,224,1.1977,352,1.0159
YJR054W+YML047C,901,131,205,1.1683,349,1.0134
YDR379W+YOR127W,868,129,203,1.3748,617,1.104
YEL047C+YJR051W,917,126,211,1.2761,636,1.1002
YIL156W+YKR098C,930,116,186,1.216,549,1.056
YJL116C+YKR042W,906,115,169,1.3193,616,1.0946
YDR222W+YLR225C,882,115,180,1.2169,499,1.053
YDR273W+YOR042W,899,114,194,1.1406,307,1.0054
YBL069W+YER101C,912,112,175,1.1869,507,1.0455
YBL075C+YER103W,911,111,173,1.2083,509,1.0475
YMR175W+YPL223C,882,105,163,1.1935,502,1.0475
YHR146W+YNL173C,912,104,171,1.1846,443,1.0304
YHR047C+YKL157W,872,101,181,1.2566,581,1.08
YDR345C+YHR096C,884,96,156,1.1616,406,1.0244
YBR148W+YOL091W,884,94,134,1.2417,389,1.0214
YCR089W+YNR044W,925,92,141,1.1835,405,1.0214
YGR004W+YLR324W,895,92,141,1.1985,457,1.0369
YDR483W+YPL053C,876,90,131,1.2006,398,1.0238
YBR182C+YPL089C,854,87,151,1.1608,309,1.0104
YDR125C+YLR099C,879,86,137,1.1418,298,1.0044
YBL009W+YGL021W,856,82,130,1.1754,362,1.0204
YJL084C+YKR021W,871,82,135,1.1904,416,1.0274
YFR012W+YOL019W,921,82,129,1.2511,432,1.0279
YGR035C+YLR346C,844,81,123,1.1693,206,0.9923
YHR139C+YNL160W,900,81,121,1.1982,360,1.0169
YDR259C+YOR028C,871,81,133,1.1351,246,0.9937
YFL042C+YLR072W,915,80,128,1.1524,285,0.9973
YDR093W+YER166W,906,79,125,1.1702,381,1.0174
YML100W+YMR261C,912,78,116,1.1689,359,1.0138
YDL204W+YDR233C,923,76,105,1.1477,359,1.0159
YOR214C+YPL130W,864,76,106,1.1955,313,1.004
YBR270C+YJL058C,895,75,111,1.1573,403,1.0234
YAL015C+YOL043C,917,74,115,1.1774,351,1.0133
YGR121C+YPR138C,924,72,94,1.1738,377,1.0134
YKL187C+YLR413W,911,71,111,1.1453,275,0.9973
YDR272W+YOR040W,915,71,112,1.1414,218,0.9846
YJL134W+YKR053C,876,71,118,1.1525,286,1.0009
YBR216C+YGL060W,871,69,93,1.1665,316,1.0088
YAL051W+YOR363C,949,69,102,1.1609,344,1.008
YGR008C+YLR327C,897,68,112,1.1454,229,0.9907
YMR119W+YNL008C,886,64,99,1.1578,330,1.0154
YER067W+YIL057C,929,64,92,1.1735,339,1.0087
YBR214W+YGL056C,877,63,96,1.1316,184,0.9828
YNL288W+YOR268C,441,63,75,1.2375,264,1.087
YCL050C+YDR530C,945,61,102,1.1307,198,0.9783
YLR031W+YMR124W,876,57,81,1.1284,273,1.0003
YMR140W+YMR289W,432,56,86,1.1288,200,1.0396
YDL155W+YLR210W,907,56,90,1.1665,158,0.9713
YIR037W+YKL026C,931,56,78,1.1841,287,0.9938
YDR122W+YLR096W,853,55,83,1.1494,174,0.9808
YDR438W+YML018C,881,53,85,1.1992,250,0.995
YDR505C+YLR177W,895,51,75,1.1698,284,1.0007
YIL085C+YNL029C,918,49,70,1.1432,291,1.0013
YDR151C+YLR136C,889,47,60,1.1465,278,1.0023
YOR114W+YOR304C-A,445,47,70,1.1876,194,1.0384
YGL166W+YPR008W,859,46,67,1.144,250,0.999
YDR458C+YML034W,901,45,61,1.1476,281,0.9969
YJL079C+YKR013W,873,43,56,1.1355,228,0.9913
YCL035C+YDR513W,923,43,56,1.1471,277,0.9918
YJL110C+YKR034W,879,42,57,1.1398,233,0.9917
YPL196W+YPR095C,447,42,51,1.0974,155,1.0157
YFL048C+YLR080W,918,40,58,1.1544,245,0.9903
YDR252W+YPL037C,844,39,57,1.1518,251,0.9987
YDR263C+YOR033C,858,39,57,1.1149,174,0.9778
YDL021W+YOL056W,873,37,57,1.1766,155,0.9622
YMR192W+YPL249C,903,35,46,1.1694,217,0.9863
YOR237W+YPL145C,886,34,57,1.1397,170,0.981
YGR273C+YMR295C,921,33,40,1.1297,242,0.9923
YJR091C+YPR042C,886,30,43,1.1477,208,0.9798
YBR005W+YDR003W,882,29,36,1.1364,185,0.9783
YBR014C+YDL010W,860,28,39,1.1781,96,0.9317
YGR283C+YMR310C,921,28,40,1.1739,246,0.9758
YGR213C+YLR046C,887,26,31,1.1281,199,0.9858
YGR197C+YJR015W,870,26,36,1.1286,165,0.9793
YBR278W+YJL065C,4236,26,47,1.101,165,0.9272
YMR160W+YNL042W-B,455,25,36,1.13,135,1.022
YAL062W+YOR375C,946,25,44,1.1301,144,0.9622
YBR197C+YPL077C,871,24,27,1.1175,196,0.9768
YBL091C-A+YER120W,916,23,33,1.1672,201,0.9718
YDR475C+YOR019W,886,21,22,1.1259,179,0.9833
YCL040W+YDR516C,943,21,28,1.1282,191,0.9808
YGL131C+YMR173W,401,20,20,1.099,110,1.0105
YAL034C+YOR338W,928,19,23,1.1716,166,0.976
YGR174W-A+YIL161W,427,19,24,1.1561,91,1.0005
YDR343C+YHR094C,876,19,25,1.1397,182,0.977
YBR273C+YJL048C,885,19,23,1.1431,152,0.9763
YHR132W-A+YNL157W,907,18,28,1.1396,127,0.9618
YGL001C+YLR102C,363,16,16,1.1202,122,1.0138
YMR222C+YOR280C,900,15,18,1.1105,122,0.968
YBR001C+YDR001C,867,15,18,1.1142,168,0.9748
YDR453C+YML028W,874,15,18,1.129,163,0.9728
YBR020W+YDR009W,881,15,19,1.1185,128,0.9703
YPR066W+YPR193C,431,14,15,1.0924,86,1.0158
YLR292C+YPL085W,404,14,21,1.1112,112,1.0111
YGR225W+YIL065C,456,13,17,1.1161,80,0.9973
YGL086W+YJL030W,411,13,18,1.166,81,0.979
YBL054W+YER088C,902,12,16,1.1477,157,0.9743
YHL024W+YPL054W,394,12,12,1.0911,73,1.0017
YDL130W-A+YDL181W,944,10,14,1.1471,123,0.9603
YHR003C+YKL027W,879,10,13,1.1034,119,0.9638
YNL314W+YOR038C,386,9,9,1.1446,64,0.9974
YDR251W+YPL032C,886,9,10,1.1016,115,0.9578
YLR287C+YOR166C,419,9,9,1.1027,82,0.989
YLR266C+YOR172W,907,9,11,1.1093,95,0.949
YBR066C+YDR043C,855,9,10,1.113,114,0.9653
YDR403W+YOR382W,407,9,9,1.0846,107,1.0099
YOR222W+YPL134C,876,8,10,1.1316,118,0.959
YER054C+YIL045W,925,8,9,1.1125,134,0.9655
YNR049C+YPL259C,428,8,8,1.0945,134,1.0184
YML130C+YMR129W,389,8,12,1.1463,70,0.9844
YDR210W+YOL031C,465,8,9,1.1015,131,1.0076
YBR239C+YMR172W,417,8,9,1.0873,86,0.999
YOL155C+YPR075C,439,8,9,1.0937,136,1.0108
YBL060W+YHR114W,474,7,8,1.1192,67,0.9772
YLL062C+YPL273W,917,7,8,1.1272,75,0.9452
YBR104W+YPR058W,871,6,10,1.1419,94,0.952
YOR165W+YPL244C,379,6,7,1.0591,43,0.99
YLR014C+YPR031W,436,5,7,1.065,60,0.99
YEL025C+YJR039W,911,5,8,1.0868,91,0.9585
YCR073W-A+YNR034W,926,5,5,1.0955,68,0.933
YAL059W+YDR016C,404,4,4,1.0965,74,1.007
YAL056W+YOR371C,4573,4,4,1.0613,51,0.9083
YCL036W+YDR514C,943,4,5,1.0986,105,0.9605
YDR304C+YHR057C,871,4,4,1.1164,56,0.9326
YHR167W+YLR347C,421,4,4,1.1573,45,0.9864
YDR423C+YML007W,874,4,5,1.1193,96,0.9597
YBR172C+YPL105C,867,4,4,1.0857,75,0.9362
YDL079C+YMR139W,888,4,7,1.091,65,0.9472
YJL105W+YKR029C,865,3,4,1.1043,66,0.9366
YGL203C+YNR066C,371,3,3,1.105,40,0.98
YLR432W+YML056C,906,3,3,1.1002,91,0.9482
YDR169C-A+YLR325C,419,2,2,1.075,63,0.9874
YOR227W+YPL137C,874,2,2,1.0779,54,0.936
YGR206W+YLR220W,430,2,4,1.0843,41,0.9678
YIL149C+YKR095W,4439,2,4,1.063,10,0.8307
YJL099W+YKR027W,4294,2,4,1.0675,12,0.8801
YKL191W+YLR172C,421,2,2,1.051,39,0.9752
YJL165C+YKL168C,911,2,3,1.1318,87,0.9553
YDR351W+YHR103W,4165,2,2,1.0671,15,0.87
YLR066W+YNL126W,469,2,2,1.0911,26,0.9537
YGR239C+YHR160C,904,2,2,1.1048,63,0.9307
YIL005W+YKL207W,387,2,3,1.0568,25,0.968
YER059W+YIL050W,918,2,2,1.0834,43,0.9063
YER075C+YHL029C,440,2,3,1.0984,51,0.9789
YER180C-A+YKL101W,410,2,2,1.1029,27,0.9435
YGR136W+YPR154W,896,2,2,1.0896,37,0.905
YBR030W+YOR021C,401,2,3,1.0501,52,0.9801
YOR113W+YPR199C,398,1,1,1.1075,7,0.934
YFR022W+YOR018W,916,1,1,1.0617,49,0.9432
YPL245W+YPR128C,420,1,1,1.0933,48,0.9781
YDL091C+YML088W,436,1,1,1.047,21,0.97
YER132C+YGL197W,894,1,1,1.0825,21,0.8535
YDL058W+YDL195W,349,1,1,1.1483,19,0.9688
YGR166W+YHR181W,442,1,1,1.1387,19,0.9484
YDR185C+YLR168C,892,1,1,1.0836,11,0.8956
YBR241C+YGL104C,882,1,1,1.1092,85,0.9382
YHR030C+YKL161C,868,1,1,1.1217,17,0.8665
YHL015W-A+YKL214C,432,1,1,1.0556,23,0.9663
YLR021W+YOR215C,409,1,1,1.0673,5,0.919
YLL038C+YOR075W,383,1,1,1.094,7,0.948
YMR291W+YPL099C,371,1,1,1.0682,29,0.9655
YNL281W+YPR098C,475,1,1,1.0944,170,1.0231
YDR085C+YER158C,896,1,2,1.0946,29,0.925
YOR184W+YPR129W,400,0,0,0.8182,0,0.688
YBR044C+YGR234W,433,0,0,0.9851,0,0.9117
YOR144C+YPL194W,404,0,0,0.6851,0,0.502
YBR086C+YOR079C,425,0,0,0.9869,0,0.8932
YBR070C+YHR188C,401,0,0,1.1009,5,0.911
YBR054W+YDR033W,856,0,0,1.0897,49,0.9372
YOR189W+YPR017C,426,0,0,0.9795,0,0.878
YCR026C+YEL016C,929,0,0,0.7413,0,0.5998
YOR009W+YOR336W,437,0,0,1.0585,17,0.9297
YBR024W+YBR037C,908,0,0,0.984,0,0.8104
YMR198W+YPL253C,4214,0,0,0.7768,0,0.6165
YFR021W+YNL325C,388,0,0,1.0094,1,0.9153
YFR017C+YOL024W,921,0,0,1.0674,8,0.9066
YGL093W+YKL052C,400,0,0,1.0269,3,0.8635
YGL016W+YGL241W,465,0,0,0.9421,0,0.8354
YGL137W+YOR164C,402,0,0,0.9357,0,0.802
YER072W+YLR410W,448,0,0,0.8832,0,0.7861
YER106W+YFL003C,394,0,0,1.0109,2,0.9199
YMR195W+YPL250C,890,0,0,1.0641,11,0.887
YAL028W+YOR324C,933,0,0,0.8806,0,0.7558
YCL024W+YDR507C,918,0,0,1.1365,11,0.8556
YCR008W+YJL170C,437,0,0,0.9406,0,0.828
YCR010C+YNR002C,916,0,0,0.9871,0,0.844
YFL028C+YMR061W,385,0,0,1.0426,27,0.974
YCR048W+YNR019W,4383,0,0,0.4572,0,0.3408
YPL160W+YPR160W,397,0,0,1.0761,2,0.8774
YBR043C+YMR026C,439,0,0,0.9478,0,0.8547
YCL005W+YLR329W,395,0,0,0.9616,0,0.8529
YBR259W+YJL047C,885,0,0,0.9774,0,0.8034
YFL045C+YJL097W,386,0,0,1.0439,11,0.93
YCL011C+YNL004W,932,0,0,0.8677,0,0.7423
YGL212W+YMR315W,397,0,0,0.7801,0,0.693
YGL155W+YJR088C,404,0,0,1.0326,3,0.9242
YGL161C+YPR133C,410,0,0,0.9089,0,0.8077
YGL175C+YNL273W,439,0,0,1.0747,27,0.9423
YGR002C+YKL038W,379,0,0,1.0337,4,0.9057
YGR027C+YLR333C,852,0,0,0.618,0,0.524
YGR071C+YLR373C,4028,0,0,1.003,1,0.7453
YGR097W+YPR115W,922,0,0,0.8529,0,0.7127
YGR138C+YPR156C,893,0,0,1.0542,16,0.908
YGL213C+YPR189W,411,0,0,1.0678,8,0.9196
YGL231C+YHR144C,407,0,0,0.9119,0,0.8007
YGL249W+YML066C,415,0,0,1.0537,5,0.9383
YDR134C+YLR110C,852,0,0,0.8859,0,0.7218
YDR130C+YLL049W,411,0,0,1.0544,2,0.8572
YDR096W+YER169W,871,0,0,0.5714,0,0.4436
YDR147W+YLR133W,870,0,0,1.0594,10,0.917
YCR095C+YDR067C,449,0,0,0.965,0,0.8947
YDL017W+YHR154W,420,0,0,0.9348,0,0.8182
YCR075W-A+YNR034W-A,932,0,0,1.0739,4,0.8906
YER129W+YGL179C,899,0,0,0.9943,0,0.846
YER164W+YMR033W,418,0,0,0.9909,0,0.8459
YFL008W+YMR117C,400,0,0,0.8873,0,0.6436
YFL009W+YLR368W,415,0,0,0.9911,0,0.924
YFL025C+YOR085W,479,0,0,0.6954,0,0.5484
YAR003W+YBR258C,459,0,0,0.979,0,0.8791
YBL064C+YDL230W,463,0,0,1.0998,99,0.9998
YAR002W+YML107C,440,0,0,0.5972,0,0.5128
YAR002C-A+YGL002W,889,0,0,1.0433,7,0.8705
YDR422C+YIL033C,460,0,0,0.9434,0,0.8505
YDR406W+YOR153W,880,0,0,1.0546,9,0.902
YDR402C+YPR007C,381,0,0,1.0433,1,0.9215
YDR379C-A+YHR083W,441,0,0,1.0365,4,0.95
YGR169C-A+YJR005C-A,902,0,0,1.0834,53,0.9347
YGR141W+YPR157W,906,0,0,1.0902,36,0.9183
YDL082W+YMR142C,917,0,0,0.9672,0,0.769
YDL088C+YMR153W,875,0,0,0.5333,0,0.4094
YCR069W+YNR028W,920,0,0,1.0338,12,0.8946
YGR196C+YHR101C,471,0,0,1.0717,5,0.9228
YGR202C+YJL192C,439,0,0,1.0624,16,0.963
YGR187C+YMR023C,424,0,0,1.0049,1,0.9134
YER064C+YIL056W,929,0,0,1.0631,14,0.9083
YGR179C+YHR166C,362,0,0,0.9788,0,0.7476
YDR469W+YHR119W,440,0,0,1.2677,5,0.8843
YDR492W+YOL101C,925,0,0,1.0502,4,0.8941
YHR036W+YIL016W,466,0,0,1.0055,1,0.7419
YHR039C+YOR132W,429,0,0,0.9105,0,0.785
YHR067W+YPL115C,451,0,0,0.7935,0,0.6764
YHR079C-A+YIL046W-A,446,0,0,1.0211,5,0.9468
YHR082C+YKR048C,400,0,0,0.9594,0,0.8249
YHR119W+YOL053W,415,0,0,1.02,1,0.891
YHR121W+YJL124C,437,0,0,0.9428,0,0.7986
YHR131C+YNL144C,898,0,0,1.0393,2,0.8836
YHR142W+YKL116C,393,0,0,1.0175,1,0.925
YHR156C+YJR050W,412,0,0,0.9512,0,0.852
YHR165C+YJL154C,439,0,0,1.0311,3,0.8909
YGR206W+YLR119W,445,0,0,1.0133,1,0.8982
YHL002W+YLR360W,447,0,0,0.9568,0,0.817
YGR248W+YHR163W,902,0,0,0.998,0,0.866
YEL006W+YIL006W,923,0,0,1.0693,2,0.8048
YER002W+YIL064W,507,0,0,1.0301,5,0.9323
YIL117C+YNL058C,932,0,0,1.062,43,0.9262
YIL113W+YNL053W,918,0,0,0.9696,0,0.8195
YJL005W+YOL110W,414,0,0,0.9425,0,0.8361
YIL151C+YKR096W,944,0,0,0.7853,0,0.6475
YJL045W+YKL148C,876,0,0,1.0414,7,0.8791
YJL098W+YKR028W,861,0,0,0.6928,0,0.4902
YBR087W+YDR386W,387,0,0,0.9818,0,0.8563
YIR006C+YMR036C,392,0,0,1.0205,1,0.7745
YBR098W+YOL034W,478,0,0,1.0013,1,0.9127
YBR152W+YKL074C,380,0,0,0.9703,0,0.8812
YDR178W+YLR164W,889,0,0,1.0468,13,0.912
YDR170C+YNL041C,398,0,0,1.3234,3,0.8852
YDR179C+YOL117W,389,0,0,1.0289,26,0.9715
YDR254W+YIL144W,415,0,0,0.9262,0,0.827
YDR279W+YJL092W,412,0,0,0.9509,0,0.8398
YJL030W+YOR195W,427,0,0,0.9343,0,0.801
YDR294C+YIL101C,466,0,0,1.0637,31,0.9488
YDR310C+YHR004C,426,0,0,0.972,0,0.8196
YDR358W+YHR108W,843,0,0,0.8972,0,0.7085
YDR316W+YNR022C,411,0,0,0.9534,0,0.8964
YDR363W+YMR025W,420,0,0,0.9537,0,0.8474
YBR203W+YMR174C,424,0,0,1.0058,4,0.9412
YBR229C+YLR305C,407,0,0,1.0436,2,0.898
YBR250W+YDR363W,419,0,0,0.9976,0,0.8774
YJL112W+YKR036C,876,0,0,0.928,0,0.7422
YJL123C+YOL111C,436,0,0,0.9034,0,0.8129
YJL137C+YKR058W,887,0,0,1.0668,4,0.8671
YHR193C+YMR070W,395,0,0,0.8451,0,0.721
YHR199C-A+YOR216C,424,0,0,1.1356,9,0.911
YIL111W+YNL052W,916,0,0,0.8582,0,0.7121
YHL022C+YMR152W,447,0,0,0.9854,0,0.9183
YHR012W+YJL053W,411,0,0,0.9994,0,0.8873
YJR074W+YLR018C,472,0,0,0.8455,0,0.703
YJR053W+YPL241C,490,0,0,0.7945,0,0.6953
YJL164C+YKL166C,896,0,0,0.9907,0,0.8255
YJL147C+YOR335C,416,0,0,0.9437,0,0.8478
YJL139C+YKR061W,877,0,0,1.0004,1,0.832
YJR130C+YML082W,907,0,0,1.0849,67,0.9444
YJR082C+YNL136W,416,0,0,0.9799,0,0.7834
YJR084W+YPL003W,381,0,0,1.0461,13,0.949
YKL062W+YMR037C,866,0,0,0.9821,0,0.8069
YKL093W+YMR081C,893,0,0,1.0152,3,0.8585
YKL105C+YMR086W,888,0,0,1.0275,1,0.8214
YKL133C+YMR115W,906,0,0,0.8878,0,0.7727
YKL193C+YLR263W,388,0,0,1.0764,4,0.9349
YJR140C+YOR064C,437,0,0,1.0614,11,0.9346
YJR125C+YNL051W,416,0,0,0.9473,0,0.6769
YJR127C+YML081W,926,0,0,0.9368,0,0.8008
YKR056W+YLR363W-A,400,0,0,0.9697,0,0.8787
YKL209C+YNL078W,409,0,0,1.0273,8,0.9542
YLL012W+YLR020C,938,0,0,0.992,0,0.7868
YKR084C+YOR076C,4237,0,0,1.0748,13,0.8626
YLL023C+YML103C,410,0,0,0.7856,0,0.6672
YLL061W+YPL274W,932,0,0,0.8872,0,0.7182
YLR059C+YOR017W,415,0,0,0.9032,0,0.7787
YLR085C+YOR023C,464,0,0,0.9504,0,0.7285
YLR119W+YNL294C,447,0,0,0.8879,0,0.7987
YLR135W+YLR383W,443,0,0,0.9659,0,0.8472
YLR196W+YNL255C,450,0,0,0.8218,0,0.7344
YLR200W+YNL153C,468,0,0,0.8811,0,0.7092
YLR224W+YPL170W,434,0,0,1.0196,5,0.938
YKL206C+YLR199C,405,0,0,1.0235,5,0.9465
YKL010C+YMR067C,415,0,0,1.055,14,0.965
YKL051W+YOL063C,363,0,0,1.0421,23,0.9747
YLR299W+YOR242C,436,0,0,1.0701,5,0.916
YLR288C+YMR019W,416,0,0,1.0397,7,0.9489
YLR262C-A+YPR078C,453,0,0,0.9999,0,0.8848
YLR394W+YPR065W,425,0,0,0.8978,0,0.8015
YMR028W+YOR313C,400,0,0,0.8954,0,0.755
YMR055C+YOR269W,409,0,0,0.8379,0,0.59
YML111W+YMR275C,894,0,0,0.5743,0,0.4536
YML108W+YPL046C,408,0,0,0.9686,0,0.8855
YMR234W+YOR057W,406,0,0,1.0696,10,0.9305
YMR075W+YPR023C,411,0,0,1.1456,138,1.0313
YMR296C+YOR027W,414,0,0,0.934,0,0.8038
YNL298W+YOL113W,933,0,0,0.9844,0,0.7012
YNL307C+YOL128C,963,0,0,1.0782,19,0.8931
YNL321W+YPL183C,464,0,0,1.0169,1,0.8912
YNL322C+YOR002W,452,0,0,0.8818,0,0.7256
YMR004W+YPR079W,413,0,0,0.9583,0,0.8797
YOL090W+YOR368W,436,0,0,1.0229,7,0.9423
YDL099W+YFR051C,399,0,0,1.1568,2,0.903
YDR162C+YHR137W,428,0,0,1.0132,1,0.7285
YDL112W+YDR108W,366,0,0,0.9892,0,0.881
YOR233W+YPL141C,883,0,0,0.7107,0,0.593
YOR264W+YPL260W,380,0,0,0.8154,0,0.7192
YOR275C+YPR106W,449,0,0,1.0888,11,0.921
YOR193W+YPL112C,877,0,0,1.0237,7,0.897
YOR352W+YPR118W,453,0,0,1.0097,2,0.9345
YPL147W+YPR155C,427,0,0,1.0402,14,0.955
YDL170W+YOR032C,431,0,0,1.0351,4,0.9463
YDL142C+YLR348C,420,0,0,0.9685,0,0.8224
YDL203C+YIL014W,417,0,0,1.001,1,0.913
YDL213C+YKR060W,421,0,0,0.8911,0,0.7826
YDR049W+YLL014W,419,0,0,1.0,0,0.8248
YMR182C+YPL230W,891,0,0,1.06,4,0.8806
