project,run_id,name,state,created_at,model/num_go_terms,model/num_subsystems,model/params_total,model/params_dcell,model/params_dcell_linear,model/params_subsystems
torchcell_006-kuzmin-tmi_dcell,dttu9dx2,run_compute-5-7-1921740_312423c94deffc4b4513b5b74e6c88dd1c6c019db547eec9689eeed078706cde,finished,2025-09-06T12:52:13Z,2655.0,2655.0,20613037.0,20613037.0,64084.0,20548953.0
torchcell_006-kuzmin-tmi_dcell,obr9nmy9,run_compute-5-7-1921740_312423c94deffc4b4513b5b74e6c88dd1c6c019db547eec9689eeed078706cde,finished,2025-09-06T12:52:20Z,2655.0,2655.0,20613037.0,20613037.0,64084.0,20548953.0
torchcell_006-kuzmin-tmi_dcell,tjmmnyoy,run_compute-5-7-1921740_312423c94deffc4b4513b5b74e6c88dd1c6c019db547eec9689eeed078706cde,finished,2025-09-06T12:52:28Z,2655.0,2655.0,20613037.0,20613037.0,64084.0,20548953.0
torchcell_006-kuzmin-tmi_dcell,x69dyevg,run_compute-5-7-1921740_312423c94deffc4b4513b5b74e6c88dd1c6c019db547eec9689eeed078706cde,finished,2025-09-06T12:52:35Z,2655.0,2655.0,20613037.0,20613037.0,64084.0,20548953.0
torchcell_006-kuzmin-tmi_dcell,c7248f86,run_compute-5-7-1922684_944a22e8933d111d5d8539f9e3ef5983a5ea173e9f3a6a58619fa08980e49b59,finished,2025-09-07T01:15:31Z,2655.0,2655.0,20613037.0,20613037.0,64084.0,20548953.0
torchcell_006-kuzmin-tmi_dcell,eni948by,run_compute-5-7-1922684_944a22e8933d111d5d8539f9e3ef5983a5ea173e9f3a6a58619fa08980e49b59,finished,2025-09-07T01:15:37Z,2655.0,2655.0,20613037.0,20613037.0,64084.0,20548953.0
torchcell_006-kuzmin-tmi_dcell,fy516knk,run_compute-5-7-1922684_944a22e8933d111d5d8539f9e3ef5983a5ea173e9f3a6a58619fa08980e49b59,finished,2025-09-07T01:15:43Z,2655.0,2655.0,20613037.0,20613037.0,64084.0,20548953.0
torchcell_006-kuzmin-tmi_dcell,lrudrans,run_compute-5-7-1922684_944a22e8933d111d5d8539f9e3ef5983a5ea173e9f3a6a58619fa08980e49b59,finished,2025-09-07T01:15:49Z,2655.0,2655.0,20613037.0,20613037.0,64084.0,20548953.0
torchcell_005-kuzmin2018-tmi_dcell,yxl6x4a7,run_M1-MV.local-43b37ac5-8509-47fa-86df-1eb9e2cc41bc_297eb44f453e8684b24c0625cd5151f9384274d69d1ffc36ba55cc5b7783215a,failed,2025-05-16T02:01:13Z,,,,,,
torchcell_005-kuzmin2018-tmi_dcell,mkl9q289,run_M1-MV.local-89ba0386-1bae-4c99-a280-8258e416a369_434d4e96a6f1cdfdaafd07f6fed1edca2fb30907162c79969dd040f002625ff3,failed,2025-05-16T02:05:02Z,,,,,,
torchcell_005-kuzmin2018-tmi_dcell,z6g5v5x2,run_M1-MV.local-7001403a-68d0-4db0-bfc7-5ba878d093a4_434d4e96a6f1cdfdaafd07f6fed1edca2fb30907162c79969dd040f002625ff3,failed,2025-05-16T02:10:03Z,0.0,0.0,0.0,0.0,0.0,0.0
torchcell_005-kuzmin2018-tmi_dcell,nhxhcyxr,run_M1-MV.local-7bd1f30a-74eb-475c-8893-908444a17311_434d4e96a6f1cdfdaafd07f6fed1edca2fb30907162c79969dd040f002625ff3,failed,2025-05-16T02:29:34Z,0.0,0.0,0.0,0.0,0.0,0.0
torchcell_005-kuzmin2018-tmi_dcell,xvyokdnp,run_M1-MV.local-6b1e95e8-1d12-4e2c-b226-069523669164_434d4e96a6f1cdfdaafd07f6fed1edca2fb30907162c79969dd040f002625ff3,failed,2025-05-16T02:30:58Z,0.0,0.0,0.0,0.0,0.0,0.0
torchcell_005-kuzmin2018-tmi_dcell,mipw85c0,run_M1-MV.local-0159a537-276e-401e-afd2-28793734147a_434d4e96a6f1cdfdaafd07f6fed1edca2fb30907162c79969dd040f002625ff3,failed,2025-05-16T02:32:03Z,0.0,0.0,0.0,0.0,0.0,0.0
torchcell_005-kuzmin2018-tmi_dcell,n5723acl,run_M1-MV.local-d6424081-8d5a-484c-9d01-81919aad44e1_434d4e96a6f1cdfdaafd07f6fed1edca2fb30907162c79969dd040f002625ff3,failed,2025-05-16T02:42:10Z,0.0,0.0,0.0,0.0,0.0,0.0
torchcell_005-kuzmin2018-tmi_dcell,2cnptzr6,run_M1-MV.local-2592846a-1d9a-4f0c-9682-120435b9b9fc_434d4e96a6f1cdfdaafd07f6fed1edca2fb30907162c79969dd040f002625ff3,failed,2025-05-16T02:44:39Z,0.0,0.0,0.0,0.0,0.0,0.0
torchcell_005-kuzmin2018-tmi_dcell,70m7i051,run_M1-MV.local-d6441f6c-baff-4419-8d5a-065ae5d930ee_434d4e96a6f1cdfdaafd07f6fed1edca2fb30907162c79969dd040f002625ff3,crashed,2025-05-16T02:51:36Z,0.0,0.0,0.0,0.0,0.0,0.0
torchcell_005-kuzmin2018-tmi_dcell,1exo0h2u,run_M1-MV.local-84be7a6f-e81e-48db-ae4e-e72b06ba98f5_434d4e96a6f1cdfdaafd07f6fed1edca2fb30907162c79969dd040f002625ff3,failed,2025-05-16T02:55:12Z,0.0,0.0,0.0,0.0,0.0,0.0
torchcell_005-kuzmin2018-tmi_dcell,di4piyba,run_M1-MV.local-35a49eac-503a-4c0f-885d-bafb38e79f5e_434d4e96a6f1cdfdaafd07f6fed1edca2fb30907162c79969dd040f002625ff3,crashed,2025-05-16T02:59:53Z,0.0,0.0,0.0,0.0,0.0,0.0
torchcell_005-kuzmin2018-tmi_dcell,y7cxt09p,run_M1-MV.local-89077545-14b3-4c52-bafd-ab6fdc5d12ee_434d4e96a6f1cdfdaafd07f6fed1edca2fb30907162c79969dd040f002625ff3,failed,2025-05-16T03:05:54Z,0.0,0.0,0.0,0.0,0.0,0.0
torchcell_005-kuzmin2018-tmi_dcell,2omkvlyj,run_M1-MV.local-227d1162-40f6-4bca-b137-32dcce0c379c_434d4e96a6f1cdfdaafd07f6fed1edca2fb30907162c79969dd040f002625ff3,finished,2025-05-16T03:07:38Z,0.0,0.0,0.0,0.0,0.0,0.0
torchcell_005-kuzmin2018-tmi_dcell,jst85wsx,run_M1-MV.local-57926631-7620-42da-8691-5e100bf51d80_a9cd26e9b8c81e51b76d0080d9aef4f836c3860526dd1804c842b39a5afdfb58,failed,2025-05-16T04:31:20Z,0.0,0.0,0.0,0.0,0.0,0.0
torchcell_005-kuzmin2018-tmi_dcell,yz130v6d,run_M1-MV.local-4f03cb4b-b057-414b-b49c-eb2fa7eaf78a_9b5f36660d7a7ebe5e8d2a42087158d4f062afef8ddcbcf3d6106ca7cf7fae70,failed,2025-05-16T04:32:34Z,0.0,0.0,0.0,0.0,0.0,0.0
torchcell_005-kuzmin2018-tmi_dcell,1fslgaim,run_M1-MV.local-42c51677-b259-4a17-9e7a-765e3a73edff_5d6b652b51c2be054750f2deaac5a1f8657fb8b58e094898bf4616976da972a9,finished,2025-05-16T04:35:40Z,0.0,0.0,0.0,0.0,0.0,0.0
torchcell_005-kuzmin2018-tmi_dcell,raywdges,run_M1-MV.local-d310ac76-0c33-47b6-ad86-440c65446e6b_5d6b652b51c2be054750f2deaac5a1f8657fb8b58e094898bf4616976da972a9,crashed,2025-05-16T04:38:17Z,0.0,0.0,0.0,0.0,0.0,0.0
torchcell_005-kuzmin2018-tmi_dcell,bucfi488,run_M1-MV.local-50318ddd-68de-4533-a95a-b996916cdca0_5d6b652b51c2be054750f2deaac5a1f8657fb8b58e094898bf4616976da972a9,failed,2025-05-16T04:50:19Z,0.0,0.0,0.0,0.0,0.0,0.0
torchcell_005-kuzmin2018-tmi_dcell,0nvoehad,run_M1-MV.local-02cbd949-9fef-44f6-862a-695062dd09f3_5d6b652b51c2be054750f2deaac5a1f8657fb8b58e094898bf4616976da972a9,failed,2025-05-16T04:51:47Z,0.0,0.0,0.0,0.0,0.0,0.0
torchcell_005-kuzmin2018-tmi_dcell,y0em4ogu,run_M1-MV.local-0a19e325-7dc6-4178-9a76-819c6da55af0_5d6b652b51c2be054750f2deaac5a1f8657fb8b58e094898bf4616976da972a9,failed,2025-05-16T05:02:56Z,0.0,0.0,0.0,0.0,0.0,0.0
torchcell_005-kuzmin2018-tmi_dcell,0rp8tdzh,run_M1-MV.local-3d183c64-8388-45d3-a27d-a6d4daedb7e8_5d6b652b51c2be054750f2deaac5a1f8657fb8b58e094898bf4616976da972a9,finished,2025-05-16T05:03:54Z,0.0,0.0,0.0,0.0,0.0,0.0
torchcell_005-kuzmin2018-tmi_dcell,dlfydh09,run_M1-MV.local-bbb5b6c6-2d20-41a9-a171-ccb9ab28b23c_5d6b652b51c2be054750f2deaac5a1f8657fb8b58e094898bf4616976da972a9,finished,2025-05-16T05:06:05Z,0.0,0.0,0.0,0.0,0.0,0.0
torchcell_005-kuzmin2018-tmi_dcell,zr9qsaby,run_M1-MV.local-a89434bd-7537-45d9-b33a-46d17e81d478_63dcb9453a3a4f3b3a2348747fdd15524189e1e141178c9bcce818f426fa92f1,finished,2025-05-20T19:12:04Z,0.0,0.0,0.0,0.0,0.0,0.0
torchcell_005-kuzmin2018-tmi_dcell,zznd8bu9,run_M1-MV.local-b6848e22-b6eb-413b-85e2-3a416aee5012_1c9821a104a4a573332fd5ea28bd093c0e676d16c28cd3951a612c76351dba54,failed,2025-05-24T22:00:51Z,,,,,,
torchcell_005-kuzmin2018-tmi_dcell,1i9h768x,run_M1-MV.local-b9028426-f671-4f48-a37e-0709d3813ad2_1c9821a104a4a573332fd5ea28bd093c0e676d16c28cd3951a612c76351dba54,failed,2025-05-24T22:06:48Z,2655.0,2655.0,20613037.0,20613037.0,64084.0,20548953.0
torchcell_005-kuzmin2018-tmi_dcell,3olpdfha,run_M1-MV.local-8a7ef6b1-2874-4ca8-acbd-f8eb930710d7_f177234d91d9babeeb961ca87f7163d574191ca676f5628d8391bb8a34967496,failed,2025-05-24T22:29:31Z,2655.0,2655.0,20613037.0,20613037.0,64084.0,20548953.0
torchcell_005-kuzmin2018-tmi_dcell,zzdni4x7,run_M1-MV.local-5e6dea48-22c3-462b-a1db-56e1867529df_f177234d91d9babeeb961ca87f7163d574191ca676f5628d8391bb8a34967496,finished,2025-05-24T22:38:11Z,2655.0,2655.0,20613037.0,20613037.0,64084.0,20548953.0
torchcell_005-kuzmin2018-tmi_dcell,4ipeq1qh,run_compute-5-7-1811673_c1b27d525b9101d708ed35ae2cfe427571316818bc6eb6671d1dc8df1b48c570,finished,2025-06-13T04:41:01Z,2655.0,2655.0,20613037.0,20613037.0,64084.0,20548953.0
torchcell_005-kuzmin2018-tmi_dcell,biucpv7p,run_compute-5-7-1811673_c1b27d525b9101d708ed35ae2cfe427571316818bc6eb6671d1dc8df1b48c570,finished,2025-06-13T04:42:21Z,2655.0,2655.0,20613037.0,20613037.0,64084.0,20548953.0
torchcell_005-kuzmin2018-tmi_dcell,cy3j49sj,run_compute-5-7-1811673_c1b27d525b9101d708ed35ae2cfe427571316818bc6eb6671d1dc8df1b48c570,finished,2025-06-13T04:43:37Z,2655.0,2655.0,20613037.0,20613037.0,64084.0,20548953.0
torchcell_005-kuzmin2018-tmi_dcell,dxa1fngh,run_compute-5-7-1811673_c1b27d525b9101d708ed35ae2cfe427571316818bc6eb6671d1dc8df1b48c570,finished,2025-06-13T04:44:54Z,2655.0,2655.0,20613037.0,20613037.0,64084.0,20548953.0
