gene_set,interaction_type,ffa_type,interaction_score,epistatic_fold,standard_error,p_value,fdr_corrected_p,effect_size,significant_p05,significant_fdr05,ci_lower,ci_upper
FKH1:GCN5,digenic,C140,-0.10080064998306515,0.9041132499138148,0.20894152577115754,0.6298094259177665,0.6780912156960546,0.10080064998306515,False,False,-0.5117901586768654,0.31018885871073515
FKH1:MED4,digenic,C140,-0.8300538685658552,0.4360257976044967,0.19692684742115613,3.208957657916476e-05,8.494299682720084e-05,0.8300538685658552,True,True,-1.2174104171098892,-0.4426973200218211
FKH1:OPI1,digenic,C140,-1.4850288616461493,0.2264958035403969,0.19692684742115601,4.339183020169302e-13,5.884645465709053e-12,1.4850288616461493,True,True,-1.8723854101901831,-1.0976723131021155
FKH1:RFX1,digenic,C140,-1.575162761289111,0.20697386260681686,0.1969268474211562,2.0239228917807027e-14,3.9287914958095997e-13,1.575162761289111,True,True,-1.9625193098331453,-1.1878062127450768
FKH1:RGR1,digenic,C140,-1.821030948182495,0.16185879685572716,0.19692684742115568,2.6690878580674268e-18,1.7615979863245016e-16,1.821030948182495,True,True,-2.208387496726528,-1.4336743996384618
FKH1:RPD3,digenic,C140,-1.3793977219678135,0.25173011893345015,0.1969268474211558,1.345154379103255e-11,1.1382075515489081e-10,1.3793977219678135,True,True,-1.7667542705118469,-0.9920411734237802
FKH1:SPT3,digenic,C140,-1.2928131725751442,0.2744974870895607,0.19692684742115568,1.9614920486128307e-10,1.2945847520844682e-09,1.2928131725751442,True,True,-1.6801697211191773,-0.905456624031111
FKH1:YAP6,digenic,C140,-1.4126077130077044,0.24350745692468823,0.19692684742115615,4.657632630125107e-12,4.520643435121427e-11,1.4126077130077044,True,True,-1.7999642615517386,-1.0252511644636702
FKH1:TFC7,digenic,C140,-1.532897069605902,0.21590925623201118,0.19692684742115574,8.648321015376591e-14,1.4269729675371374e-12,1.532897069605902,True,True,-1.9202536181499354,-1.1455405210618688
GCN5:MED4,digenic,C140,-0.44902364862121225,0.6382510047590443,0.22036712181815,0.042366719740999634,0.06622652462625601,0.44902364862121225,True,False,-0.8824873882681755,-0.01555990897424897
GCN5:OPI1,digenic,C140,-0.4115381911144546,0.6626302139248924,0.20894152577115774,0.04969665600321809,0.07580845830999369,0.4115381911144546,True,False,-0.8225276998082554,-0.0005486824206539231
GCN5:RFX1,digenic,C140,-0.6339064696706096,0.5305153058128932,0.20894152577115738,0.002601186462407027,0.0051918842697237025,0.6339064696706096,True,True,-1.0448959783644096,-0.22291696097680963
GCN5:RGR1,digenic,C140,-0.9108954841679642,0.4021639313060848,0.20894152577115724,1.7318748264612837e-05,4.843378751967996e-05,0.9108954841679642,True,True,-1.3218849928617638,-0.4999059754741645
GCN5:RPD3,digenic,C140,-0.3568413158833137,0.6998835493261242,0.20894152577115682,0.08858190289449679,0.12636323323566545,0.3568413158833137,False,False,-0.7678308245771126,0.05414819281048516
GCN5:SPT3,digenic,C140,-0.24531249048270842,0.7824599887345817,0.2089415257711571,0.24119257610196218,0.29662192588936964,0.24531249048270842,False,False,-0.6563019991765078,0.165677018211091
GCN5:YAP6,digenic,C140,-0.30858539393250917,0.7344852289390463,0.20894152577115715,0.14063397432132468,0.1861332013076356,0.30858539393250917,False,False,-0.7195749026263087,0.10240411476129035
GCN5:TFC7,digenic,C140,-0.4022563102586161,0.6688093010348602,0.20894152577115693,0.055041945870478344,0.08293991843496736,0.4022563102586161,False,False,-0.8132458189524152,0.008733198435182998
MED4:OPI1,digenic,C140,-0.9222232216303048,0.39763402908572626,0.19692684742115615,4.099405234820836e-06,1.2643025490568934e-05,0.9222232216303048,True,True,-1.3095797701743388,-0.5348666730862707
MED4:RFX1,digenic,C140,-1.5075050012515236,0.22146183623448834,0.196926847421156,2.0434642530659975e-13,3.0651963795989964e-12,1.5075050012515236,True,True,-1.8948615497955574,-1.1201484527074899
MED4:RGR1,digenic,C140,-1.460207906367041,0.23218799634844994,0.19692684742115588,9.878160286306674e-13,1.1642117480290009e-11,1.460207906367041,True,True,-1.8475644549110746,-1.0728513578230074
MED4:RPD3,digenic,C140,-0.7586195026731333,0.46831248510039186,0.19692684742115596,0.00013999580105714807,0.0003405303268957656,0.7586195026731333,True,True,-1.145976051217167,-0.37126295412909954
MED4:SPT3,digenic,C140,-1.1036931600029705,0.33164400481965867,0.19692684742115607,4.3376963331607135e-08,1.867095378186568e-07,1.1036931600029705,True,True,-1.4910497085470045,-0.7163366114589365
MED4:YAP6,digenic,C140,-1.0234458068435353,0.35935453798100164,0.19692684742115601,3.509902090312e-07,1.2965683094809253e-06,1.0234458068435353,True,True,-1.410802355387569,-0.6360892582995015
MED4:TFC7,digenic,C140,-0.8615797243825085,0.42249413058728363,0.1969268474211562,1.619035423955468e-05,4.566510170130807e-05,0.8615797243825085,True,True,-1.2489362729265427,-0.4742231758384743
OPI1:RFX1,digenic,C140,-0.5692860818601204,0.5659293217213417,0.19692684742115588,0.004090501213243909,0.007848054653316802,0.5692860818601204,True,True,-0.956642630404154,-0.18192953331608686
OPI1:RGR1,digenic,C140,-0.840754181397225,0.4313850581286875,0.19692684742115596,2.549925172003044e-05,6.878544741915568e-05,0.840754181397225,True,True,-1.2281107299412588,-0.4533976328531913
OPI1:RPD3,digenic,C140,-0.35078552393616835,0.7041347577129269,0.1969268474211559,0.0757615570393934,0.11062528240265408,0.35078552393616835,False,False,-0.7381420724802019,0.036571024607865266
OPI1:SPT3,digenic,C140,-0.2575428821522907,0.7729484799083655,0.19692684742115604,0.19182658080907633,0.2419214203834211,0.2575428821522907,False,False,-0.6448994306963246,0.1298136663917432
OPI1:YAP6,digenic,C140,-0.24826054277544496,0.7801566526166731,0.1969268474211561,0.20829589763116058,0.2603698720389507,0.24826054277544496,False,False,-0.635617091319479,0.13909600576858905
OPI1:TFC7,digenic,C140,-0.12318063304616333,0.8841039497469813,0.1969268474211562,0.5320554275257017,0.5852609702782718,0.12318063304616333,False,False,-0.5105371815901976,0.2641759154978709
RFX1:RGR1,digenic,C140,-1.1376278441548808,0.3205785829207639,0.19692684742115601,1.727119983323695e-08,7.952785039490503e-08,1.1376278441548808,True,True,-1.5249843926989146,-0.750271295610847
RFX1:RPD3,digenic,C140,-0.7333673795370466,0.4802889487960423,0.19692684742115596,0.00022963050471630183,0.0005425637223607132,0.7333673795370466,True,True,-1.1207239280810803,-0.34601083099301283
RFX1:SPT3,digenic,C140,-0.7124265150742991,0.4904526616291076,0.19692684742115607,0.0003425759557299534,0.0007850698985478099,0.7124265150742991,True,True,-1.099783063618333,-0.32506996653026515
RFX1:YAP6,digenic,C140,-0.730720349812142,0.48156197204192014,0.19692684742115607,0.00024166573722958457,0.000569640666326878,0.730720349812142,True,True,-1.118076898356176,-0.343363801268108
RFX1:TFC7,digenic,C140,-0.745511301212713,0.47449162976070186,0.19692684742115588,0.0001813065734373114,0.00043460897748895464,0.745511301212713,True,True,-1.1328678497567466,-0.35815475266867947
RGR1:RPD3,digenic,C140,-1.2015242337327474,0.3007354712371186,0.1969268474211559,2.878964582593811e-09,1.5143751606285286e-08,1.2015242337327474,True,True,-1.588880782276781,-0.8141676851887139
RGR1:SPT3,digenic,C140,-0.8933283944570518,0.4092912005648295,0.19692684742115588,7.962143754063538e-06,2.360036621713444e-05,0.8933283944570518,True,True,-1.2806849430010854,-0.5059718459130182
RGR1:YAP6,digenic,C140,-0.9547674873513777,0.38490162864661925,0.19692684742115615,1.901974612520607e-06,6.2349498887264925e-06,0.9547674873513777,True,True,-1.3421240358954118,-0.5674109388073436
RGR1:TFC7,digenic,C140,-0.7361491257746591,0.4789547633627563,0.19692684742115607,0.0002175929299596513,0.0005166252763672658,0.7361491257746591,True,True,-1.123505674318693,-0.3487925772306251
RPD3:SPT3,digenic,C140,-0.30688668946643327,0.7357339625921501,0.196926847421156,0.12007920106995698,0.16218063991713152,0.30688668946643327,False,False,-0.6942432380104671,0.08046985907760051
RPD3:YAP6,digenic,C140,-0.38864147968888063,0.6779772950774203,0.19692684742115588,0.049249133643149604,0.07535802520358285,0.38864147968888063,True,False,-0.7759980282329142,-0.001284931144847068
RPD3:TFC7,digenic,C140,-0.28861059795529065,0.7493039290821778,0.19692684742115582,0.1436943663606914,0.18942399826509254,0.28861059795529065,False,False,-0.6759671464993241,0.0987459505887428
SPT3:YAP6,digenic,C140,-0.2755209771604285,0.7591765065596416,0.19692684742115601,0.16269903227064716,0.21027681716441343,0.2755209771604285,False,False,-0.6628775257044623,0.11183557138360534
SPT3:TFC7,digenic,C140,-0.34552864763921964,0.7078460533950339,0.19692684742115654,0.08023315133665784,0.11613846769498672,0.34552864763921964,False,False,-0.7328851961832545,0.04182790090481525
YAP6:TFC7,digenic,C140,-0.18101210175862636,0.8344252606215916,0.1969268474211562,0.358654581720245,0.4197021700981591,0.18101210175862636,False,False,-0.5683686503026606,0.20634444678540786
FKH1:GCN5,digenic,C160,0.9252550788799672,2.5225116177393767,0.19714951455797938,3.91404265385104e-06,1.2109069460351654e-05,0.9252550788799672,True,True,0.5374605424499564,1.313049615309978
FKH1:MED4,digenic,C160,0.3193200560401576,1.3761917128979895,0.18581290736354672,0.08662059327923478,0.12374370468462113,0.3193200560401576,False,False,-0.04617529116024305,0.6848154032405582
FKH1:OPI1,digenic,C160,0.9110779435113838,2.487001936603073,0.18581290736354664,1.4670304725335798e-06,4.9232548061296415e-06,0.9110779435113838,True,True,0.5455825963109833,1.2765732907117844
FKH1:RFX1,digenic,C160,0.7600186973122443,2.1383162008887395,0.1858129073635468,5.391798921594476e-05,0.00013937025933103214,0.7600186973122443,True,True,0.3945233501118434,1.125514044512645
FKH1:RGR1,digenic,C160,0.8226654850531707,2.2765598938193397,0.1858129073635463,1.2892303446259996e-05,3.6995305541441724e-05,0.8226654850531707,True,True,0.45717013785277083,1.1881608322535706
FKH1:RPD3,digenic,C160,1.2059768943135392,3.3400203317271493,0.18581290736354641,3.05325519452392e-10,1.9501436403733423e-09,1.2059768943135392,True,True,0.840481547113139,1.5714722415139393
FKH1:SPT3,digenic,C160,0.7664918380937817,2.1522027188966963,0.1858129073635463,4.670646217395857e-05,0.0001216826251374184,0.7664918380937817,True,True,0.40099649089338185,1.1319871852941816
FKH1:YAP6,digenic,C160,0.9283168770919603,2.5302468751560503,0.18581290736354675,9.407088601059608e-07,3.2562999003667874e-06,0.9283168770919603,True,True,0.5628215298915595,1.293812224292361
FKH1:TFC7,digenic,C160,0.9325685870975046,2.541027653242304,0.18581290736354633,8.422027899589526e-07,2.9462217740613534e-06,0.9325685870975046,True,True,0.5670732398971046,1.2980639342979046
GCN5:MED4,digenic,C160,0.8859136445801076,2.425199149639344,0.2079302854262233,2.6464577302421694e-05,7.100252446991186e-05,0.8859136445801076,True,True,0.47691325303763443,1.2949140361225808
GCN5:OPI1,digenic,C160,0.15450385872108705,1.16707878148031,0.19714951455797958,0.4337715722897123,0.49360213398484504,0.15450385872108705,False,False,-0.23329067770892406,0.5422983951510981
GCN5:RFX1,digenic,C160,0.21831197974086142,1.24397510211646,0.19714951455797922,0.26893341443159424,0.3270811797141011,0.21831197974086142,False,False,-0.16948255668914897,0.6061065161708719
GCN5:RGR1,digenic,C160,0.12999664982180176,1.1388245680529914,0.1971495145579791,0.510100114999162,0.5650319194447647,0.12999664982180176,False,False,-0.2577978866082084,0.5177911862518119
GCN5:RPD3,digenic,C160,0.5428540132343367,1.720911363907068,0.19714951455797872,0.006214625548781995,0.01154311312062697,0.5428540132343367,True,True,0.1550594768043273,0.9306485496643461
GCN5:SPT3,digenic,C160,0.3452806393245548,1.4123862351732495,0.19714951455797897,0.08079019271671936,0.11676246830591556,0.3452806393245548,False,False,-0.04251389710545511,0.7330751757545646
GCN5:YAP6,digenic,C160,0.29097310565563317,1.3377286061324347,0.19714951455797902,0.14090151722467745,0.1862383204972372,0.29097310565563317,False,False,-0.09682143077437683,0.6787676420856432
GCN5:TFC7,digenic,C160,1.0642014751175415,2.8985235165531025,0.1971495145579788,1.271818961662343e-07,4.899224793952216e-07,1.0642014751175415,True,True,0.676406938687532,1.451996011547551
MED4:OPI1,digenic,C160,1.546674166425594,4.695826645193266,0.18581290736354675,2.1362977934018877e-15,5.287337038669672e-14,1.546674166425594,True,True,1.1811788192251933,1.9121695136259949
MED4:RFX1,digenic,C160,1.1320738408180926,3.1020830604617498,0.18581290736354658,3.025721055234365e-09,1.5765599182536955e-08,1.1320738408180926,True,True,0.7665784936176923,1.497569188018493
MED4:RGR1,digenic,C160,1.2823684573638938,3.6051683092191324,0.1858129073635465,2.551916020738582e-11,2.021117488424957e-10,1.2823684573638938,True,True,0.9168731101634936,1.647863804564294
MED4:RPD3,digenic,C160,1.5629900585337273,4.773071693432511,0.18581290736354655,1.1525726610179611e-15,3.083910633534545e-14,1.5629900585337273,True,True,1.197494711333327,1.9284854057341276
MED4:SPT3,digenic,C160,1.1836966546440064,3.2664267637525533,0.1858129073635467,6.1657450809571e-10,3.655142293501514e-09,1.1836966546440064,True,True,0.8182013074436059,1.549192001844407
MED4:YAP6,digenic,C160,1.2452519480579574,3.4738099087513605,0.1858129073635466,8.641388133260812e-11,6.1992567042958e-10,1.2452519480579574,True,True,0.8797566008575569,1.6107472952583577
MED4:TFC7,digenic,C160,1.3912988908352804,4.020068293161577,0.1858129073635468,6.155031148165062e-13,8.01773794300449e-12,1.3912988908352804,True,True,1.0258035436348796,1.7567942380356811
OPI1:RFX1,digenic,C160,0.6089994240447794,1.838590828345602,0.1858129073635465,0.0011561307522253888,0.002430083746715785,0.6089994240447794,True,True,0.24350407684437914,0.9744947712451796
OPI1:RGR1,digenic,C160,0.25532931880270776,1.2908866641323433,0.18581290736354655,0.17031478332035774,0.21849582513673158,0.25532931880270776,False,False,-0.11016602839769257,0.620824666003108
OPI1:RPD3,digenic,C160,1.0983060236995872,2.9990813457774164,0.18581290736354653,8.3200179394845e-09,4.0575456946254464e-08,1.0983060236995872,True,True,0.7328106764991869,1.4638013708999875
OPI1:SPT3,digenic,C160,0.6097803872727432,1.8400272610013464,0.18581290736354664,0.0011395656536575297,0.0024003616960020305,0.6097803872727432,True,True,0.2442850400723427,0.9752757344731438
OPI1:YAP6,digenic,C160,0.5873045824380525,1.799132460694225,0.1858129073635467,0.0017160365233525043,0.00347418437243145,0.5873045824380525,True,True,0.2218092352376519,0.9527999296384531
OPI1:TFC7,digenic,C160,0.5342020379743411,1.7060863068547467,0.18581290736354678,0.004297039637946631,0.008212488883334295,0.5342020379743411,True,True,0.1687066907739403,0.8996973851747418
RFX1:RGR1,digenic,C160,0.4133932743863422,1.5119395161128373,0.1858129073635466,0.026755642064352936,0.04392717353848989,0.4133932743863422,True,True,0.04789792718594177,0.7788886215867427
RFX1:RPD3,digenic,C160,1.0628947305415475,2.894738360324263,0.18581290736354658,2.3434900045614685e-08,1.0570693479345097e-07,1.0628947305415475,True,True,0.6973993833411471,1.4283900777419478
RFX1:SPT3,digenic,C160,0.40438305205842523,1.498377793742718,0.18581290736354666,0.03022544994370629,0.0490544187610971,0.40438305205842523,True,True,0.038887704858024674,0.7698783992588258
RFX1:YAP6,digenic,C160,0.3652530932217827,1.4408786386213668,0.1858129073635467,0.05015118148232994,0.07614980010353779,0.3652530932217827,False,False,-0.00024225397861793452,0.7307484404221833
RFX1:TFC7,digenic,C160,0.46025118358854017,1.5844719283588746,0.1858129073635465,0.013739280107771763,0.023904898605789184,0.46025118358854017,True,True,0.09475583638813995,0.8257465307889404
RGR1:RPD3,digenic,C160,0.8849636360854833,2.4228962838902413,0.18581290736354653,2.8396601509824466e-06,8.981672682021157e-06,0.8849636360854833,True,True,0.519468288885083,1.2504589832858837
RGR1:SPT3,digenic,C160,0.4718720878154198,1.6029923283617278,0.1858129073635465,0.011548596639631804,0.020307478993313473,0.4718720878154198,True,True,0.10637674061501956,0.83736743501582
RGR1:YAP6,digenic,C160,0.4658949139771662,1.5934395423258134,0.18581290736354675,0.012633104682999574,0.02213588254189306,0.4658949139771662,True,True,0.10039956677676548,0.831390261177567
RGR1:TFC7,digenic,C160,0.766245445792985,2.1516724980408575,0.18581290736354666,4.6963273652801365e-05,0.0001220305535860193,0.766245445792985,True,True,0.4007500985925845,1.1317407929933856
RPD3:SPT3,digenic,C160,0.9243391569335189,2.520202251749461,0.18581290736354658,1.0428935204053688e-06,3.5849464763934555e-06,0.9243391569335189,True,True,0.5588438097331185,1.2898345041339192
RPD3:YAP6,digenic,C160,1.0038804107439032,2.728850370351516,0.18581290736354647,1.2415170569415322e-07,4.838983804614633e-07,1.0038804107439032,True,True,0.6383850635435031,1.3693757579443033
RPD3:TFC7,digenic,C160,1.0375364203664306,2.822255591466744,0.18581290736354641,4.840988956528551e-08,2.048110712377464e-07,1.0375364203664306,True,True,0.6720410731660305,1.4030317675668307
SPT3:YAP6,digenic,C160,0.6746344439793073,1.9633151431026994,0.18581290736354664,0.00032639402346139665,0.0007551259115324469,0.6746344439793073,True,True,0.3091390967789068,1.0401297911797078
SPT3:TFC7,digenic,C160,0.7512268486718432,2.1195988491324895,0.1858129073635471,6.542422038986894e-05,0.0001682337095739487,0.7512268486718432,True,True,0.38573150147144175,1.1167221958722446
YAP6:TFC7,digenic,C160,0.903458920192888,2.4681254125079124,0.1858129073635468,1.7816049223125705e-06,5.859763697971577e-06,0.903458920192888,True,True,0.5379635729924872,1.2689542673932888
FKH1:GCN5,digenic,C180,0.7020620764185218,2.017909503784167,0.20689841989162538,0.0007726500844422368,0.0016811507331820096,0.7020620764185218,True,True,0.29509137192622814,1.1090327809108156
FKH1:MED4,digenic,C180,0.3112431255154259,1.3651210766086357,0.19500122541605713,0.11139906725187525,0.15190781897982988,0.3112431255154259,False,False,-0.07232571046699704,0.6948119614978487
FKH1:OPI1,digenic,C180,0.62520120961179,1.8686219042968386,0.19500122541605705,0.0014737162105143045,0.0030458852785159945,0.62520120961179,True,True,0.24163237362936724,1.0087700455942128
FKH1:RFX1,digenic,C180,0.3135647907257034,1.3682941126584622,0.19500122541605722,0.10876566339167042,0.14852138863138442,0.3135647907257034,False,False,-0.07000404525671966,0.6971336267081265
FKH1:RGR1,digenic,C180,0.4857733979303955,1.6254316283054782,0.1950012254160567,0.013212958259685097,0.02302962795262015,0.4857733979303955,True,True,0.1022045619479734,0.8693422339128176
FKH1:RPD3,digenic,C180,0.875977613280414,2.401221613022001,0.19500122541605683,9.691545426607756e-06,2.8470712084099934e-05,0.875977613280414,True,True,0.49240877729799165,1.2595464492628363
FKH1:SPT3,digenic,C180,0.41925740296630265,1.5208317710212937,0.1950012254160567,0.03226236124803239,0.051682423358498486,0.41925740296630265,True,False,0.035688566983880565,0.8028262389487247
FKH1:YAP6,digenic,C180,0.6421060038883984,1.9004790840506576,0.19500122541605716,0.0010967179472108374,0.0023249481107895697,0.6421060038883984,True,True,0.2585371679059755,1.0256748398708213
FKH1:TFC7,digenic,C180,0.5368082094815043,1.710538459393012,0.19500122541605674,0.006227054890331969,0.011544539965222188,0.5368082094815043,True,True,0.15323937349908212,0.9203770454639265
GCN5:MED4,digenic,C180,1.009371649743708,2.7438763578165966,0.21821229232420172,5.326644948361102e-06,1.5979934845083307e-05,1.009371649743708,True,True,0.580146475464582,1.438596824022834
GCN5:OPI1,digenic,C180,0.4376075302621883,1.5489968537169259,0.20689841989162558,0.03515415856336794,0.05586294859989448,0.4376075302621883,True,False,0.030636825769894238,0.8445782347544823
GCN5:RFX1,digenic,C180,0.24425290562636887,1.2766671659735538,0.2068984198916252,0.23861360734483317,0.29418115974020526,0.24425290562636887,False,False,-0.1627177988659244,0.6512236101186621
GCN5:RGR1,digenic,C180,0.3901905405658955,1.477262245452045,0.20689841989162508,0.06016515968330253,0.08943469682653078,0.3901905405658955,False,False,-0.01678016392639753,0.7971612450581886
GCN5:RPD3,digenic,C180,1.0225058620342173,2.7801527216368394,0.20689841989162466,1.2188301021131297e-06,4.16083379686896e-06,1.0225058620342173,True,True,0.6155351575419251,1.4294765665265095
GCN5:SPT3,digenic,C180,0.5319188349128243,1.7021954089210372,0.2068984198916249,0.010570311903223857,0.018787448445586392,0.5319188349128243,True,True,0.1249481304205316,0.9388895394051171
GCN5:YAP6,digenic,C180,0.33836589793617156,1.4026536375933845,0.206898419891625,0.10289181419399956,0.1421583010857188,0.33836589793617156,False,False,-0.06860480655612133,0.7453366024284644
GCN5:TFC7,digenic,C180,1.2644960757772483,3.54130773564606,0.20689841989162477,2.7164618380130517e-09,1.4458587202327534e-08,1.2644960757772483,True,True,0.8575253712849559,1.6714667802695407
MED4:OPI1,digenic,C180,1.3217334591903527,3.7499160729693046,0.19500122541605716,5.435199639104208e-11,3.9858130686764194e-10,1.3217334591903527,True,True,0.9381646232079297,1.7053022951727757
MED4:RFX1,digenic,C180,0.845473929767622,2.329081374039109,0.19500122541605702,1.9195065382053302e-05,5.3230013244349496e-05,0.845473929767622,True,True,0.4619050937851993,1.229042765750045
MED4:RGR1,digenic,C180,1.0240926668229002,2.784567783282875,0.19500122541605688,2.670967783857148e-07,9.940819947438256e-07,1.0240926668229002,True,True,0.6405238308404777,1.4076615028053228
MED4:RPD3,digenic,C180,1.281597264858698,3.6023891022286354,0.19500122541605697,1.8779427622792235e-10,1.2561914423354266e-09,1.281597264858698,True,True,0.8980284288762753,1.6651661008411205
MED4:SPT3,digenic,C180,0.9038304407810274,2.469042542268514,0.19500122541605708,5.1050448066489004e-06,1.5361684980493652e-05,0.9038304407810274,True,True,0.5202616047986046,1.2873992767634501
MED4:YAP6,digenic,C180,0.9871139317277896,2.6834785833216435,0.19500122541605702,6.826157641650328e-07,2.4049452189444214e-06,0.9871139317277896,True,True,0.6035450957453669,1.3706827677102122
MED4:TFC7,digenic,C180,1.075911758020278,2.932665563285821,0.19500122541605722,6.853091325536038e-08,2.803537360446561e-07,1.075911758020278,True,True,0.6923429220378549,1.459480594002701
OPI1:RFX1,digenic,C180,0.5903979730574376,1.8047064970622149,0.19500122541605688,0.0026539540704403775,0.005286548349569363,0.5903979730574376,True,True,0.2068291370750151,0.9739668090398601
OPI1:RGR1,digenic,C180,0.2500087328106433,1.2840366298875279,0.19500122541605697,0.20069044365654048,0.2521364710913389,0.2500087328106433,False,False,-0.13356010317177935,0.6335775687930659
OPI1:RPD3,digenic,C180,1.0532769041506087,2.8670307265186126,0.1950012254160569,1.2495381541407167e-07,4.85114812784043e-07,1.0532769041506087,True,True,0.6697080681681862,1.4368457401330312
OPI1:SPT3,digenic,C180,0.5814597079252859,1.7886474289267025,0.19500122541605705,0.0030733443036682845,0.006073075570122957,0.5814597079252859,True,True,0.1978908719428631,0.9650285439077086
OPI1:YAP6,digenic,C180,0.5896242523803086,1.8033106983780725,0.1950012254160571,0.002688064301851659,0.005343742286813539,0.5896242523803086,True,True,0.20605541639788572,0.9731930883627314
OPI1:TFC7,digenic,C180,0.45677139974840963,1.578967890532357,0.19500122541605722,0.019739835378974762,0.033348868643660434,0.45677139974840963,True,True,0.07320256376598655,0.8403402357308327
RFX1:RGR1,digenic,C180,0.3565077771099545,1.4283326387754542,0.19500122541605702,0.06839575946839375,0.10046261405594928,0.3565077771099545,False,False,-0.027061058872468235,0.7400766130923773
RFX1:RPD3,digenic,C180,1.0022504978048778,2.724406204609709,0.195001225416057,4.6644777806108615e-07,1.6853405119725375e-06,1.0022504978048778,True,True,0.6186816618224551,1.3858193337873006
RFX1:SPT3,digenic,C180,0.31672486399069705,1.3726248614403171,0.19500122541605708,0.10526103369960274,0.1445331808080537,0.31672486399069705,False,False,-0.06684397199172576,0.7002936999731199
RFX1:YAP6,digenic,C180,0.2802871936087359,1.3235098613342775,0.19500122541605708,0.15154047503536358,0.19761977053679822,0.2802871936087359,False,False,-0.10328164237368692,0.6638560295911586
RFX1:TFC7,digenic,C180,0.3627415437528274,1.4372643412848658,0.19500122541605688,0.06372545398876861,0.0942231704058065,0.3627415437528274,False,False,-0.020827292229595062,0.7463103797352499
RGR1:RPD3,digenic,C180,0.9321026180649136,2.5398438888651254,0.1950012254160569,2.6198201846719206e-06,8.312890970593594e-06,0.9321026180649136,True,True,0.548533782082491,1.3156714540473362
RGR1:SPT3,digenic,C180,0.44421945142268615,1.5592726326758095,0.19500122541605688,0.02334832216040676,0.03904533604527482,0.44421945142268615,True,True,0.06065061544026368,0.8277882874051086
RGR1:YAP6,digenic,C180,0.4815007278683279,1.6185015108448277,0.19500122541605716,0.014034608145300623,0.02433320851812192,0.4815007278683279,True,True,0.09793189188590495,0.8650695638507508
RGR1:TFC7,digenic,C180,0.7580668437884164,2.1341465914341877,0.19500122541605708,0.0001219201816214635,0.0003002511935453952,0.7580668437884164,True,True,0.37449800780599357,1.1416356797708391
RPD3:SPT3,digenic,C180,0.8533738915219117,2.3475538978610078,0.19500122541605702,1.611166334433727e-05,4.557299060255399e-05,0.8533738915219117,True,True,0.4698050555394889,1.2369427275043345
RPD3:YAP6,digenic,C180,0.9503914455724789,2.586722022043228,0.19500122541605686,1.6867526677820878e-06,5.5849001374724645e-06,0.9503914455724789,True,True,0.5668226095900565,1.3339602815549014
RPD3:TFC7,digenic,C180,0.9482160127258719,2.5811008983967754,0.19500122541605683,1.7780843000718773e-06,5.859763697971577e-06,0.9482160127258719,True,True,0.5646471767434496,1.3317848487082942
SPT3:YAP6,digenic,C180,0.6640952575666315,1.9427320538509214,0.19500122541605705,0.000739709956035567,0.001613023912940994,0.6640952575666315,True,True,0.28052642158420865,1.0476640935490542
SPT3:TFC7,digenic,C180,0.7066731043078838,2.0272356257646,0.19500122541605755,0.00033473979151323735,0.000770679985111872,0.7066731043078838,True,True,0.32310426832546,1.0902419402903076
YAP6:TFC7,digenic,C180,0.8336265855804172,2.3016507561913615,0.19500122541605722,2.4897980646295944e-05,6.734699683014477e-05,0.8336265855804172,True,True,0.45005774959799416,1.2171954215628404
FKH1:GCN5,digenic,C161,-0.05203920404517082,0.9492916500406413,0.16530918566623695,0.7531083387272393,0.7873043878985923,0.05203920404517082,False,False,-0.37720358077108,0.2731251726807384
FKH1:MED4,digenic,C161,-0.2115156019737492,0.8093566533929579,0.15580347976718167,0.17550285325178597,0.2236136740273721,0.2115156019737492,False,False,-0.5179821857031655,0.09495098175566713
FKH1:OPI1,digenic,C161,-0.14017399043320194,0.8692069885409558,0.1558034797671816,0.36892864407009107,0.4301994789509896,0.14017399043320194,False,False,-0.4466405741626181,0.1662925932962142
FKH1:RFX1,digenic,C161,0.2342185646633581,1.2639207104254928,0.15580347976718173,0.13369677669571872,0.17886460666048856,0.2342185646633581,False,False,-0.07224801906605832,0.5406851483927746
FKH1:RGR1,digenic,C161,-0.17059562693670677,0.8431624567304531,0.1558034797671813,0.27432208098994193,0.3328172306127972,0.17059562693670677,False,False,-0.47706221066612237,0.13587095679270883
FKH1:RPD3,digenic,C161,0.2125817520466743,1.2368672258593383,0.15580347976718142,0.17334239841623864,0.22114558560834566,0.2125817520466743,False,False,-0.09388483168274153,0.5190483357760901
FKH1:SPT3,digenic,C161,0.09832857808362261,1.1033252540531602,0.1558034797671813,0.528397466085814,0.5818837501946116,0.09832857808362261,False,False,-0.208138005645793,0.4047951618130382
FKH1:YAP6,digenic,C161,-0.06148560989055449,0.9403664776185976,0.1558034797671817,0.6933606844123443,0.7357203403732271,0.06148560989055449,False,False,-0.3679521936199709,0.2449809738388619
FKH1:TFC7,digenic,C161,-0.1762416765404467,0.8384153335329428,0.15580347976718137,0.2587815735887033,0.31628858994174847,0.1762416765404467,False,False,-0.4827082602698624,0.130224907188969
GCN5:MED4,digenic,C161,-0.5781180413929239,0.5609530642528519,0.17434882472940885,0.0010128115628154845,0.0021563084885749023,0.5781180413929239,True,True,-0.9210634542418838,-0.23517262854396387
GCN5:OPI1,digenic,C161,-0.47810065054624595,0.6199597945496552,0.1653091856662371,0.004073903601287733,0.007837743617146746,0.47810065054624595,True,True,-0.8032650272721554,-0.15293627382033648
GCN5:RFX1,digenic,C161,-0.11680168707802135,0.8897616268963828,0.1653091856662368,0.48032361624191244,0.5378799687709581,0.11680168707802135,False,False,-0.4419660638039303,0.20836268964788757
GCN5:RGR1,digenic,C161,-0.38872546037374833,0.6779203604705921,0.1653091856662367,0.01927119229491868,0.03266863077392036,0.38872546037374833,True,True,-0.713889837099657,-0.06356108364783963
GCN5:RPD3,digenic,C161,-0.2949442731087609,0.744573079052796,0.16530918566623637,0.07528847315185187,0.11009688097538162,0.2949442731087609,False,False,-0.6201086498346691,0.030220103617147165
GCN5:SPT3,digenic,C161,-0.12052169399008134,0.8864578563288377,0.1653091856662366,0.46646473581317216,0.5247728277898187,0.12052169399008134,False,False,-0.4456860707159898,0.20464268273582714
GCN5:YAP6,digenic,C161,-0.13354797172498567,0.8749854934073483,0.16530918566623665,0.41973486318415054,0.4798354671504723,0.13354797172498567,False,False,-0.45871234845089426,0.19161640500092292
GCN5:TFC7,digenic,C161,0.10137632148023268,1.1066930357708893,0.16530918566623648,0.5401216338434869,0.5915148222882732,0.10137632148023268,False,False,-0.22378805524567558,0.42654069820614093
MED4:OPI1,digenic,C161,-0.23188397465113927,0.7930381304947479,0.1558034797671817,0.13760136111109322,0.18260770442356877,0.23188397465113927,False,False,-0.5383505583805557,0.0745826090782771
MED4:RFX1,digenic,C161,-0.25988823160772023,0.7711377698159109,0.15580347976718156,0.09623159689882223,0.13475145817515416,0.25988823160772023,False,False,-0.5663548153371363,0.046578352121695865
MED4:RGR1,digenic,C161,-0.4414231243642086,0.6431205290295868,0.15580347976718148,0.0048850460032908395,0.009229380807744145,0.4414231243642086,True,True,-0.7478897080936245,-0.13495654063479268
MED4:RPD3,digenic,C161,-0.032938433954856565,0.9675981289453757,0.15580347976718154,0.8326946634826782,0.860509099006108,0.032938433954856565,False,False,-0.3394050176842726,0.27352814977455947
MED4:SPT3,digenic,C161,-0.3072291622639362,0.7354820368650798,0.15580347976718165,0.04943586152514023,0.07552701066340868,0.3072291622639362,True,False,-0.6136957459933525,-0.0007625785345199421
MED4:YAP6,digenic,C161,-0.26354025090860267,0.7683266959692069,0.1558034797671816,0.09166469992519394,0.1300115371431834,0.26354025090860267,False,False,-0.5700068346380188,0.042926332820813484
MED4:TFC7,digenic,C161,-0.1735669630050486,0.8406608560999078,0.15580347976718176,0.266065534459512,0.3243902452154149,0.1735669630050486,False,False,-0.4800335467344651,0.1328996207243679
OPI1:RFX1,digenic,C161,-0.1653507254731077,0.8475963783103143,0.15580347976718148,0.28932153695664814,0.34887737099522736,0.1653507254731077,False,False,-0.4718173092025236,0.14111585825630824
OPI1:RGR1,digenic,C161,-0.4243089518910088,0.6542217276426009,0.15580347976718154,0.006797686484605273,0.012508753940072902,0.4243089518910088,True,True,-0.7307755356204249,-0.11784236816159277
OPI1:RPD3,digenic,C161,0.06246861312264332,1.0644610482851609,0.1558034797671815,0.6887140160627214,0.7319294275561977,0.06246861312264332,False,False,-0.24399797060677267,0.36893519685205933
OPI1:SPT3,digenic,C161,-0.19118986005966726,0.8259757534575076,0.15580347976718162,0.2206308075228402,0.2740583430961252,0.19118986005966726,False,False,-0.49765644378908347,0.11527672366974895
OPI1:YAP6,digenic,C161,-0.20677100957730604,0.8132058450185059,0.15580347976718165,0.18536243706838715,0.23496646952330766,0.20677100957730604,False,False,-0.5132375933067224,0.09969557415211022
OPI1:TFC7,digenic,C161,-0.09320648650884666,0.9110053705551758,0.15580347976718173,0.5500863921660049,0.6017519649108782,0.09320648650884666,False,False,-0.3996730702382631,0.21326009722056977
RFX1:RGR1,digenic,C161,-0.298743937537982,0.7417493192764761,0.1558034797671816,0.056024577621159304,0.08403686643173897,0.298743937537982,False,False,-0.6052105212673982,0.007722646191434146
RFX1:RPD3,digenic,C161,0.15638088648000784,1.169271477982315,0.15580347976718156,0.3162383520523831,0.37584149883776624,0.15638088648000784,False,False,-0.15008569724940826,0.46284747020942396
RFX1:SPT3,digenic,C161,-0.07212165544195366,0.9304176985494953,0.15580347976718162,0.6437328979253871,0.6897138192057719,0.07212165544195366,False,False,-0.37858823917136986,0.23434492828746256
RFX1:YAP6,digenic,C161,-0.07622722299774563,0.9266056365266516,0.15580347976718165,0.624980368717537,0.6739984368522458,0.07622722299774563,False,False,-0.3826938067271619,0.23023936073167062
RFX1:TFC7,digenic,C161,-0.017067765171906973,0.9830770639914163,0.15580347976718148,0.9128338513168471,0.9259277795119658,0.017067765171906973,False,False,-0.32353434890132293,0.28939881855750893
RGR1:RPD3,digenic,C161,-0.24506778462510395,0.7826514847063036,0.1558034797671815,0.11667086050035343,0.15844190932146762,0.24506778462510395,False,False,-0.55153436835452,0.061398799104312035
RGR1:SPT3,digenic,C161,-0.32000310569024293,0.7261467818832136,0.15580347976718148,0.04075523763017716,0.06394244889679142,0.32000310569024293,True,False,-0.6264696894196589,-0.013536521960826997
RGR1:YAP6,digenic,C161,-0.32408402951330045,0.7231894705673295,0.1558034797671817,0.038271070638463564,0.06023586634670736,0.32408402951330045,True,False,-0.6305506132427168,-0.017617445783884078
RGR1:TFC7,digenic,C161,-0.2618047856570608,0.7696612579599167,0.15580347976718162,0.09381262529282829,0.13211166293015647,0.2618047856570608,False,False,-0.5682713693864769,0.04466179807235543
RPD3:SPT3,digenic,C161,0.01308604365104482,1.0131720406309146,0.15580347976718156,0.9331135469006908,0.9416742216428989,0.01308604365104482,False,False,-0.2933805400783713,0.3195526273804609
RPD3:YAP6,digenic,C161,-0.12365474749933592,0.883684882637036,0.15580347976718148,0.4279511087832477,0.48753923785433284,0.12365474749933592,False,False,-0.43012133122875185,0.18281183623008002
RPD3:TFC7,digenic,C161,-0.23299569222379551,0.7921569859519784,0.15580347976718142,0.13573114595371472,0.18085307468933726,0.23299569222379551,False,False,-0.5394622759532113,0.0734708915056203
SPT3:YAP6,digenic,C161,-0.12054991680841512,0.8864328383428386,0.1558034797671816,0.43963094647570267,0.499122290150167,0.12054991680841512,False,False,-0.42701650053783125,0.18591666692100103
SPT3:TFC7,digenic,C161,-0.06633338519830834,0.9358188241354592,0.155803479767182,0.6705607404102841,0.7169061911513837,0.06633338519830834,False,False,-0.3727999689277253,0.24013319853110865
YAP6:TFC7,digenic,C161,-0.08629500287518865,0.9173235782073559,0.15580347976718173,0.5800334731476777,0.6303327534755224,0.08629500287518865,False,False,-0.3927615866046051,0.22017158085422778
FKH1:GCN5,digenic,C181,0.5762845095108036,1.7794147347070444,0.34199857036357517,0.09290202678532536,0.13139000931067443,0.5762845095108036,False,False,-0.09642917863203737,1.2489981976536444
FKH1:MED4,digenic,C181,0.30214681758604334,1.3527598210619785,0.3223327676758938,0.3492347717401548,0.4096474218279067,0.30214681758604334,False,False,-0.3318840928999922,0.9361777280720789
FKH1:OPI1,digenic,C181,1.508003684346396,4.517703024906783,0.3223327676758936,4.188013283497872e-06,1.2836325543847967e-05,1.508003684346396,True,True,0.8739727738603609,2.142034594832431
FKH1:RFX1,digenic,C181,2.1577460435270033,8.651615301146721,0.3223327676758939,9.041076259844006e-11,6.43932769586012e-10,2.1577460435270033,True,True,1.5237151330409675,2.791776954013039
FKH1:RGR1,digenic,C181,1.5858096826212402,4.883243655775066,0.32233276767589303,1.355632122635053e-06,4.596150004824324e-06,1.5858096826212402,True,True,0.9517787721352062,2.219840593107274
FKH1:RPD3,digenic,C181,2.321638398995255,10.192359785636452,0.32233276767589325,3.8655349099583155e-12,3.9049791437334e-11,2.321638398995255,True,True,1.6876074885092207,2.95566930948129
FKH1:SPT3,digenic,C181,1.7827531810358155,5.94620488164035,0.32233276767589303,6.392459916111206e-08,2.6259482642946445e-07,1.7827531810358155,True,True,1.1487222705497815,2.4167840915218495
FKH1:YAP6,digenic,C181,1.1609042241802088,3.192818995389655,0.3223327676758938,0.0003637352009321481,0.0008297185459051305,1.1609042241802088,True,True,0.5268733136941732,1.7949351346662443
FKH1:TFC7,digenic,C181,1.2049335753024608,3.336537442216022,0.32233276767589314,0.0002176088285304544,0.0005166252763672658,1.2049335753024608,True,True,0.5709026648164266,1.838964485788495
GCN5:MED4,digenic,C181,-0.25418309687874463,0.7755497883001871,0.3607001544512823,0.48148619936299264,0.5380037667825764,0.25418309687874463,False,False,-0.9636829376431606,0.45531674388567134
GCN5:OPI1,digenic,C181,-0.3441523253973057,0.7088209483931149,0.3419985703635755,0.3149923044115642,0.37530305861989627,0.3441523253973057,False,False,-1.0168660135401473,0.3285613627455359
GCN5:RFX1,digenic,C181,0.4616485188159248,1.5866875143988812,0.3419985703635749,0.17796576166824754,0.22616958158095646,0.4616485188159248,False,False,-0.2110651693269157,1.1343622069587653
GCN5:RGR1,digenic,C181,-0.04053116923951683,0.9602792328715298,0.34199857036357467,0.9057318438611227,0.9196661799205246,0.04053116923951683,False,False,-0.7132448573823569,0.6321825189033232
GCN5:RPD3,digenic,C181,0.24527023033290085,1.2779666118906634,0.341998570363574,0.47376610574071154,0.5311760415439462,0.24527023033290085,False,False,-0.42744345780993787,0.9179839184757396
GCN5:SPT3,digenic,C181,0.1228262810180214,1.130687981920235,0.34199857036357445,0.7197126083142038,0.7604220728186358,0.1228262810180214,False,False,-0.5498874071248182,0.795539969160861
GCN5:YAP6,digenic,C181,0.14465412495160357,1.1556397941659817,0.34199857036357456,0.6725882801481309,0.7182981632649941,0.14465412495160357,False,False,-0.5280595631912363,0.8173678130944434
GCN5:TFC7,digenic,C181,1.332870534148682,3.791912594481761,0.3419985703635742,0.00011729600537742596,0.000289583654173695,1.332870534148682,True,True,0.6601568460058429,2.005584222291521
MED4:OPI1,digenic,C181,1.5040365613394153,4.499816244286033,0.3223327676758938,4.430522855880727e-06,1.3413509563675594e-05,1.5040365613394153,True,True,0.8700056508533798,2.138067471825451
MED4:RFX1,digenic,C181,1.788103570484341,5.978104655505953,0.3223327676758936,5.860582126269166e-08,2.444859719948986e-07,1.788103570484341,True,True,1.154072659998306,2.422134480970376
MED4:RGR1,digenic,C181,1.3859030421462402,3.9984350303265317,0.32233276767589336,2.2414801877202164e-05,6.181240629089176e-05,1.3859030421462402,True,True,0.7518721316602055,2.019933952632275
MED4:RPD3,digenic,C181,2.314591390881627,10.120786628036484,0.3223327676758935,4.441498786424371e-12,4.3535483154060666e-11,2.314591390881627,True,True,1.6805604803955922,2.948622301367662
MED4:SPT3,digenic,C181,1.140014527622999,3.1268137900281268,0.3223327676758937,0.00046161099897385844,0.0010315911715217153,1.140014527622999,True,True,0.5059836171369636,1.7740454381090343
MED4:YAP6,digenic,C181,1.329794166086505,3.780265200702594,0.3223327676758936,4.6617900551145805e-05,0.0001216826251374184,1.329794166086505,True,True,0.6957632556004698,1.96382507657254
MED4:TFC7,digenic,C181,1.3179667312069598,3.7358177281460803,0.3223327676758939,5.4228321856484244e-05,0.00013980739228624845,1.3179667312069598,True,True,0.6839358207209241,1.9519976416929956
OPI1:RFX1,digenic,C181,0.2497787902234121,1.2837414091259656,0.32233276767589336,0.4389347784342208,0.49890405355898804,0.2497787902234121,False,False,-0.38425212026262257,0.8838097007094468
OPI1:RGR1,digenic,C181,-0.16214048190102567,0.8503217413345142,0.3223327676758935,0.6152764039779395,0.6657088961072788,0.16214048190102567,False,False,-0.7961713923870606,0.4718904285850092
OPI1:RPD3,digenic,C181,0.7912014966804671,2.2060453907902144,0.3223327676758934,0.014607273386981336,0.025281819323621547,0.7912014966804671,True,True,0.15717058619443236,1.425232407166502
OPI1:SPT3,digenic,C181,-0.10980841211460712,0.8960057827064296,0.32233276767589364,0.7335652839198513,0.77050608226939,0.10980841211460712,False,False,-0.7438393226006423,0.5242224983714281
OPI1:YAP6,digenic,C181,-0.00014805795976946534,0.9998519530002693,0.32233276767589375,0.9996337765697005,0.9996337765697005,0.00014805795976946534,False,False,-0.6341789684458049,0.633882852526266
OPI1:TFC7,digenic,C181,0.16262149919335378,1.176591264654153,0.3223327676758939,0.6142287337678146,0.6653024578010246,0.16262149919335378,False,False,-0.471409411292682,0.7966524096793896
RFX1:RGR1,digenic,C181,0.8186329157325469,2.2673979936493383,0.3223327676758936,0.011541717895801613,0.020307478993313473,0.8186329157325469,True,True,0.18460200524651182,1.452663826218582
RFX1:RPD3,digenic,C181,1.5031729573568529,4.495931862581842,0.32233276767589353,4.4850778113590595e-06,1.3537277540382526e-05,1.5031729573568529,True,True,0.8691420468708179,2.1372038678428877
RFX1:SPT3,digenic,C181,0.7960504248324918,2.216768322743689,0.3223327676758937,0.014017862427330666,0.02433320851812192,0.7960504248324918,True,True,0.16201951434645645,1.430081335318527
RFX1:YAP6,digenic,C181,0.6712548489614814,1.9566911325679144,0.3223327676758937,0.03804930847911648,0.059982190118352416,0.6712548489614814,True,False,0.03722393847544603,1.3052857594475167
RFX1:TFC7,digenic,C181,0.775738578083222,2.1721958711283555,0.32233276767589336,0.01663604498470182,0.028593202317456254,0.775738578083222,True,True,0.14170766759718734,1.4097694885692567
RGR1:RPD3,digenic,C181,0.9051829052727716,2.472384093791076,0.3223327676758934,0.005270997175218297,0.009883119703534306,0.9051829052727716,True,True,0.2711519947867368,1.5392138157588064
RGR1:SPT3,digenic,C181,0.4421626601744433,1.556068830277109,0.32233276767589336,0.1710485165938428,0.2187829863409617,0.4421626601744433,False,False,-0.19186825031159138,1.076193570660478
RGR1:YAP6,digenic,C181,0.3355942860079012,1.398771408541592,0.3223327676758938,0.29855363921842687,0.35739794779473105,0.3355942860079012,False,False,-0.29843662447813435,0.9696251964939367
RGR1:TFC7,digenic,C181,0.4910637115834451,1.6340534574223948,0.3223327676758937,0.12857666052860794,0.17318488969159437,0.4910637115834451,False,False,-0.14296719890259024,1.1250946220694804
RPD3:SPT3,digenic,C181,0.8073777674980787,2.2420211709654208,0.3223327676758936,0.012722393987656629,0.022252950614452406,0.8073777674980787,True,True,0.17334685701204355,1.4414086779841138
RPD3:YAP6,digenic,C181,0.6601347861850376,1.9350531352554068,0.32233276767589336,0.041333149858131406,0.0647465480372628,0.6601347861850376,True,False,0.026103875699002965,1.2941656966710724
RPD3:TFC7,digenic,C181,0.4689389422805553,1.5982974073806284,0.32233276767589325,0.14664474166554028,0.1927998595602721,0.4689389422805553,False,False,-0.1650919682054791,1.1029698527665897
SPT3:YAP6,digenic,C181,0.3526606188845278,1.4228481736824992,0.3223327676758936,0.2746951846355267,0.33286197403815354,0.3526606188845278,False,False,-0.2813702916015073,0.9866915293705629
SPT3:TFC7,digenic,C181,0.3977611864266982,1.4884885161968457,0.32233276767589447,0.21805728554587234,0.27154303483070896,0.3977611864266982,False,False,-0.23626972405933855,1.031792096912735
YAP6:TFC7,digenic,C181,0.3663136148904349,1.4424075322086156,0.3223327676758939,0.2565752606542548,0.31397961439766653,0.3663136148904349,False,False,-0.26771729559560087,1.0003445253764707
FKH1:GCN5,digenic,Total Titer,0.4506035041119997,1.569258954003621,0.14136182159859603,0.0015686033689859763,0.003208506891107679,0.4506035041119997,True,True,0.17254376757834622,0.7286632406456531
FKH1:MED4,digenic,Total Titer,0.10910937925722775,1.1152843326420616,0.13323315109516726,0.4134001430830826,0.4742365488438607,0.10910937925722775,False,False,-0.15296120297017746,0.37117996148463295
FKH1:OPI1,digenic,Total Titer,0.6551248447025352,1.9253828762247345,0.13323315109516717,1.37292353912742e-06,4.638888408655787e-06,0.6551248447025352,True,True,0.3930542624751301,0.9171954269299403
FKH1:RFX1,digenic,Total Titer,0.6668208878746308,1.9480344461151005,0.1332331510951673,9.009592590891133e-07,3.1296479526253407e-06,0.6668208878746308,True,True,0.4047503056472255,0.9288914701020361
FKH1:RGR1,digenic,Total Titer,0.571104923765709,1.7702219315208325,0.13323315109516695,2.3704456664754326e-05,6.48271052433889e-05,0.571104923765709,True,True,0.30903434153830434,0.8331755059931136
FKH1:RPD3,digenic,Total Titer,0.976909001358843,2.6562331266723898,0.13323315109516704,1.6853924050282978e-12,1.8747623381775448e-11,0.976909001358843,True,True,0.7148384191314381,1.2389795835862478
FKH1:SPT3,digenic,Total Titer,0.6521662148076659,1.9196947994942064,0.13323315109516695,1.5258576706654368e-06,5.103375317428319e-06,0.6521662148076659,True,True,0.39009563258026125,0.9142367970350705
FKH1:YAP6,digenic,Total Titer,0.6962564269116509,2.006228170143536,0.13323315109516726,3.04065782254111e-07,1.1274349229646812e-06,0.6962564269116509,True,True,0.4341858446842457,0.9583270091390561
FKH1:TFC7,digenic,Total Titer,0.5696239938749602,1.7676022971753584,0.13323315109516698,2.485444496247528e-05,6.734699683014477e-05,0.5696239938749602,True,True,0.3075534116475555,0.8316945761023649
GCN5:MED4,digenic,Total Titer,0.2594885785964385,1.2962669784388512,0.14909194161227654,0.0826883265373882,0.11898465591862545,0.2594885785964385,False,False,-0.03377636051645844,0.5527535177093355
GCN5:OPI1,digenic,Total Titer,-0.03511419561595809,0.9654951546481005,0.14136182159859617,0.8039762276111457,0.8325695244090316,0.03511419561595809,False,False,-0.3131739321496118,0.24294554091769566
GCN5:RFX1,digenic,Total Titer,0.06626924611063076,1.0685143717780672,0.14136182159859592,0.6395207529837197,0.6859431695058316,0.06626924611063076,False,False,-0.21179049042302248,0.344328982644284
GCN5:RGR1,digenic,Total Titer,-0.0253651175704937,0.974953874244555,0.14136182159859584,0.8577044500897502,0.8826577917586881,0.0253651175704937,False,False,-0.30342485410414677,0.25269461896315937
GCN5:RPD3,digenic,Total Titer,0.27429834837771494,1.3156072529819294,0.14136182159859556,0.053162536891856293,0.0805986393919414,0.27429834837771494,False,False,-0.003761388155937573,0.5523580849113674
GCN5:SPT3,digenic,Total Titer,0.1399619114683402,1.1502299874515833,0.14136182159859573,0.32283496804682466,0.38184781166828724,0.1399619114683402,False,False,-0.13809782506531265,0.41802164800199304
GCN5:YAP6,digenic,Total Titer,0.1388149432311282,1.1489114664858684,0.14136182159859578,0.3268104569947695,0.3856285487780951,0.1388149432311282,False,False,-0.13924479330252476,0.41687467976478115
GCN5:TFC7,digenic,Total Titer,0.7667679809735104,2.152797116418797,0.14136182159859562,1.1115480630736965e-07,4.34953589898403e-07,0.7667679809735104,True,True,0.4887082444398578,1.044827717507163
MED4:OPI1,digenic,Total Titer,0.9153592785987956,2.4976724509814625,0.13323315109516726,3.089668871524436e-11,2.3529016790839933e-10,0.9153592785987956,True,True,0.6532886963713904,1.1774298608262008
MED4:RFX1,digenic,Total Titer,0.6385521058542981,1.8937369626721463,0.13323315109516715,2.468502400321226e-06,7.90879409811655e-06,0.6385521058542981,True,True,0.3764815236268931,0.9006226880817032
MED4:RGR1,digenic,Total Titer,0.651468138747755,1.9183551741469371,0.1332331510951671,1.5642715653499301e-06,5.196741106363862e-06,0.651468138747755,True,True,0.3893975565203501,0.91353872097516
MED4:RPD3,digenic,Total Titer,1.088766424491642,2.970607342970892,0.13323315109516712,6.153936267950236e-15,1.3538659789490518e-13,1.088766424491642,True,True,0.826695842264237,1.350837006719047
MED4:SPT3,digenic,Total Titer,0.5798475271430003,1.7857661291276563,0.1332331510951672,1.7885103419800087e-05,4.987676728338616e-05,0.5798475271430003,True,True,0.3177769449155951,0.8419181093704053
MED4:YAP6,digenic,Total Titer,0.6753479712260226,1.9647165218526965,0.13323315109516717,6.602533088088858e-07,2.3344670561457034e-06,0.6753479712260226,True,True,0.41327738899861755,0.9374185534534277
MED4:TFC7,digenic,Total Titer,0.7650309273515822,2.1490608383875616,0.1332331510951673,2.084393302651267e-08,9.509444099653246e-08,0.7650309273515822,True,True,0.5029603451241769,1.0271015095789875
OPI1:RFX1,digenic,Total Titer,0.3439019733472846,1.4104403679827098,0.1332331510951671,0.010266485245001861,0.018280252504589648,0.3439019733472846,True,True,0.08183139111987969,0.6059725555746895
OPI1:RGR1,digenic,Total Titer,0.013030270968538038,1.0131155348841208,0.13323315109516712,0.9221486668760812,0.9325098878522169,0.013030270968538038,False,False,-0.24904031125886694,0.275100853195943
OPI1:RPD3,digenic,Total Titer,0.7389153096011984,2.0936633059094847,0.13323315109516712,5.9022371016950274e-08,2.444859719948986e-07,0.7389153096011984,True,True,0.47684472737379346,1.0009858918286034
OPI1:SPT3,digenic,Total Titer,0.3169381328467634,1.3729176307925075,0.13323315109516717,0.01792290673886699,0.030592547709445382,0.3169381328467634,True,True,0.05486755061935833,0.5790087150741685
OPI1:YAP6,digenic,Total Titer,0.3001078288306728,1.350004369120522,0.13323315109516723,0.024931728762349253,0.041206029173164876,0.3001078288306728,True,True,0.03803724660326763,0.5621784110580779
OPI1:TFC7,digenic,Total Titer,0.29596889655738934,1.3444283398320176,0.13323315109516728,0.026983487646019558,0.04415479796621382,0.29596889655738934,True,True,0.03389831432998408,0.5580394787847947
RFX1:RGR1,digenic,Total Titer,0.21785074471436272,1.2434014695271622,0.13323315109516717,0.10295707260450544,0.1421583010857188,0.21785074471436272,False,False,-0.04421983751304237,0.4799213269417678
RFX1:RPD3,digenic,Total Titer,0.7999596041078282,2.2254510275969217,0.13323315109516715,4.961683578369381e-09,2.4934348947135468e-08,0.7999596041078282,True,True,0.5378890218804231,1.0620301863352333
RFX1:SPT3,digenic,Total Titer,0.27133010020201276,1.3117079940003715,0.1332331510951672,0.042478629431992494,0.06622652462625601,0.27133010020201276,True,False,0.009259517974607612,0.533400682429418
RFX1:YAP6,digenic,Total Titer,0.22229884206319056,1.2489445592692583,0.1332331510951672,0.09614353214495616,0.13475145817515416,0.22229884206319056,False,False,-0.039771740164214586,0.4843694242905957
RFX1:TFC7,digenic,Total Titer,0.3040129488600021,1.3552866053925656,0.1332331510951671,0.023121673558022394,0.038731737432220255,0.3040129488600021,True,True,0.04194236663259715,0.566083531087407
RGR1:RPD3,digenic,Total Titer,0.5514543705946253,1.7357756440616527,0.13323315109516712,4.4085577430274476e-05,0.00011546222660309981,0.5514543705946253,True,True,0.28938378836722034,0.8135249528220303
RGR1:SPT3,digenic,Total Titer,0.23376523464435342,1.263347867079168,0.1332331510951671,0.0802411231347181,0.11613846769498672,0.23376523464435342,False,False,-0.028305347583051504,0.4958358168717584
RGR1:YAP6,digenic,Total Titer,0.21986252757133123,1.2459054411669754,0.13323315109516726,0.09982912258266058,0.13919835402370984,0.21986252757133123,False,False,-0.04220805465607397,0.48193310979873644
RGR1:TFC7,digenic,Total Titer,0.45098003639123996,1.5698499419103196,0.1332331510951672,0.0007958090019762297,0.0017201984977215446,0.45098003639123996,True,True,0.1889094541638348,0.7130506186186452
RPD3:SPT3,digenic,Total Titer,0.622728042821058,1.864006200713789,0.13323315109516715,4.273875440478635e-06,1.3018882110996457e-05,0.622728042821058,True,True,0.36065746059365295,0.884798625048463
RPD3:YAP6,digenic,Total Titer,0.6294446088415178,1.8765680604792028,0.13323315109516706,3.390184588670394e-06,1.0654865850106953e-05,0.6294446088415178,True,True,0.3673740266141129,0.8915151910689226
RPD3:TFC7,digenic,Total Titer,0.6131312838939817,1.8462033440621375,0.13323315109516704,5.9299691608284125e-06,1.7736161538429393e-05,0.6131312838939817,True,True,0.35106070166657694,0.8752018661213865
SPT3:YAP6,digenic,Total Titer,0.43188814401568326,1.5401628290964364,0.13323315109516717,0.0013069660171992948,0.0027239923305837936,0.43188814401568326,True,True,0.16981756178827817,0.6939587262430884
SPT3:TFC7,digenic,Total Titer,0.48916006089411807,1.630945749365566,0.13323315109516753,0.0002802047866924619,0.0006557984369398045,0.48916006089411807,True,True,0.2270894786667123,0.7512306431215239
YAP6:TFC7,digenic,Total Titer,0.5714496855061494,1.770832341531872,0.1332331510951673,2.3444130882839202e-05,6.429276890307703e-05,0.5714496855061494,True,True,0.30937910327874407,0.8335202677335547
