gene,num_reactions,num_subsystems,num_metabolites,is_bottleneck,is_central_metabolism,is_metabolic_go,is_kinase,is_essential,is_low_fitness_kuzmin,is_low_fitness_costanzo,is_low_fitness_either,min_fitness_kuzmin,min_fitness_costanzo,subsystems,norm_reactions,norm_metabolites,norm_subsystems,metabolic_score,category_score,composite_score,rank
YMR110C,18,10,40,True,True,False,False,False,False,False,False,,,"Alternate carbon metabolism; Arginine and proline metabolism; Ascorbate and aldarate metabolism; Glycerolipid metabolism; Glycolysis / gluconeogenesis; Histidine metabolism; Insect hormone biosynthesis; Sphingolipid metabolism; Tryptophan metabolism; Valine, leucine and isoleucine metabolism",0.09374999951171875,0.4444444395061729,0.99999990000001,0.7708333016565424,1,0.6395833111595797,1
YKR009C,36,1,58,True,True,True,False,False,False,False,False,,,Fatty acid degradation,0.1874999990234375,0.6444444372839507,0.09999999000000101,0.5983333277945605,2,0.6188333294561923,2
YPR140W,192,1,75,False,False,False,False,False,False,False,False,,,Glycerophospholipid metabolism,0.9999999947916667,0.8333333240740742,0.09999999000000101,0.6799999921388893,1,0.5759999944972225,3
YOR245C,64,1,90,True,False,False,False,False,False,False,False,,,Glycerolipid metabolism,0.3333333315972222,0.9999999888888891,0.09999999000000101,0.6633333263055559,1,0.5643333284138891,4
YER019W,60,1,90,True,False,False,False,False,False,False,False,,,Sphingolipid metabolism,0.31249999837239584,0.9999999888888891,0.09999999000000101,0.6549999930156254,1,0.5584999951109377,5
YMR205C,2,1,7,True,True,True,True,False,False,False,False,,,Glycolysis / gluconeogenesis,0.010416666612413195,0.07777777691358026,0.09999999000000101,0.35749999671903965,3,0.5502499977033277,6
YKR089C,52,1,80,True,False,False,False,False,False,False,False,,,Glycerolipid metabolism,0.27083333192274306,0.8888888790123458,0.09999999000000101,0.6049999934728012,1,0.5234999954309608,7
YKL067W,19,2,42,True,False,False,True,False,False,False,False,,,Purine metabolism; Pyrimidine metabolism,0.09895833281792535,0.46666666148148156,0.19999998000000202,0.4395833255716152,2,0.5077083279001307,8
YDR127W,5,1,14,True,False,True,True,False,False,False,False,,,"Phenylalanine, tyrosine and tryptophan biosynthesis",0.026041666531032986,0.15555555382716052,0.09999999000000101,0.28708332976056167,3,0.5009583308323932,9
YPL214C,3,1,10,True,False,True,True,False,False,False,False,,,Thiamine metabolism,0.015624999918619792,0.11111110987654323,0.09999999000000101,0.26958332993041123,3,0.48870833095128785,10
YER069W,2,1,9,True,False,True,True,False,False,False,False,,,Arginine biosynthesis,0.010416666612413195,0.0999999988888889,0.09999999000000101,0.26416666331163224,3,0.4849166643181425,11
YOR374W,9,5,24,True,True,False,False,False,False,False,False,,,Arginine and proline metabolism; Fatty acid ester pathway; Glycolysis / gluconeogenesis; Pyruvate metabolism; Tryptophan metabolism,0.046874999755859376,0.26666666370370373,0.499999950000005,0.5487499840134564,1,0.48412498880941945,12
YCR048W,42,2,60,True,False,False,False,False,False,False,False,,,Glycerolipid metabolism; Steroid biosynthesis,0.2187499988606771,0.6666666592592594,0.19999998000000202,0.5474999913220493,1,0.48324999392543444,13
YLR345W,2,1,8,True,False,True,True,False,False,False,False,,,Fructose and mannose metabolism,0.010416666612413195,0.08888888790123459,0.09999999000000101,0.260833330015336,3,0.48258333101073514,14
YLR446W,8,1,17,True,True,False,True,False,False,False,False,,,Glycolysis / gluconeogenesis,0.04166666644965278,0.18888888679012347,0.09999999000000101,0.4033333296168985,2,0.48233333073182894,15
YJL100W,16,1,38,True,False,False,True,False,False,False,False,,,Inositol phosphate metabolism,0.08333333289930556,0.42222221753086425,0.09999999000000101,0.3899999954189818,2,0.4729999967932872,16
YMR313C,44,1,60,True,False,False,False,False,False,False,False,,,Glycerolipid metabolism,0.22916666547309028,0.6666666592592594,0.09999999000000101,0.5216666609670142,1,0.46516666267690987,17
YFL018C,11,4,23,True,True,False,False,False,False,False,False,,,"Citrate cycle (TCA cycle); Glycine, serine and threonine metabolism; Glycolysis / gluconeogenesis; One carbon pool by folate",0.05729166636827257,0.2555555527160494,0.39999996000000404,0.5195833203621251,1,0.4637083242534875,18
YDR072C,80,1,36,True,False,False,False,False,False,False,False,,,Sphingoglycolipid metabolism,0.4166666644965278,0.3999999955555556,0.09999999000000101,0.5166666614652781,1,0.4616666630256946,19
YDL168W,9,4,22,True,True,False,False,False,False,False,False,,,Complex alcohol metabolism; Fatty acid ester pathway; Phenylalanine metabolism; Tyrosine metabolism,0.046874999755859376,0.2444444417283951,0.39999996000000404,0.5120833204208635,1,0.45845832429460437,20
YCR036W,2,1,7,True,True,False,True,False,False,False,False,,,Pentose phosphate pathway,0.010416666612413195,0.07777777691358026,0.09999999000000101,0.35749999671903965,2,0.45024999770332774,21
YHR123W,16,1,28,True,False,True,False,False,False,False,False,,,Glycerophospholipid metabolism,0.08333333289930556,0.31111110765432104,0.09999999000000101,0.35666666245601886,2,0.44966666371921316,22
YMR207C,1,1,7,True,True,True,False,False,False,False,False,,,Fatty acid biosynthesis,0.005208333306206597,0.07777777691358026,0.09999999000000101,0.355416663396557,2,0.4487916643775899,23
YGL205W,18,1,39,True,True,False,False,False,False,False,False,,,Fatty acid degradation,0.09374999951171875,0.4333333285185186,0.09999999000000101,0.49749999536024336,1,0.4482499967521703,24
YOR136W,1,1,5,True,True,True,False,False,False,False,False,,,Citrate cycle (TCA cycle),0.005208333306206597,0.05555555493827161,0.09999999000000101,0.34874999680396446,2,0.4441249977627751,25
YNL037C,1,1,5,True,True,True,False,False,False,False,False,,,Citrate cycle (TCA cycle),0.005208333306206597,0.05555555493827161,0.09999999000000101,0.34874999680396446,2,0.4441249977627751,26
YIL160C,18,1,37,True,True,False,False,False,False,False,False,,,Fatty acid degradation,0.09374999951171875,0.4111111065432099,0.09999999000000101,0.49083332876765073,1,0.44358333013735546,27
YGR110W,36,1,55,True,False,False,False,False,False,False,False,,,Glycerophospholipid metabolism,0.1874999990234375,0.6111111043209877,0.09999999000000101,0.48833332790567163,1,0.4418333295339701,28
YLR377C,1,1,4,True,True,True,False,False,False,False,False,,,Glycolysis / gluconeogenesis,0.005208333306206597,0.04444444395061729,0.09999999000000101,0.34541666350766814,2,0.44179166445536766,29
YFR019W,16,1,21,True,False,False,True,False,False,False,False,,,Inositol phosphate metabolism,0.08333333289930556,0.23333333074074078,0.09999999000000101,0.33333332938194477,2,0.43333333056736134,30
YDL142C,36,1,50,True,False,False,False,False,False,False,False,,,Glycerophospholipid metabolism,0.1874999990234375,0.5555555493827161,0.09999999000000101,0.4716666614241901,1,0.430166662996933,31
YOR126C,12,2,26,True,True,False,False,False,False,False,False,,,Complex alcohol metabolism; Fatty acid ester pathway,0.06249999967447917,0.2888888856790124,0.19999998000000202,0.47166665957349596,1,0.43016666170144713,32
YLR044C,8,5,15,False,True,True,False,False,False,False,False,,,Butanoate metabolism; Complex alcohol metabolism; Fatty acid ester pathway; Glycolysis / gluconeogenesis; Tryptophan metabolism,0.04166666644965278,0.16666666481481485,0.499999950000005,0.316666651024307,2,0.4216666557170149,33
YLR134W,8,5,15,False,True,True,False,False,False,False,False,,,Butanoate metabolism; Complex alcohol metabolism; Fatty acid ester pathway; Glycolysis / gluconeogenesis; Tryptophan metabolism,0.04166666644965278,0.16666666481481485,0.499999950000005,0.316666651024307,2,0.4216666557170149,34
YNR008W,128,1,48,False,False,False,False,False,False,False,False,,,Glycerolipid metabolism,0.6666666631944445,0.5333333274074075,0.09999999000000101,0.4566666605000003,1,0.41966666235000016,35
YOR311C,8,1,19,True,False,False,True,False,False,False,False,,,Glycerophospholipid metabolism,0.04166666644965278,0.21111110876543213,0.09999999000000101,0.30999999620949104,2,0.4169999973466437,36
YGL253W,3,1,9,False,True,True,True,False,False,False,False,,,Glycolysis / gluconeogenesis,0.015624999918619792,0.0999999988888889,0.09999999000000101,0.16624999663411488,3,0.4163749976438804,37
YFR053C,3,1,9,False,True,True,True,False,False,False,False,,,Glycolysis / gluconeogenesis,0.015624999918619792,0.0999999988888889,0.09999999000000101,0.16624999663411488,3,0.4163749976438804,38
YHR137W,5,3,15,True,True,False,False,False,False,False,False,,,"Cysteine and methionine metabolism; Fatty acid ester pathway; Phenylalanine, tyrosine and tryptophan biosynthesis",0.026041666531032986,0.16666666481481485,0.299999970000003,0.4504166570568585,1,0.41529165993980094,39
YNL106C,64,1,86,False,False,False,False,False,False,False,False,,,Inositol phosphate metabolism,0.3333333315972222,0.9555555449382718,0.09999999000000101,0.4499999931203707,1,0.41499999518425945,40
YOR109W,64,1,86,False,False,False,False,False,False,False,False,,,Inositol phosphate metabolism,0.3333333315972222,0.9555555449382718,0.09999999000000101,0.4499999931203707,1,0.41499999518425945,41
YPL061W,4,3,14,True,True,False,False,False,False,False,False,,,Fatty acid ester pathway; Glycolysis / gluconeogenesis; Tryptophan metabolism,0.02083333322482639,0.15555555382716052,0.299999970000003,0.4449999904380796,1,0.41149999330665565,42
YDR452W,6,2,20,True,True,False,False,False,False,False,False,,,Oxidative phosphorylation; Purine metabolism,0.031249999837239584,0.22222221975308645,0.19999998000000202,0.4391666598608224,1,0.40741666190257564,43
YHR104W,4,3,11,True,True,False,False,False,False,False,False,,,Glycerolipid metabolism; Pentose and glucuronate interconversions; Pyruvate metabolism,0.02083333322482639,0.12222222086419755,0.299999970000003,0.4349999905491907,1,0.40449999338443343,44
YGR209C,9,4,28,True,False,False,False,False,False,False,False,,,Glutathione metabolism; Purine metabolism; Pyrimidine metabolism; Sulfur metabolism,0.046874999755859376,0.31111110765432104,0.39999996000000404,0.43208332019864126,1,0.40245832413904886,45
YOL096C,5,1,14,True,False,True,False,False,False,False,False,,,Ubiquinone and other terpenoid-quinone biosynthesis,0.026041666531032986,0.15555555382716052,0.09999999000000101,0.28708332976056167,2,0.40095833083239313,46
YJR019C,10,1,23,True,True,False,False,False,False,False,False,,,Biosynthesis of unsaturated fatty acids,0.05208333306206597,0.2555555527160494,0.09999999000000101,0.4274999960396415,1,0.399249997227749,47
YDR017C,4,1,12,True,False,False,True,False,False,False,False,,,Phosphatidylinositol signaling system,0.02083333322482639,0.13333333185185187,0.09999999000000101,0.2783333298454864,2,0.3948333308918405,48
YJL130C,2,1,11,True,False,True,False,False,False,False,False,,,Pyrimidine metabolism,0.010416666612413195,0.12222222086419755,0.09999999000000101,0.2708333299042249,2,0.3895833309329574,49
YCL030C,3,1,10,True,False,True,False,False,False,False,False,,,Histidine metabolism,0.015624999918619792,0.11111110987654323,0.09999999000000101,0.26958332993041123,2,0.3887083309512879,50
YNR012W,4,1,9,True,False,False,True,False,False,False,False,,,Pyrimidine metabolism,0.02083333322482639,0.0999999988888889,0.09999999000000101,0.26833332995659753,2,0.38783333096961825,51
YBR208C,2,1,10,True,False,True,False,False,False,False,False,,,Arginine biosynthesis,0.010416666612413195,0.11111110987654323,0.09999999000000101,0.26749999660792856,2,0.38724999762554996,52
YKL211C,2,1,10,True,False,True,False,False,False,False,False,,,"Phenylalanine, tyrosine and tryptophan biosynthesis",0.010416666612413195,0.11111110987654323,0.09999999000000101,0.26749999660792856,2,0.38724999762554996,53
YGL234W,2,1,9,True,False,True,False,False,False,False,False,,,Purine metabolism,0.010416666612413195,0.0999999988888889,0.09999999000000101,0.26416666331163224,2,0.38491666431814253,54
YDR173C,4,1,7,True,False,False,True,False,False,False,False,,,Inositol phosphate metabolism,0.02083333322482639,0.07777777691358026,0.09999999000000101,0.26166666336400496,2,0.38316666435480345,55
YGR247W,4,2,10,True,True,False,False,False,False,False,False,,,Cyclic nucleotide metabolism; Purine metabolism,0.02083333322482639,0.11111110987654323,0.19999998000000202,0.4016666602528941,1,0.38116666217702583,56
YBR159W,7,1,17,True,True,False,False,False,False,False,False,,,Biosynthesis of unsaturated fatty acids,0.03645833314344618,0.18888888679012347,0.09999999000000101,0.4012499962944158,1,0.38087499740609104,57
YDR242W,5,5,12,True,False,False,False,False,False,False,False,,,Alternate carbon metabolism; Arginine and proline metabolism; Other; Phenylalanine metabolism; Tryptophan metabolism,0.026041666531032986,0.13333333185185187,0.499999950000005,0.40041665116797026,1,0.3802916558175791,58
YLR133W,2,1,7,True,False,False,True,False,False,False,False,,,Glycerophospholipid metabolism,0.010416666612413195,0.07777777691358026,0.09999999000000101,0.25749999671903967,2,0.38024999770332774,59
YGL156W,2,1,7,True,False,True,False,False,False,False,False,,,Fructose and mannose metabolism,0.010416666612413195,0.07777777691358026,0.09999999000000101,0.25749999671903967,2,0.38024999770332774,60
YHR144C,2,1,7,True,False,True,False,False,False,False,False,,,Pyrimidine metabolism,0.010416666612413195,0.07777777691358026,0.09999999000000101,0.25749999671903967,2,0.38024999770332774,61
YBR213W,2,1,7,True,False,True,False,False,False,False,False,,,Porphyrin and chlorophyll metabolism,0.010416666612413195,0.07777777691358026,0.09999999000000101,0.25749999671903967,2,0.38024999770332774,62
YMR062C,2,1,7,True,False,True,False,False,False,False,False,,,Arginine biosynthesis,0.010416666612413195,0.07777777691358026,0.09999999000000101,0.25749999671903967,2,0.38024999770332774,63
YNR027W,2,1,7,True,False,False,True,False,False,False,False,,,Vitamin b6 metabolism,0.010416666612413195,0.07777777691358026,0.09999999000000101,0.25749999671903967,2,0.38024999770332774,64
YDR400W,2,1,6,True,False,True,False,False,False,False,False,,,Pyrimidine metabolism,0.010416666612413195,0.06666666592592593,0.09999999000000101,0.25416666342274336,2,0.3779166643959203,65
YBR248C,1,1,6,True,False,True,False,False,False,False,False,,,Histidine metabolism,0.005208333306206597,0.06666666592592593,0.09999999000000101,0.25208333010026074,2,0.37645833107018245,66
YER170W,2,1,5,True,False,False,True,False,False,False,False,,,Purine metabolism,0.010416666612413195,0.05555555493827161,0.09999999000000101,0.2508333301264471,2,0.37558333108851294,67
YKL001C,1,1,5,True,False,False,True,False,False,False,False,,,Sulfur metabolism,0.005208333306206597,0.05555555493827161,0.09999999000000101,0.24874999680396442,2,0.3741249977627751,68
YGR194C,1,1,5,True,False,False,True,False,False,False,False,,,Pentose and glucuronate interconversions,0.005208333306206597,0.05555555493827161,0.09999999000000101,0.24874999680396442,2,0.3741249977627751,69
YBR020W,1,1,5,True,False,False,True,False,False,False,False,,,Galactose metabolism,0.005208333306206597,0.05555555493827161,0.09999999000000101,0.24874999680396442,2,0.3741249977627751,70
YNL129W,1,1,5,True,False,False,True,False,False,False,False,,,Nicotinate and nicotinamide metabolism,0.005208333306206597,0.05555555493827161,0.09999999000000101,0.24874999680396442,2,0.3741249977627751,71
YEL029C,1,1,5,True,False,False,True,False,False,False,False,,,Vitamin b6 metabolism,0.005208333306206597,0.05555555493827161,0.09999999000000101,0.24874999680396442,2,0.3741249977627751,72
YDR009W,1,1,5,True,False,False,True,False,False,False,False,,,Galactose metabolism,0.005208333306206597,0.05555555493827161,0.09999999000000101,0.24874999680396442,2,0.3741249977627751,73
YHR025W,1,1,5,True,False,False,True,False,False,False,False,,,"Glycine, serine and threonine metabolism",0.005208333306206597,0.05555555493827161,0.09999999000000101,0.24874999680396442,2,0.3741249977627751,74
YHL032C,1,1,5,True,False,False,True,False,False,False,False,,,Glycerolipid metabolism,0.005208333306206597,0.05555555493827161,0.09999999000000101,0.24874999680396442,2,0.3741249977627751,75
YDR315C,1,1,5,True,False,False,True,False,False,False,False,,,Inositol phosphate metabolism,0.005208333306206597,0.05555555493827161,0.09999999000000101,0.24874999680396442,2,0.3741249977627751,76
YPR001W,2,2,8,True,True,False,False,False,False,False,False,,,Citrate cycle (TCA cycle); Propanoate metabolism,0.010416666612413195,0.08888888790123459,0.19999998000000202,0.39083332701533624,1,0.3735833289107353,77
YGR244C,2,2,8,True,True,False,False,False,False,False,False,,,C5-branched dibasic acid metabolism; Citrate cycle (TCA cycle),0.010416666612413195,0.08888888790123459,0.19999998000000202,0.39083332701533624,1,0.3735833289107353,78
YOR142W,2,2,8,True,True,False,False,False,False,False,False,,,C5-branched dibasic acid metabolism; Citrate cycle (TCA cycle),0.010416666612413195,0.08888888790123459,0.19999998000000202,0.39083332701533624,1,0.3735833289107353,79
YDR503C,20,1,35,True,False,False,False,False,False,False,False,,,Glycerolipid metabolism,0.10416666612413195,0.38888888456790127,0.09999999000000101,0.38833332882002347,1,0.3718333301740164,80
YDR284C,20,1,35,True,False,False,False,False,False,False,False,,,Glycerolipid metabolism,0.10416666612413195,0.38888888456790127,0.09999999000000101,0.38833332882002347,1,0.3718333301740164,81
YNR033W,1,1,4,True,False,True,False,False,False,False,False,,,Folate biosynthesis,0.005208333306206597,0.04444444395061729,0.09999999000000101,0.24541666350766814,2,0.3717916644553677,82
YER052C,1,1,4,True,False,False,True,False,False,False,False,,,"Glycine, serine and threonine metabolism",0.005208333306206597,0.04444444395061729,0.09999999000000101,0.24541666350766814,2,0.3717916644553677,83
YIL162W,1,1,4,True,False,True,False,False,False,False,False,,,Starch and sucrose metabolism,0.005208333306206597,0.04444444395061729,0.09999999000000101,0.24541666350766814,2,0.3717916644553677,84
YDR300C,1,1,4,True,False,False,True,False,False,False,False,,,Arginine and proline metabolism,0.005208333306206597,0.04444444395061729,0.09999999000000101,0.24541666350766814,2,0.3717916644553677,85
YGR015C,5,1,14,True,True,False,False,False,False,False,False,,,Fatty acid ester pathway,0.026041666531032986,0.15555555382716052,0.09999999000000101,0.3870833297605617,1,0.37095833083239316,86
YMR008C,24,1,32,True,False,False,False,False,False,False,False,,,Glycerophospholipid metabolism,0.12499999934895833,0.35555555160493835,0.09999999000000101,0.38666666222106516,1,0.3706666635547456,87
YOL011W,24,1,32,True,False,False,False,False,False,False,False,,,Glycerophospholipid metabolism,0.12499999934895833,0.35555555160493835,0.09999999000000101,0.38666666222106516,1,0.3706666635547456,88
YIL099W,1,1,3,True,False,True,False,False,False,False,False,,,Starch and sucrose metabolism,0.005208333306206597,0.03333333296296297,0.09999999000000101,0.24208333021137185,2,0.36945833114796023,89
YDR001C,1,1,3,True,False,True,False,False,False,False,False,,,Starch and sucrose metabolism,0.005208333306206597,0.03333333296296297,0.09999999000000101,0.24208333021137185,2,0.36945833114796023,90
YPR184W,1,1,3,True,False,True,False,False,False,False,False,,,Starch and sucrose metabolism,0.005208333306206597,0.03333333296296297,0.09999999000000101,0.24208333021137185,2,0.36945833114796023,91
YJR153W,1,1,3,True,False,True,False,False,False,False,False,,,Pentose and glucuronate interconversions,0.005208333306206597,0.03333333296296297,0.09999999000000101,0.24208333021137185,2,0.36945833114796023,92
YLR284C,6,1,12,True,True,False,False,False,False,False,False,,,Fatty acid degradation,0.031249999837239584,0.13333333185185187,0.09999999000000101,0.38249999649045174,1,0.36774999754331616,93
YPR060C,1,1,2,True,False,True,False,False,False,False,False,,,"Phenylalanine, tyrosine and tryptophan biosynthesis",0.005208333306206597,0.022222221975308647,0.09999999000000101,0.23874999691507554,2,0.36712499784055286,94
YER010C,2,2,5,True,True,False,False,False,False,False,False,,,C5-branched dibasic acid metabolism; Pyruvate metabolism,0.010416666612413195,0.05555555493827161,0.19999998000000202,0.38083332712644735,1,0.3665833289885131,95
YLR372W,4,1,12,True,True,False,False,False,False,False,False,,,Biosynthesis of unsaturated fatty acids,0.02083333322482639,0.13333333185185187,0.09999999000000101,0.3783333298454864,1,0.36483333089184045,96
YCR034W,4,1,12,True,True,False,False,False,False,False,False,,,Biosynthesis of unsaturated fatty acids,0.02083333322482639,0.13333333185185187,0.09999999000000101,0.3783333298454864,1,0.36483333089184045,97
YKL188C,15,1,35,True,False,False,False,False,False,False,False,,,"Transport [c, p]",0.07812499959309896,0.38888888456790127,0.09999999000000101,0.3779166622076103,1,0.36454166354532713,98
YPL147W,15,1,35,True,False,False,False,False,False,False,False,,,"Transport [c, p]",0.07812499959309896,0.38888888456790127,0.09999999000000101,0.3779166622076103,1,0.36454166354532713,99
YGR170W,16,1,34,True,False,False,False,False,False,False,False,,,Glycerophospholipid metabolism,0.08333333289930556,0.37777777358024694,0.09999999000000101,0.37666666223379663,1,0.3636666635636576,100
YNL117W,2,1,12,True,True,False,False,False,False,False,False,,,Pyruvate metabolism,0.010416666612413195,0.13333333185185187,0.09999999000000101,0.37416666320052117,1,0.3619166642403648,101
YAL054C,2,1,12,True,True,False,False,False,False,False,False,,,Pyruvate metabolism,0.010416666612413195,0.13333333185185187,0.09999999000000101,0.37416666320052117,1,0.3619166642403648,102
YER005W,10,3,19,True,False,False,False,False,False,False,False,,,"Purine metabolism; Pyrimidine metabolism; Transport [c, e]",0.05208333306206597,0.21111110876543213,0.299999970000003,0.37416665685445694,1,0.3619166597981198,103
YGL202W,5,4,12,True,False,False,False,False,False,False,False,,,"Cysteine and methionine metabolism; Lysine metabolism; Phenylalanine, tyrosine and tryptophan biosynthesis; Tyrosine metabolism",0.026041666531032986,0.13333333185185187,0.39999996000000404,0.37041665416797,1,0.35929165791757894,104
YKR067W,16,1,32,True,False,False,False,False,False,False,False,,,Glycerolipid metabolism,0.08333333289930556,0.35555555160493835,0.09999999000000101,0.369999995641204,1,0.35899999694884277,105
YER061C,3,1,10,True,True,False,False,False,False,False,False,,,Fatty acid biosynthesis,0.015624999918619792,0.11111110987654323,0.09999999000000101,0.3695833299304112,1,0.3587083309512878,106
YBR026C,3,1,9,True,True,False,False,False,False,False,False,,,Biosynthesis of unsaturated fatty acids,0.015624999918619792,0.0999999988888889,0.09999999000000101,0.36624999663411495,1,0.3563749976438804,107
YKL055C,3,1,9,True,True,False,False,False,False,False,False,,,Fatty acid biosynthesis,0.015624999918619792,0.0999999988888889,0.09999999000000101,0.36624999663411495,1,0.3563749976438804,108
YOL151W,2,1,9,True,True,False,False,False,False,False,False,,,Pyruvate metabolism,0.010416666612413195,0.0999999988888889,0.09999999000000101,0.3641666633116323,1,0.35491666431814256,109
YER037W,7,3,17,True,False,False,False,False,False,False,False,,,Glycerolipid metabolism; Nicotinate and nicotinamide metabolism; Purine metabolism,0.03645833314344618,0.18888888679012347,0.299999970000003,0.3612499902944164,1,0.35287499320609145,110
YJL196C,2,1,8,True,True,False,False,False,False,False,False,,,Biosynthesis of unsaturated fatty acids,0.010416666612413195,0.08888888790123459,0.09999999000000101,0.360833330015336,1,0.3525833310107352,111
YBL015W,2,1,7,True,True,False,False,False,False,False,False,,,Pyruvate metabolism,0.010416666612413195,0.07777777691358026,0.09999999000000101,0.35749999671903965,1,0.3502499977033277,112
YKL029C,2,1,7,True,True,False,False,False,False,False,False,,,Pyruvate metabolism,0.010416666612413195,0.07777777691358026,0.09999999000000101,0.35749999671903965,1,0.3502499977033277,113
YJR121W,1,1,6,True,True,False,False,False,False,False,False,,,Oxidative phosphorylation,0.005208333306206597,0.06666666592592593,0.09999999000000101,0.3520833301002607,1,0.3464583310701825,114
YNL071W,1,1,6,True,True,False,False,False,False,False,False,,,Glycolysis / gluconeogenesis,0.005208333306206597,0.06666666592592593,0.09999999000000101,0.3520833301002607,1,0.3464583310701825,115
YPR020W,1,1,6,True,True,False,False,False,False,False,False,,,Oxidative phosphorylation,0.005208333306206597,0.06666666592592593,0.09999999000000101,0.3520833301002607,1,0.3464583310701825,116
YDR322C-A,1,1,6,True,True,False,False,False,False,False,False,,,Oxidative phosphorylation,0.005208333306206597,0.06666666592592593,0.09999999000000101,0.3520833301002607,1,0.3464583310701825,117
YML081C-A,1,1,6,True,True,False,False,False,False,False,False,,,Oxidative phosphorylation,0.005208333306206597,0.06666666592592593,0.09999999000000101,0.3520833301002607,1,0.3464583310701825,118
YKL016C,1,1,6,True,True,False,False,False,False,False,False,,,Oxidative phosphorylation,0.005208333306206597,0.06666666592592593,0.09999999000000101,0.3520833301002607,1,0.3464583310701825,119
YLR295C,1,1,6,True,True,False,False,False,False,False,False,,,Oxidative phosphorylation,0.005208333306206597,0.06666666592592593,0.09999999000000101,0.3520833301002607,1,0.3464583310701825,120
YDR377W,1,1,6,True,True,False,False,False,False,False,False,,,Oxidative phosphorylation,0.005208333306206597,0.06666666592592593,0.09999999000000101,0.3520833301002607,1,0.3464583310701825,121
YBL099W,1,1,6,True,True,False,False,False,False,False,False,,,Oxidative phosphorylation,0.005208333306206597,0.06666666592592593,0.09999999000000101,0.3520833301002607,1,0.3464583310701825,122
YPL078C,1,1,6,True,True,False,False,False,False,False,False,,,Oxidative phosphorylation,0.005208333306206597,0.06666666592592593,0.09999999000000101,0.3520833301002607,1,0.3464583310701825,123
Q0130,1,1,6,True,True,False,False,False,False,False,False,,,Oxidative phosphorylation,0.005208333306206597,0.06666666592592593,0.09999999000000101,0.3520833301002607,1,0.3464583310701825,124
YPL271W,1,1,6,True,True,False,False,False,False,False,False,,,Oxidative phosphorylation,0.005208333306206597,0.06666666592592593,0.09999999000000101,0.3520833301002607,1,0.3464583310701825,125
YOL077W-A,1,1,6,True,True,False,False,False,False,False,False,,,Oxidative phosphorylation,0.005208333306206597,0.06666666592592593,0.09999999000000101,0.3520833301002607,1,0.3464583310701825,126
YER178W,1,1,6,True,True,False,False,False,False,False,False,,,Glycolysis / gluconeogenesis,0.005208333306206597,0.06666666592592593,0.09999999000000101,0.3520833301002607,1,0.3464583310701825,127
Q0085,1,1,6,True,True,False,False,False,False,False,False,,,Oxidative phosphorylation,0.005208333306206597,0.06666666592592593,0.09999999000000101,0.3520833301002607,1,0.3464583310701825,128
YCR005C,1,1,6,True,True,False,False,False,False,False,False,,,Citrate cycle (TCA cycle),0.005208333306206597,0.06666666592592593,0.09999999000000101,0.3520833301002607,1,0.3464583310701825,129
Q0080,1,1,6,True,True,False,False,False,False,False,False,,,Oxidative phosphorylation,0.005208333306206597,0.06666666592592593,0.09999999000000101,0.3520833301002607,1,0.3464583310701825,130
YDR298C,1,1,6,True,True,False,False,False,False,False,False,,,Oxidative phosphorylation,0.005208333306206597,0.06666666592592593,0.09999999000000101,0.3520833301002607,1,0.3464583310701825,131
YGR193C,1,1,6,True,True,False,False,False,False,False,False,,,Glycolysis / gluconeogenesis,0.005208333306206597,0.06666666592592593,0.09999999000000101,0.3520833301002607,1,0.3464583310701825,132
YBR221C,1,1,6,True,True,False,False,False,False,False,False,,,Glycolysis / gluconeogenesis,0.005208333306206597,0.06666666592592593,0.09999999000000101,0.3520833301002607,1,0.3464583310701825,133
YJR152W,13,1,28,True,False,False,False,False,False,False,False,,,"Transport [c, e]",0.06770833298068576,0.31111110765432104,0.09999999000000101,0.35041666248857095,1,0.34529166374199965,134
YDR508C,11,2,20,True,False,False,False,False,False,False,False,,,"Transport [c, e]; Transport [c, m]",0.05729166636827257,0.22222221975308645,0.19999998000000202,0.3495833264732356,1,0.3447083285312649,135
YDR272W,1,1,5,True,True,False,False,False,False,False,False,,,Pyruvate metabolism,0.005208333306206597,0.05555555493827161,0.09999999000000101,0.34874999680396446,1,0.3441249977627751,136
YKR097W,1,1,5,True,True,False,False,False,False,False,False,,,Glycolysis / gluconeogenesis,0.005208333306206597,0.05555555493827161,0.09999999000000101,0.34874999680396446,1,0.3441249977627751,137
YNL009W,1,1,5,True,True,False,False,False,False,False,False,,,Citrate cycle (TCA cycle),0.005208333306206597,0.05555555493827161,0.09999999000000101,0.34874999680396446,1,0.3441249977627751,138
YML120C,1,1,5,True,True,False,False,False,False,False,False,,,Oxidative phosphorylation,0.005208333306206597,0.05555555493827161,0.09999999000000101,0.34874999680396446,1,0.3441249977627751,139
YOR040W,1,1,5,True,True,False,False,False,False,False,False,,,Pyruvate metabolism,0.005208333306206597,0.05555555493827161,0.09999999000000101,0.34874999680396446,1,0.3441249977627751,140
YMR303C,1,1,5,True,True,False,False,False,False,False,False,,,Glycolysis / gluconeogenesis,0.005208333306206597,0.05555555493827161,0.09999999000000101,0.34874999680396446,1,0.3441249977627751,141
YDL066W,1,1,5,True,True,False,False,False,False,False,False,,,Citrate cycle (TCA cycle),0.005208333306206597,0.05555555493827161,0.09999999000000101,0.34874999680396446,1,0.3441249977627751,142
YNL241C,1,1,5,True,True,False,False,False,False,False,False,,,Pentose phosphate pathway,0.005208333306206597,0.05555555493827161,0.09999999000000101,0.34874999680396446,1,0.3441249977627751,143
YOR180C,2,1,4,True,True,False,False,False,False,False,False,,,Fatty acid degradation,0.010416666612413195,0.04444444395061729,0.09999999000000101,0.34749999683015076,1,0.3432499977811055,144
YKR043C,1,1,4,True,True,False,False,False,False,False,False,,,Glycolysis / gluconeogenesis,0.005208333306206597,0.04444444395061729,0.09999999000000101,0.34541666350766814,1,0.3417916644553677,145
YML004C,1,1,3,True,True,False,False,False,False,False,False,,,Pyruvate metabolism,0.005208333306206597,0.03333333296296297,0.09999999000000101,0.3420833302113718,1,0.33945833114796026,146
YGL256W,9,5,21,False,True,False,False,False,False,False,False,,,Complex alcohol metabolism; Fatty acid ester pathway; Glycolysis / gluconeogenesis; Phenylalanine metabolism; Tyrosine metabolism,0.046874999755859376,0.23333333074074078,0.499999950000005,0.33874998412456747,1,0.3371249888871972,147
YOL086C,9,5,21,False,True,False,False,False,False,False,False,,,Complex alcohol metabolism; Fatty acid ester pathway; Glycolysis / gluconeogenesis; Phenylalanine metabolism; Tyrosine metabolism,0.046874999755859376,0.23333333074074078,0.499999950000005,0.33874998412456747,1,0.3371249888871972,148
YBR145W,9,5,21,False,True,False,False,False,False,False,False,,,Complex alcohol metabolism; Fatty acid ester pathway; Glycolysis / gluconeogenesis; Phenylalanine metabolism; Tyrosine metabolism,0.046874999755859376,0.23333333074074078,0.499999950000005,0.33874998412456747,1,0.3371249888871972,149
YOR317W,14,2,44,False,True,False,False,False,False,False,False,,,Fatty acid biosynthesis; Fatty acid ester pathway,0.07291666628689236,0.4888888834567902,0.19999998000000202,0.3358333255517946,1,0.3350833278862562,150
YAL044C,8,2,17,True,False,False,False,False,False,False,False,,,"Glycine, serine and threonine metabolism; One carbon pool by folate",0.04166666644965278,0.18888888679012347,0.19999998000000202,0.33333332661689874,1,0.3333333286318291,151
YDR019C,8,2,17,True,False,False,False,False,False,False,False,,,"Glycine, serine and threonine metabolism; One carbon pool by folate",0.04166666644965278,0.18888888679012347,0.19999998000000202,0.33333332661689874,1,0.3333333286318291,152
YMR189W,8,2,17,True,False,False,False,False,False,False,False,,,"Glycine, serine and threonine metabolism; One carbon pool by folate",0.04166666644965278,0.18888888679012347,0.19999998000000202,0.33333332661689874,1,0.3333333286318291,153
YLR209C,6,2,17,True,False,False,False,False,False,False,False,,,Nicotinate and nicotinamide metabolism; Purine metabolism,0.031249999837239584,0.18888888679012347,0.19999998000000202,0.3291666599719335,1,0.3304166619803534,154
YBR041W,13,3,33,False,True,False,False,False,False,False,False,,,"Fatty acid biosynthesis; Transport [c, e]; Transport [c, p]",0.06770833298068576,0.3666666625925927,0.299999970000003,0.32708332297005305,1,0.32895832607903713,155
YMR162C,9,1,23,True,False,False,False,False,False,False,False,,,"Transport [erm, gm]",0.046874999755859376,0.2555555527160494,0.09999999000000101,0.32541666271715886,1,0.3277916639020112,156
YKL217W,7,2,15,True,False,False,False,False,False,False,False,,,"Transport [c, e]; Transport [c, m]",0.03645833314344618,0.16666666481481485,0.19999998000000202,0.32458332670182355,1,0.3272083286912765,157
YJR069C,6,2,15,True,False,False,False,False,False,False,False,,,Purine metabolism; Pyrimidine metabolism,0.031249999837239584,0.16666666481481485,0.19999998000000202,0.3224999933793409,1,0.3257499953655386,158
YBR019C,2,2,4,False,True,True,False,False,False,False,False,,,Galactose metabolism; Glycolysis / gluconeogenesis,0.010416666612413195,0.04444444395061729,0.19999998000000202,0.17749999383015108,2,0.32424999568110574,159
YIL124W,8,1,22,True,False,False,False,False,False,False,False,,,Glycerophospholipid metabolism,0.04166666644965278,0.2444444417283951,0.09999999000000101,0.31999999609838,1,0.32399999726886597,160
YML059C,12,1,19,True,False,False,False,False,False,False,False,,,Glycerophospholipid metabolism,0.06249999967447917,0.21111110876543213,0.09999999000000101,0.3183333294994216,1,0.32283333064959513,161
YMR246W,12,2,40,False,True,False,False,False,False,False,False,,,Fatty acid biosynthesis; Fatty acid ester pathway,0.06249999967447917,0.4444444395061729,0.19999998000000202,0.3183333257216442,1,0.3228333280051509,162
YGR087C,8,5,15,False,True,False,False,False,False,False,False,,,Butanoate metabolism; Complex alcohol metabolism; Fatty acid ester pathway; Glycolysis / gluconeogenesis; Tryptophan metabolism,0.04166666644965278,0.16666666481481485,0.499999950000005,0.316666651024307,1,0.3216666557170149,163
YLL012W,10,1,19,True,False,False,False,False,False,False,False,,,Steroid biosynthesis,0.05208333306206597,0.21111110876543213,0.09999999000000101,0.3141666628544563,1,0.3199166639981194,164
YMR165C,8,1,19,True,False,False,False,False,False,False,False,,,Glycerolipid metabolism,0.04166666644965278,0.21111110876543213,0.09999999000000101,0.30999999620949104,1,0.3169999973466437,165
YOL065C,8,1,19,True,False,False,False,False,False,False,False,,,Inositol phosphate metabolism,0.04166666644965278,0.21111110876543213,0.09999999000000101,0.30999999620949104,1,0.3169999973466437,166
YNL325C,8,1,19,True,False,False,False,False,False,False,False,,,Inositol phosphate metabolism,0.04166666644965278,0.21111110876543213,0.09999999000000101,0.30999999620949104,1,0.3169999973466437,167
YER026C,8,1,19,True,False,False,False,False,False,False,False,,,Glycerophospholipid metabolism,0.04166666644965278,0.21111110876543213,0.09999999000000101,0.30999999620949104,1,0.3169999973466437,168
YKR031C,8,1,19,True,False,False,False,False,False,False,False,,,Glycerophospholipid metabolism,0.04166666644965278,0.21111110876543213,0.09999999000000101,0.30999999620949104,1,0.3169999973466437,169
YLR386W,8,1,19,True,False,False,False,False,False,False,False,,,Inositol phosphate metabolism,0.04166666644965278,0.21111110876543213,0.09999999000000101,0.30999999620949104,1,0.3169999973466437,170
YNL054W,8,1,19,True,False,False,False,False,False,False,False,,,Inositol phosphate metabolism,0.04166666644965278,0.21111110876543213,0.09999999000000101,0.30999999620949104,1,0.3169999973466437,171
YBR147W,6,2,11,True,False,False,False,False,False,False,False,,,"Transport [c, m]; Transport [c, v]",0.031249999837239584,0.12222222086419755,0.19999998000000202,0.30916666019415573,1,0.31641666213590897,172
YKR039W,25,3,50,False,False,False,False,False,False,False,False,,,"Transport [c, e]; Transport [c, er]; Transport [c, erm]",0.13020833265516493,0.5555555493827161,0.299999970000003,0.3087499888768817,1,0.3161249922138172,173
YJL060W,4,2,12,True,False,False,False,False,False,False,False,,,Lysine metabolism; Tryptophan metabolism,0.02083333322482639,0.13333333185185187,0.19999998000000202,0.30833332684548675,1,0.31583332879184073,174
YNL169C,8,1,17,True,False,False,False,False,False,False,False,,,Glycerophospholipid metabolism,0.04166666644965278,0.18888888679012347,0.09999999000000101,0.30333332961689846,1,0.3123333307318289,175
YGL062W,1,1,7,False,True,True,False,False,False,False,False,,,Pyruvate metabolism,0.005208333306206597,0.07777777691358026,0.09999999000000101,0.15541666339655702,2,0.30879166437758987,176
YBR218C,1,1,7,False,True,True,False,False,False,False,False,,,Pyruvate metabolism,0.005208333306206597,0.07777777691358026,0.09999999000000101,0.15541666339655702,2,0.30879166437758987,177
YOR175C,8,1,15,True,False,False,False,False,False,False,False,,,Glycerolipid metabolism,0.04166666644965278,0.16666666481481485,0.09999999000000101,0.2966666630243059,1,0.3076666641170141,178
YHR037W,3,2,9,True,False,False,False,False,False,False,False,,,"Alanine, aspartate and glutamate metabolism; Arginine and proline metabolism",0.015624999918619792,0.0999999988888889,0.19999998000000202,0.2962499936341152,1,0.3073749955438806,179
YCL050C,3,2,9,True,False,False,False,False,False,False,False,,,Purine metabolism; Sulfur metabolism,0.015624999918619792,0.0999999988888889,0.19999998000000202,0.2962499936341152,1,0.3073749955438806,180
YBR092C,3,2,8,True,False,False,False,False,False,False,False,,,Riboflavin metabolism; Thiamine metabolism,0.015624999918619792,0.08888888790123459,0.19999998000000202,0.29291666033781893,1,0.3050416622364732,181
YHR100C,6,1,15,True,False,False,False,False,False,False,False,,,Glycerophospholipid metabolism,0.031249999837239584,0.16666666481481485,0.09999999000000101,0.2924999963793406,1,0.3047499974655384,182
YPL206C,6,1,15,True,False,False,False,False,False,False,False,,,Glycerophospholipid metabolism,0.031249999837239584,0.16666666481481485,0.09999999000000101,0.2924999963793406,1,0.3047499974655384,183
YMR272C,6,1,15,True,False,False,False,False,False,False,False,,,Sphingolipid metabolism,0.031249999837239584,0.16666666481481485,0.09999999000000101,0.2924999963793406,1,0.3047499974655384,184
YOR081C,36,1,56,False,False,False,False,False,False,False,False,,,Glycerolipid metabolism,0.1874999990234375,0.6222222153086421,0.09999999000000101,0.2916666612019679,1,0.3041666628413775,185
YOR347C,1,1,5,False,True,False,True,False,False,False,False,,,Glycolysis / gluconeogenesis,0.005208333306206597,0.05555555493827161,0.09999999000000101,0.14874999680396445,2,0.3041249977627751,186
YOL061W,1,1,5,False,True,False,True,False,False,False,False,,,Pentose phosphate pathway,0.005208333306206597,0.05555555493827161,0.09999999000000101,0.14874999680396445,2,0.3041249977627751,187
YDR516C,1,1,5,False,True,False,True,False,False,False,False,,,Glycolysis / gluconeogenesis,0.005208333306206597,0.05555555493827161,0.09999999000000101,0.14874999680396445,2,0.3041249977627751,188
YKL181W,1,1,5,False,True,False,True,False,False,False,False,,,Pentose phosphate pathway,0.005208333306206597,0.05555555493827161,0.09999999000000101,0.14874999680396445,2,0.3041249977627751,189
YHL011C,1,1,5,False,True,False,True,False,False,False,False,,,Pentose phosphate pathway,0.005208333306206597,0.05555555493827161,0.09999999000000101,0.14874999680396445,2,0.3041249977627751,190
YDR248C,1,1,5,False,True,False,True,False,False,False,False,,,Pentose phosphate pathway,0.005208333306206597,0.05555555493827161,0.09999999000000101,0.14874999680396445,2,0.3041249977627751,191
YBL068W,1,1,5,False,True,False,True,False,False,False,False,,,Pentose phosphate pathway,0.005208333306206597,0.05555555493827161,0.09999999000000101,0.14874999680396445,2,0.3041249977627751,192
YCL040W,1,1,5,False,True,False,True,False,False,False,False,,,Glycolysis / gluconeogenesis,0.005208333306206597,0.05555555493827161,0.09999999000000101,0.14874999680396445,2,0.3041249977627751,193
YER099C,1,1,5,False,True,False,True,False,False,False,False,,,Pentose phosphate pathway,0.005208333306206597,0.05555555493827161,0.09999999000000101,0.14874999680396445,2,0.3041249977627751,194
YDR481C,2,2,8,True,False,False,False,False,False,False,False,,,Folate biosynthesis; Thiamine metabolism,0.010416666612413195,0.08888888790123459,0.19999998000000202,0.29083332701533626,1,0.30358332891073536,195
YDR538W,2,2,8,True,False,False,False,False,False,False,False,,,Riboflavin metabolism; Ubiquinone and other terpenoid-quinone biosynthesis,0.010416666612413195,0.08888888790123459,0.19999998000000202,0.29083332701533626,1,0.30358332891073536,196
YNR019W,34,2,48,False,False,False,False,False,False,False,False,,,Glycerolipid metabolism; Steroid biosynthesis,0.1770833324110243,0.5333333274074075,0.19999998000000202,0.2908333251866326,1,0.3035833276306428,197
YGL077C,3,2,7,True,False,False,False,False,False,False,False,,,"Transport [c, ce]; Transport [c, e]",0.015624999918619792,0.07777777691358026,0.19999998000000202,0.2895833270415226,1,0.3027083289290658,198
YOR221C,1,1,4,False,True,True,False,False,False,False,False,,,Fatty acid biosynthesis,0.005208333306206597,0.04444444395061729,0.09999999000000101,0.14541666350766813,2,0.30179166445536765,199
YOR209C,2,1,16,True,False,False,False,False,False,False,False,,,Nicotinate and nicotinamide metabolism,0.010416666612413195,0.17777777580246917,0.09999999000000101,0.28749999638570634,1,0.3012499974699944,200
YEL042W,2,2,7,True,False,False,False,False,False,False,False,,,Purine metabolism; Pyrimidine metabolism,0.010416666612413195,0.07777777691358026,0.19999998000000202,0.28749999371904,1,0.301249995603328,201
YLR146C,2,2,7,True,False,False,False,False,False,False,False,,,Arginine and proline metabolism; Glutathione metabolism,0.010416666612413195,0.07777777691358026,0.19999998000000202,0.28749999371904,1,0.301249995603328,202
YPR069C,2,2,7,True,False,False,False,False,False,False,False,,,Arginine and proline metabolism; Glutathione metabolism,0.010416666612413195,0.07777777691358026,0.19999998000000202,0.28749999371904,1,0.301249995603328,203
YOR125C,5,1,14,True,False,False,False,False,False,False,False,,,Ubiquinone and other terpenoid-quinone biosynthesis,0.026041666531032986,0.15555555382716052,0.09999999000000101,0.28708332976056167,1,0.30095833083239315,204
YGR255C,5,1,14,True,False,False,False,False,False,False,False,,,Ubiquinone and other terpenoid-quinone biosynthesis,0.026041666531032986,0.15555555382716052,0.09999999000000101,0.28708332976056167,1,0.30095833083239315,205
YDR204W,5,1,14,True,False,False,False,False,False,False,False,,,Ubiquinone and other terpenoid-quinone biosynthesis,0.026041666531032986,0.15555555382716052,0.09999999000000101,0.28708332976056167,1,0.30095833083239315,206
YLR201C,5,1,14,True,False,False,False,False,False,False,False,,,Ubiquinone and other terpenoid-quinone biosynthesis,0.026041666531032986,0.15555555382716052,0.09999999000000101,0.28708332976056167,1,0.30095833083239315,207
YML110C,5,1,14,True,False,False,False,False,False,False,False,,,Ubiquinone and other terpenoid-quinone biosynthesis,0.026041666531032986,0.15555555382716052,0.09999999000000101,0.28708332976056167,1,0.30095833083239315,208
YER175C,2,2,6,True,False,False,False,False,False,False,False,,,C5-branched dibasic acid metabolism; Complex alcohol metabolism,0.010416666612413195,0.06666666592592593,0.19999998000000202,0.2841666604227437,1,0.29891666229592057,209
YCR053W,2,2,6,True,False,False,False,False,False,False,False,,,"Glycine, serine and threonine metabolism; Vitamin b6 metabolism",0.010416666612413195,0.06666666592592593,0.19999998000000202,0.2841666604227437,1,0.29891666229592057,210
YDL024C,2,2,6,True,False,False,False,False,False,False,False,,,Riboflavin metabolism; Thiamine metabolism,0.010416666612413195,0.06666666592592593,0.19999998000000202,0.2841666604227437,1,0.29891666229592057,211
YKL106W,2,2,6,True,False,False,False,False,False,False,False,,,"Alanine, aspartate and glutamate metabolism; Arginine and proline metabolism",0.010416666612413195,0.06666666592592593,0.19999998000000202,0.2841666604227437,1,0.29891666229592057,212
YER070W,6,2,20,False,False,True,False,False,False,False,False,,,Purine metabolism; Pyrimidine metabolism,0.031249999837239584,0.22222221975308645,0.19999998000000202,0.13916665986082238,2,0.29741666190257565,213
YIL066C,6,2,20,False,False,True,False,False,False,False,False,,,Purine metabolism; Pyrimidine metabolism,0.031249999837239584,0.22222221975308645,0.19999998000000202,0.13916665986082238,2,0.29741666190257565,214
YOR360C,5,1,12,True,False,False,False,False,False,False,False,,,Purine metabolism,0.026041666531032986,0.13333333185185187,0.09999999000000101,0.2804166631679691,1,0.29629166421757835,215
YJR001W,5,1,12,True,False,False,False,False,False,False,False,,,"Transport [c, v]",0.026041666531032986,0.13333333185185187,0.09999999000000101,0.2804166631679691,1,0.29629166421757835,216
YER183C,3,1,13,True,False,False,False,False,False,False,False,,,One carbon pool by folate,0.015624999918619792,0.1444444428395062,0.09999999000000101,0.2795833298193001,1,0.29570833087351006,217
YPL091W,3,1,12,True,False,False,False,False,False,False,False,,,Glutathione metabolism,0.015624999918619792,0.13333333185185187,0.09999999000000101,0.2762499965230038,1,0.29337499756610264,218
YDR058C,4,1,11,True,False,False,False,False,False,False,False,,,Glycerolipid metabolism,0.02083333322482639,0.12222222086419755,0.09999999000000101,0.27499999654919016,1,0.29249999758443307,219
YKL094W,4,1,11,True,False,False,False,False,False,False,False,,,Glycerolipid metabolism,0.02083333322482639,0.12222222086419755,0.09999999000000101,0.27499999654919016,1,0.29249999758443307,220
