rank,index,gene1,gene2,gene3,ensemble_mean,checkpoint_sd,M01,M02,M03,n_metabolic,n_regulator,n_supported,all_three_positive,outside_label_range,spread_over_mean
1,5887228,YPL053C,YDR483W,YPL181W,2.3274739,0.25613174,2.2246094,2.6796875,2.078125,2,1,2,True,True,0.110047095
2,312822,YGR121C,YPL053C,YPL181W,2.2220051,0.25287417,2.109375,2.5722656,1.984375,2,1,3,True,True,0.11380449
3,384579,YKL008C,YPL053C,YPL181W,2.180013,0.19250973,2.1152344,2.4414062,1.9833984,2,1,3,True,True,0.08830669
4,5884414,YPL053C,YDR001C,YPL181W,2.1516926,0.2588871,2.0292969,2.5117188,1.9140625,2,1,2,True,True,0.12031789
5,454527,YNL071W,YPL053C,YPL181W,2.1500652,0.25932512,2.0566406,2.5039062,1.8896484,2,1,3,True,True,0.12061267
6,25732809,YDR001C,YDR483W,YPL181W,2.1041667,0.20826568,1.9677734,2.3984375,1.9462891,2,1,1,True,True,0.098977745
7,5879657,YPL053C,YBR001C,YPL181W,2.0810547,0.23073757,2.015625,2.390625,1.8369141,2,1,2,True,True,0.1108753
8,5306204,YNL071W,YDR483W,YPL181W,2.0774739,0.13088691,2.0234375,2.2578125,1.9511719,2,1,2,True,True,0.063002914
9,3599446,YGR121C,YDR483W,YPL181W,2.0595703,0.087524556,1.9736328,2.1796875,2.0253906,2,1,2,True,True,0.042496514
10,23401879,YBR001C,YDR483W,YPL181W,2.038737,0.18876447,1.9257812,2.3046875,1.8857422,2,1,1,True,True,0.092588924
11,4253098,YKL008C,YDR483W,YPL181W,2.0218098,0.028419293,1.9853516,2.0546875,2.0253906,2,1,2,True,True,0.014056363
12,23399065,YBR001C,YDR001C,YPL181W,1.8616537,0.27278608,1.7685547,2.2324219,1.5839844,2,1,1,True,True,0.14652891
13,236442,YDR530C,YPL053C,YPL181W,1.860026,0.12044447,1.7148438,2.0097656,1.8554688,2,1,3,True,True,0.06475419
14,5298633,YNL071W,YBR001C,YPL181W,1.8235677,0.21118802,1.7333984,2.1152344,1.6220703,2,1,2,True,True,0.11581035
15,5303390,YNL071W,YDR001C,YPL181W,1.7988281,0.35185534,1.78125,2.2382812,1.3769531,2,1,2,True,True,0.19560254
16,4245527,YKL008C,YBR001C,YPL181W,1.7685547,0.1999403,1.5302734,2.0195312,1.7558594,2,1,2,True,True,0.113052934
17,4250284,YKL008C,YDR001C,YPL181W,1.7620443,0.2585738,1.6191406,2.125,1.5419922,2,1,2,True,True,0.14674649
18,3596632,YGR121C,YDR001C,YPL181W,1.7552084,0.22672145,1.6933594,2.0585938,1.5136719,2,1,2,True,True,0.12917067
19,3591875,YGR121C,YBR001C,YPL181W,1.7057291,0.087819465,1.6054688,1.8193359,1.6923828,2,1,2,True,True,0.051485002
20,312821,YGR121C,YPL053C,YPL089C,1.6735026,0.041892394,1.6269531,1.6650391,1.7285156,2,1,3,True,True,0.025032764
21,384578,YKL008C,YPL053C,YPL089C,1.6689453,0.1450735,1.4648438,1.7529297,1.7890625,2,1,3,True,True,0.08692526
22,3054736,YDR530C,YDR483W,YPL181W,1.6611328,0.20691606,1.6621094,1.4072266,1.9140625,2,1,2,True,True,0.124563225
23,18701744,YPL053C,YPL089C,YPL181W,1.6276041,0.12444266,1.4726562,1.6328125,1.7773438,1,2,3,True,True,0.076457575
24,454526,YNL071W,YPL053C,YPL089C,1.6259766,0.0686795,1.6044922,1.5546875,1.71875,2,1,3,True,True,0.04223892
25,5887227,YPL053C,YDR483W,YPL089C,1.6067709,0.08700119,1.4902344,1.6992188,1.6308594,2,1,2,True,True,0.054146606
26,5306203,YNL071W,YDR483W,YPL089C,1.5449219,0.26569322,1.6855469,1.1728516,1.7763672,2,1,2,True,True,0.17197841
27,26975793,YDR483W,YOR099W,YPL181W,1.5146484,0.5251843,1.7490234,2.0078125,0.7871094,2,1,1,True,True,0.34673676
28,3051922,YDR530C,YDR001C,YPL181W,1.5013021,0.056844175,1.5302734,1.5517578,1.421875,2,1,2,True,True,0.037863247
29,4253097,YKL008C,YDR483W,YPL089C,1.5013021,0.2478768,1.4628906,1.21875,1.8222656,2,1,2,True,True,0.16510786
30,32965794,YDR483W,YPL089C,YPL181W,1.4586588,0.29059622,1.4882812,1.0888672,1.7988281,1,2,2,True,True,0.1992215
31,3047165,YDR530C,YBR001C,YPL181W,1.4420573,0.08518078,1.3310547,1.4570312,1.5380859,2,1,2,True,True,0.059068933
32,5329319,YNL071W,YOR099W,YPL181W,1.4375,0.31649464,1.7851562,1.5078125,1.0195312,2,1,2,True,True,0.22017018
33,3599445,YGR121C,YDR483W,YPL089C,1.4335938,0.32473114,1.5283203,0.9970703,1.7753906,2,1,2,True,True,0.22651546
34,236441,YDR530C,YPL053C,YPL089C,1.4042969,0.17892338,1.2197266,1.3466797,1.6464844,2,1,3,True,True,0.12741137
35,25732808,YDR001C,YDR483W,YPL089C,1.3769531,0.0786239,1.3935547,1.4638672,1.2734375,2,1,1,True,True,0.05709991
36,5884413,YPL053C,YDR001C,YPL089C,1.3404948,0.10867035,1.3095703,1.4863281,1.2255859,2,1,2,True,True,0.08106734
37,5910343,YPL053C,YOR099W,YPL181W,1.3313802,0.5679097,1.8144531,1.6455078,0.5341797,2,1,2,True,True,0.42655712
38,23401878,YBR001C,YDR483W,YPL089C,1.2988281,0.019334951,1.3125,1.2714844,1.3125,2,1,1,True,True,0.014886458
39,3622561,YGR121C,YOR099W,YPL181W,1.2788086,0.53361356,1.5478516,1.7548828,0.5336914,2,1,2,True,True,0.417274
40,5879656,YPL053C,YBR001C,YPL089C,1.2786459,0.08226859,1.25,1.390625,1.1953125,2,1,2,True,True,0.0643404
41,4276213,YKL008C,YOR099W,YPL181W,1.2679037,0.56282675,1.5742188,1.7509766,0.47851562,2,1,2,True,True,0.4439034
42,4245526,YKL008C,YBR001C,YPL089C,1.2454427,0.20657676,1.0380859,1.1708984,1.5273438,2,1,2,True,True,0.16586612
43,32872932,YDR001C,YPL089C,YPL181W,1.2333984,0.07854299,1.1582031,1.3417969,1.2001953,1,2,2,True,True,0.06368015
44,5298632,YNL071W,YBR001C,YPL089C,1.2327474,0.15519324,1.2246094,1.046875,1.4267578,2,1,2,True,True,0.12589216
45,4250283,YKL008C,YDR001C,YPL089C,1.2298177,0.073790625,1.1523438,1.3291016,1.2080078,2,1,2,True,True,0.06000127
46,32715951,YBR001C,YPL089C,YPL181W,1.2298177,0.17719579,1.0449219,1.1757812,1.46875,1,2,2,True,True,0.14408296
47,5303389,YNL071W,YDR001C,YPL089C,1.2047526,0.08877712,1.2890625,1.2431641,1.0820312,2,1,2,True,True,0.07368909
48,3054735,YDR530C,YDR483W,YPL089C,1.1984049,0.42497197,1.2158203,0.6694336,1.7099609,2,1,2,True,True,0.35461468
49,3077851,YDR530C,YOR099W,YPL181W,1.1264648,0.21383485,1.2119141,1.3349609,0.83251953,2,1,2,True,False,0.18982825
50,5892119,YPL053C,YGR193C,YPL181W,1.1069336,0.6696973,0.7753906,2.0410156,0.50439453,2,1,2,True,False,0.6050022
51,23399064,YBR001C,YDR001C,YPL089C,1.1049805,0.14245488,1.1855469,1.2246094,0.90478516,2,1,1,True,False,0.12892072
52,3591874,YGR121C,YBR001C,YPL089C,1.0862631,0.24967596,1.1162109,0.76660156,1.3759766,2,1,2,True,False,0.22984852
53,25755924,YDR001C,YOR099W,YPL181W,1.0859375,0.62225807,1.4873047,1.5634766,0.20703125,2,1,1,True,False,0.5730146
54,23424994,YBR001C,YOR099W,YPL181W,1.0724283,0.58172864,1.34375,1.609375,0.26416016,2,1,1,True,False,0.5424406
55,3596631,YGR121C,YDR001C,YPL089C,1.0364584,0.10674602,1.1826172,0.93066406,0.99609375,2,1,2,True,False,0.10299113
56,5306141,YNL071W,YDR483W,YBR028C,1.0185953,0.6857428,1.8144531,0.14074707,1.1005859,2,1,2,True,False,0.673224
57,26957569,YDR483W,YGR193C,YPL181W,1.0133463,0.34393638,0.79345703,1.4990234,0.7475586,2,1,1,True,False,0.33940655
58,3051921,YDR530C,YDR001C,YPL089C,0.97786456,0.110036634,1.0576172,0.8222656,1.0537109,2,1,2,True,False,0.11252748
59,312759,YGR121C,YPL053C,YBR028C,0.97212726,0.6685063,1.8310547,0.20056152,0.8847656,2,1,3,True,False,0.6876737
60,18701738,YPL053C,YOR304W,YPL181W,0.9707031,0.34745115,1.3955078,0.5444336,0.97216797,1,2,3,True,False,0.3579376
61,3599442,YGR121C,YDR483W,YOR304W,0.9547933,0.5338164,1.4941406,0.22766113,1.1425781,2,1,2,True,False,0.5590911
62,32965788,YDR483W,YOR304W,YPL181W,0.9543457,0.4657812,1.5214844,0.38061523,0.9609375,1,2,2,True,False,0.4880634
63,383507,YKL008C,YNL071W,YPL181W,0.9541829,0.35063493,1.0107422,1.3525391,0.49926758,2,1,3,True,False,0.3674714
64,18699791,YPL053C,YBR028C,YPL181W,0.9474284,0.5746424,1.6601562,0.2529297,0.9291992,1,2,3,True,False,0.6065286
65,312818,YGR121C,YPL053C,YOR304W,0.947347,0.43936306,1.4433594,0.37524414,1.0234375,2,1,3,True,False,0.4637826
66,5306152,YNL071W,YDR483W,YDR099W,0.94718426,0.49126926,1.6279297,0.7270508,0.48657227,2,1,2,True,False,0.5186628
67,384575,YKL008C,YPL053C,YOR304W,0.9458008,0.30108258,1.2167969,0.5258789,1.0947266,2,1,3,True,False,0.31833616
68,454464,YNL071W,YPL053C,YBR028C,0.9448649,0.63013494,1.7363281,0.19445801,0.9038086,2,1,3,True,False,0.6669048
69,3599383,YGR121C,YDR483W,YBR028C,0.9381917,0.63527447,1.6298828,0.095825195,1.0888672,2,1,2,True,False,0.6771265
70,311750,YGR121C,YNL071W,YPL181W,0.9376628,0.40316033,0.92529297,1.4375,0.4501953,2,1,3,True,False,0.42996302
71,4253094,YKL008C,YDR483W,YOR304W,0.9370117,0.40067574,1.2890625,0.37646484,1.1455078,2,1,2,True,False,0.42761016
72,3047164,YDR530C,YBR001C,YPL089C,0.93652344,0.2611509,0.8125,0.6972656,1.2998047,2,1,2,True,False,0.27885142
73,384516,YKL008C,YPL053C,YBR028C,0.9244385,0.60963243,1.6894531,0.19763184,0.88623047,2,1,3,True,False,0.6594624
74,4253035,YKL008C,YDR483W,YBR028C,0.88686115,0.5876587,1.5058594,0.09710693,1.0576172,2,1,2,True,False,0.66262764
75,5887224,YPL053C,YDR483W,YOR304W,0.8828125,0.16160609,0.78759766,0.7504883,1.1103516,2,1,2,True,False,0.18305822
76,5306200,YNL071W,YDR483W,YOR304W,0.8826497,0.4197989,1.3564453,0.3359375,0.9555664,2,1,2,True,False,0.47561213
77,5298570,YNL071W,YBR001C,YBR028C,0.8781738,0.5667565,1.5634766,0.17553711,0.8955078,2,1,2,True,False,0.64538074
78,5329256,YNL071W,YOR099W,YBR028C,0.87320966,0.43297166,1.484375,0.53515625,0.60009766,2,1,2,True,False,0.4958393
79,312770,YGR121C,YPL053C,YDR099W,0.8716634,0.5270273,1.6035156,0.6279297,0.38354492,2,1,3,True,False,0.6046225
80,21963563,YLR386W,YGL096W,YPL177C,0.86832684,0.13345797,0.94091797,0.98291016,0.68115234,1,2,1,True,False,0.15369555
81,454523,YNL071W,YPL053C,YOR304W,0.86710614,0.35306394,1.2802734,0.4177246,0.9033203,2,1,3,True,False,0.407175
82,454475,YNL071W,YPL053C,YDR099W,0.8633626,0.6181677,1.7285156,0.5395508,0.32202148,2,1,3,True,False,0.7160001
83,3599394,YGR121C,YDR483W,YDR099W,0.8626302,0.40262145,1.4316406,0.5600586,0.5961914,2,1,2,True,False,0.46673703
84,4245523,YKL008C,YBR001C,YOR304W,0.86083984,0.28367668,1.1210938,0.4663086,0.9951172,2,1,2,True,False,0.3295348
85,32715945,YBR001C,YOR304W,YPL181W,0.8562012,0.33560097,1.2753906,0.45385742,0.83935547,1,2,2,True,False,0.3919651
86,4245464,YKL008C,YBR001C,YBR028C,0.8525798,0.5456765,1.4619141,0.13781738,0.9580078,2,1,2,True,False,0.6400299
87,4250221,YKL008C,YDR001C,YBR028C,0.83496094,0.63947475,1.6923828,0.15722656,0.65527344,2,1,2,True,False,0.76587385
88,26975789,YDR483W,YOR099W,YOR304W,0.8334961,0.29433358,0.6044922,0.64697266,1.2490234,2,1,1,True,False,0.35313132
89,23406770,YBR001C,YGR193C,YPL181W,0.8331706,0.53313166,0.5488281,1.5800781,0.37060547,2,1,1,True,False,0.639883
90,5887165,YPL053C,YDR483W,YBR028C,0.8327637,0.5470509,1.4658203,0.13110352,0.9013672,2,1,2,True,False,0.6569101
91,32963841,YDR483W,YBR028C,YPL181W,0.8326619,0.51523894,1.3134766,0.11810303,1.0664062,1,2,2,True,False,0.61878526
92,5303327,YNL071W,YDR001C,YBR028C,0.83251953,0.5686363,1.6064453,0.25634766,0.6347656,2,1,2,True,False,0.6830306
93,3622498,YGR121C,YOR099W,YBR028C,0.83251953,0.3870817,1.3798828,0.5654297,0.5522461,2,1,2,True,False,0.4649521
94,25737700,YDR001C,YGR193C,YPL181W,0.8227946,0.7246166,0.50146484,1.8261719,0.14074707,2,1,1,True,False,0.88067734
95,3591812,YGR121C,YBR001C,YBR028C,0.821757,0.5672509,1.4833984,0.098083496,0.88378906,2,1,2,True,False,0.69029033
96,5303338,YNL071W,YDR001C,YDR099W,0.8214925,0.5639315,1.5566406,0.7216797,0.18615723,2,1,2,True,False,0.68647194
97,16095522,YNL071W,YDR483W,YPL177C,0.81966144,0.29924095,1.0283203,1.0341797,0.39648438,2,1,1,True,False,0.36507872
98,3054732,YDR530C,YDR483W,YOR304W,0.81778973,0.5156585,1.4550781,0.19213867,0.80615234,2,1,2,True,False,0.63055146
99,384527,YKL008C,YPL053C,YDR099W,0.8114421,0.45030174,1.4472656,0.46264648,0.52441406,2,1,3,True,False,0.5549401
100,3622509,YGR121C,YOR099W,YDR099W,0.80512494,0.56711924,1.3193359,1.0810547,0.014984131,2,1,2,True,False,0.70438665
101,3596569,YGR121C,YDR001C,YBR028C,0.80110675,0.6316331,1.6396484,0.115234375,0.6484375,2,1,2,True,False,0.7884506
102,18700418,YPL053C,YDR099W,YPL181W,0.79557294,0.46106735,1.4384766,0.5683594,0.3798828,1,2,3,True,False,0.57954127
103,4253046,YKL008C,YDR483W,YDR099W,0.7944336,0.29063115,1.1816406,0.4814453,0.72021484,2,1,2,True,False,0.36583441
104,23401875,YBR001C,YDR483W,YOR304W,0.79378253,0.14714172,0.92285156,0.5878906,0.87060547,2,1,1,True,False,0.18536781
105,3622557,YGR121C,YOR099W,YOR304W,0.79313153,0.30834806,1.2226562,0.6435547,0.5131836,2,1,2,True,False,0.3887729
106,3054673,YDR530C,YDR483W,YBR028C,0.7908122,0.5181561,1.3017578,0.080444336,0.9902344,2,1,2,True,False,0.6552202
107,3591871,YGR121C,YBR001C,YOR304W,0.7897542,0.42067295,1.2597656,0.2388916,0.87060547,2,1,2,True,False,0.5326631
108,5298581,YNL071W,YBR001C,YDR099W,0.78841144,0.47038767,1.4482422,0.5317383,0.3852539,2,1,2,True,False,0.5966272
109,16095373,YNL071W,YDR483W,YDR169C,0.78794354,0.558953,0.84814453,0.07525635,1.4404297,2,1,1,True,False,0.709382
110,28814809,YGR193C,YOR099W,YPL181W,0.787679,0.42067504,0.8730469,1.2548828,0.23510742,2,1,1,True,False,0.5340691
111,5329318,YNL071W,YOR099W,YPL089C,0.7838542,0.23251258,1.1064453,0.5673828,0.6777344,2,1,2,True,False,0.29662734
112,5910280,YPL053C,YOR099W,YBR028C,0.7826335,0.31882215,1.2167969,0.46020508,0.67089844,2,1,2,True,False,0.40737095
113,5329267,YNL071W,YOR099W,YDR099W,0.7760417,0.5200085,1.3447266,0.8955078,0.087890625,2,1,2,True,False,0.67007804
114,26975730,YDR483W,YOR099W,YBR028C,0.775472,0.32338673,1.1425781,0.3557129,0.828125,2,1,1,True,False,0.41701922
115,32870979,YDR001C,YBR028C,YPL181W,0.77071124,0.5093928,1.4384766,0.20275879,0.67089844,1,2,2,True,False,0.66093856
116,11229839,YGR121C,YDR483W,YDR169C,0.7704671,0.5870288,0.7192383,0.07849121,1.5136719,2,1,1,True,False,0.7619129
117,4250280,YKL008C,YDR001C,YOR304W,0.76871747,0.33901733,1.2480469,0.52001953,0.53808594,2,1,2,True,False,0.44101682
118,236438,YDR530C,YPL053C,YOR304W,0.76713055,0.48131528,1.390625,0.21887207,0.69189453,2,1,3,True,False,0.6274229
119,4276209,YKL008C,YOR099W,YOR304W,0.76708984,0.11922664,0.93115234,0.6513672,0.71875,2,1,2,True,False,0.15542722
120,32713998,YBR001C,YBR028C,YPL181W,0.7613118,0.4373903,1.1777344,0.15698242,0.94921875,1,2,2,True,False,0.5745219
121,23399002,YBR001C,YDR001C,YBR028C,0.75756836,0.50325507,1.4404297,0.24243164,0.58984375,2,1,1,True,False,0.6643032
122,236379,YDR530C,YPL053C,YBR028C,0.7554118,0.43768707,1.2822266,0.21057129,0.7734375,2,1,3,True,False,0.57940197
123,32964468,YDR483W,YDR099W,YPL181W,0.7521159,0.27177063,1.1230469,0.6538086,0.4794922,1,2,2,True,False,0.36134142
124,4276150,YKL008C,YOR099W,YBR028C,0.75187176,0.33490092,1.2070312,0.41088867,0.6376953,2,1,2,True,False,0.44542292
125,3622560,YGR121C,YOR099W,YPL089C,0.74884033,0.45895377,1.1767578,0.95751953,0.11224365,2,1,2,True,False,0.612886
126,4276212,YKL008C,YOR099W,YPL089C,0.74088544,0.41409957,1.0371094,1.0302734,0.15527344,2,1,2,True,False,0.5589253
127,32872926,YDR001C,YOR304W,YPL181W,0.7364909,0.39504546,1.2949219,0.4716797,0.4428711,1,2,2,True,False,0.53638875
128,3051859,YDR530C,YDR001C,YBR028C,0.7315267,0.572816,1.4951172,0.115478516,0.5839844,2,1,2,True,False,0.7830419
129,5879594,YPL053C,YBR001C,YBR028C,0.7294515,0.4743577,1.3164062,0.15466309,0.71728516,2,1,2,True,False,0.6502937
130,26975792,YDR483W,YOR099W,YPL089C,0.71765137,0.47980067,1.0957031,1.0166016,0.040649414,2,1,1,True,False,0.6685707
131,4250232,YKL008C,YDR001C,YDR099W,0.7161458,0.36246485,1.2080078,0.59521484,0.34521484,2,1,2,True,False,0.5061327
132,5884351,YPL053C,YDR001C,YBR028C,0.7159831,0.4679729,1.3261719,0.18896484,0.6328125,2,1,2,True,False,0.65360886
133,309807,YGR121C,YKL008C,YPL181W,0.71516925,0.38821712,0.3623047,1.2558594,0.52734375,2,1,3,True,False,0.5428325
134,25732746,YDR001C,YDR483W,YBR028C,0.7114665,0.4180263,1.2060547,0.18371582,0.7446289,2,1,1,True,False,0.5875558
135,5298629,YNL071W,YBR001C,YOR304W,0.7098796,0.35010505,1.1269531,0.27026367,0.7324219,2,1,2,True,False,0.49318936
136,33728583,YOR099W,YOR304W,YPL181W,0.70857745,0.28374773,1.0878906,0.40551758,0.6323242,1,2,2,True,False,0.400447
137,3047102,YDR530C,YBR001C,YBR028C,0.70735675,0.46390817,1.2236328,0.09863281,0.7998047,2,1,2,True,False,0.65583336
138,4245475,YKL008C,YBR001C,YDR099W,0.7060547,0.25950882,1.0302734,0.39501953,0.6928711,2,1,2,True,False,0.36754775
139,32871606,YDR001C,YDR099W,YPL181W,0.701945,0.38824195,1.171875,0.7128906,0.22106934,1,2,2,True,False,0.5530945
140,3047161,YDR530C,YBR001C,YOR304W,0.69889325,0.42621583,1.25,0.21191406,0.6347656,2,1,2,True,False,0.60984397
141,23401816,YBR001C,YDR483W,YBR028C,0.69783527,0.39426982,1.109375,0.16625977,0.8178711,2,1,1,True,False,0.5649898
142,35529589,YDR483W,YPL181W,YDR169C,0.69474286,0.59643644,0.43969727,0.12597656,1.5185547,1,2,1,True,False,0.8584996
143,5887176,YPL053C,YDR483W,YDR099W,0.6925456,0.257456,1.0322266,0.63623047,0.4091797,2,1,2,True,False,0.37175316
144,19849347,YLR386W,YLR131C,YPL177C,0.69018555,0.24156363,0.93896484,0.3630371,0.7685547,1,2,2,True,False,0.34999812
145,16095401,YNL071W,YDR483W,YGL096W,0.6885579,0.2685926,1.0361328,0.64746094,0.38208008,2,1,1,True,False,0.3900799
146,3596628,YGR121C,YDR001C,YOR304W,0.6871745,0.45831576,1.3134766,0.22949219,0.5185547,2,1,2,True,False,0.6669569
147,400659,YKR053C,YPL053C,YPL181W,0.6822917,0.13480237,0.86083984,0.6508789,0.53515625,2,1,3,True,False,0.19757293
148,3591823,YGR121C,YBR001C,YDR099W,0.68221027,0.40501323,1.2441406,0.30517578,0.49731445,2,1,2,True,False,0.593678
149,1362024,YGR121C,YPL053C,YDR169C,0.67196655,0.4780399,0.7944336,0.034942627,1.1865234,2,1,2,True,False,0.71140426
150,32714625,YBR001C,YDR099W,YPL181W,0.6717122,0.21517137,0.97558594,0.5336914,0.5058594,1,2,2,True,False,0.32033268
151,32965787,YDR483W,YOR304W,YPL089C,0.6694743,0.41294125,1.0917969,0.10900879,0.8076172,1,2,2,True,False,0.6168142
152,5879653,YPL053C,YBR001C,YOR304W,0.66813153,0.15895903,0.7836914,0.44335938,0.77734375,2,1,2,True,False,0.23791577
153,33726636,YOR099W,YBR028C,YPL181W,0.66520184,0.2115471,0.93896484,0.42382812,0.6328125,1,2,2,True,False,0.31801942
154,3596580,YGR121C,YDR001C,YDR099W,0.65755206,0.4540866,1.2939453,0.41381836,0.26489258,2,1,2,True,False,0.6905713
155,25732805,YDR001C,YDR483W,YOR304W,0.65690106,0.13361688,0.7729492,0.46972656,0.72802734,2,1,1,True,False,0.20340487
156,13093235,YKL008C,YDR483W,YDR169C,0.65126544,0.55381006,0.47460938,0.07879639,1.4003906,2,1,1,True,False,0.85036
157,25732757,YDR001C,YDR483W,YDR099W,0.648112,0.2374829,0.91064453,0.6982422,0.33544922,2,1,1,True,False,0.36642262
158,32963840,YDR483W,YBR028C,YPL089C,0.6477051,0.42081663,1.0605469,0.07006836,0.8125,1,2,2,True,False,0.6497041
159,23401827,YBR001C,YDR483W,YDR099W,0.64038086,0.16938727,0.8666992,0.59521484,0.45922852,2,1,1,True,False,0.26451018
160,35529737,YDR483W,YPL181W,YPL139C,0.6385193,0.7241882,1.6591797,0.05496216,0.20141602,1,2,1,True,False,1.1341681
161,5910339,YPL053C,YOR099W,YOR304W,0.63793945,0.326275,0.3479004,0.47216797,1.09375,2,1,2,True,False,0.51145136
162,1766138,YNL071W,YPL053C,YPL177C,0.6378581,0.29110092,1.0273438,0.55859375,0.32763672,2,1,2,True,False,0.45637253
163,19849226,YLR386W,YLR131C,YGL096W,0.63688153,0.23150243,0.8701172,0.32128906,0.7192383,1,2,2,True,False,0.3634937
164,5329315,YNL071W,YOR099W,YOR304W,0.6303711,0.28859556,0.9902344,0.2836914,0.6171875,2,1,2,True,False,0.4578185
165,26975741,YDR483W,YOR099W,YDR099W,0.62959796,0.35123846,0.6948242,1.0234375,0.17053223,2,1,1,True,False,0.55787736
166,4276161,YKL008C,YOR099W,YDR099W,0.6222127,0.4060607,1.0263672,0.7734375,0.066833496,2,1,2,True,False,0.6526075
167,5910342,YPL053C,YOR099W,YPL089C,0.621933,0.44474173,1.046875,0.81103516,0.007888794,2,1,2,True,False,0.7150959
168,9677009,YDR530C,YDR483W,YDR169C,0.6218567,0.5660934,0.41333008,0.056732178,1.3955078,2,1,1,True,False,0.91032773
169,25755861,YDR001C,YOR099W,YBR028C,0.619222,0.23250704,0.94433594,0.4140625,0.49926758,2,1,1,True,False,0.37548253
170,20161058,YPL053C,YPL181W,YPL139C,0.6181488,0.69252825,1.5888672,0.020217896,0.24536133,1,2,2,True,False,1.1203262
171,236390,YDR530C,YPL053C,YDR099W,0.6161702,0.49831268,1.3203125,0.28881836,0.23937988,2,1,3,True,False,0.80872566
172,11229987,YGR121C,YDR483W,YPL139C,0.61602783,0.70961833,1.6142578,0.027526855,0.20629883,2,1,1,True,False,1.1519258
173,1765989,YNL071W,YPL053C,YDR169C,0.61357623,0.45567495,0.6591797,0.034088135,1.1474609,2,1,2,True,False,0.74265414
174,18699790,YPL053C,YBR028C,YPL089C,0.61083984,0.36364093,1.0429688,0.15332031,0.63623047,1,2,3,True,False,0.5953131
175,18701737,YPL053C,YOR304W,YPL089C,0.6093343,0.31461808,0.92529297,0.18005371,0.72265625,1,2,3,True,False,0.51633084
176,3051918,YDR530C,YDR001C,YOR304W,0.60791016,0.47308964,1.2666016,0.17700195,0.38012695,2,1,2,True,False,0.778223
177,23399013,YBR001C,YDR001C,YDR099W,0.6069336,0.29168364,0.9921875,0.5419922,0.2866211,2,1,1,True,False,0.48058575
178,23424931,YBR001C,YOR099W,YBR028C,0.601888,0.24818791,0.92041016,0.3149414,0.5703125,2,1,1,True,False,0.412349
179,23399061,YBR001C,YDR001C,YOR304W,0.601237,0.18255988,0.8544922,0.43115234,0.5180664,2,1,1,True,False,0.30364046
180,235370,YDR530C,YNL071W,YPL181W,0.5998535,0.21551381,0.74560547,0.75878906,0.29516602,2,1,3,True,False,0.3592774
181,19852594,YLR386W,YOR123C,YPL177C,0.5994466,0.31885934,0.32128906,1.0458984,0.43115234,1,2,2,True,False,0.5319228
182,3054684,YDR530C,YDR483W,YDR099W,0.5982666,0.40357754,1.1601562,0.23059082,0.40405273,2,1,2,True,False,0.6745781
183,19583857,YKL008C,YOR123C,YPL177C,0.5928548,0.13329516,0.43774414,0.5776367,0.7631836,1,2,2,True,False,0.22483611
184,5303386,YNL071W,YDR001C,YOR304W,0.59138995,0.34265822,1.0742188,0.31420898,0.3857422,2,1,2,True,False,0.5794116
185,33728589,YOR099W,YPL089C,YPL181W,0.5850423,0.36216584,0.94384766,0.72216797,0.08911133,1,2,2,True,False,0.61904216
186,1362172,YGR121C,YPL053C,YPL139C,0.58133954,0.7216765,1.5996094,0.012451172,0.13195801,2,1,2,True,False,1.2414027
187,35528401,YDR483W,YOR123C,YPL177C,0.5795085,0.071600616,0.62109375,0.47875977,0.6386719,1,2,1,True,False,0.12355404
188,16095521,YNL071W,YDR483W,YPL139C,0.57944745,0.50183195,1.2626953,0.07159424,0.40405273,2,1,1,True,False,0.86605257
189,20160910,YPL053C,YPL181W,YDR169C,0.5755412,0.4841513,0.4177246,0.07745361,1.2314453,1,2,2,True,False,0.8412105
190,5299638,YNL071W,YBR199W,YPL181W,0.57405597,0.25198886,0.82373047,0.2290039,0.6694336,2,1,2,True,False,0.4389622
191,1766137,YNL071W,YPL053C,YPL139C,0.57051593,0.5377662,1.3066406,0.036987305,0.36791992,2,1,2,True,False,0.9425963
192,5884362,YPL053C,YDR001C,YDR099W,0.57039386,0.34074324,1.0439453,0.41088867,0.25634766,2,1,2,True,False,0.59738237
193,1562150,YKL008C,YLR386W,YPL177C,0.5633138,0.12206613,0.47192383,0.48217773,0.73583984,2,1,2,True,False,0.21669297
194,383506,YKL008C,YNL071W,YPL089C,0.5585124,0.1457447,0.4050293,0.75439453,0.5161133,2,1,3,True,False,0.26095158
195,34990927,YDR001C,YOR123C,YPL177C,0.5580241,0.052476924,0.48510742,0.58251953,0.6064453,1,2,1,True,False,0.0940406
196,5299772,YNL071W,YBR205W,YPL181W,0.55740356,0.44145787,1.125,0.048431396,0.4987793,2,1,2,True,False,0.7919897
197,3077850,YDR530C,YOR099W,YPL089C,0.556071,0.0876104,0.6635742,0.55566406,0.4489746,2,1,2,True,False,0.15755256
198,33727263,YOR099W,YDR099W,YPL181W,0.55541486,0.38783738,0.9145508,0.7348633,0.016830444,1,2,2,True,False,0.69828415
199,5884410,YPL053C,YDR001C,YOR304W,0.555013,0.08951261,0.5864258,0.43310547,0.6455078,2,1,2,True,False,0.1612802
200,25755923,YDR001C,YOR099W,YPL089C,0.55413884,0.40650493,0.9658203,0.6958008,0.0007953644,2,1,1,True,False,0.7335796
201,16073790,YNL071W,YBR001C,YDR169C,0.5530192,0.43145412,0.50341797,0.05114746,1.1044922,2,1,1,True,False,0.78017926
202,32963837,YDR483W,YBR028C,YOR304W,0.5512492,0.44608274,1.109375,0.01751709,0.52685547,1,2,2,True,False,0.80922157
203,32715944,YBR001C,YOR304W,YPL089C,0.548055,0.3156898,0.89453125,0.13098145,0.61865234,1,2,2,True,False,0.57601845
204,16087500,YNL071W,YDR001C,YPL177C,0.5472005,0.31677234,0.5048828,0.95458984,0.1821289,2,1,1,True,False,0.5788963
205,11208404,YGR121C,YBR001C,YPL139C,0.5467122,0.58939874,1.3710938,0.027832031,0.24121094,2,1,1,True,False,1.0780786
206,11208256,YGR121C,YBR001C,YDR169C,0.54423016,0.4617821,0.43554688,0.040893555,1.15625,2,1,1,True,False,0.84850514
207,26957568,YDR483W,YGR193C,YPL089C,0.54296875,0.108973905,0.39794922,0.66064453,0.5703125,2,1,1,True,False,0.20070015
208,5879605,YPL053C,YBR001C,YDR099W,0.5422363,0.31223178,0.9814453,0.28320312,0.36206055,2,1,2,True,False,0.5758223
209,34083676,YBR001C,YPL181W,YPL139C,0.54111737,0.4811613,1.203125,0.073791504,0.34643555,1,2,1,True,False,0.8891995
210,32870978,YDR001C,YBR028C,YPL089C,0.53981525,0.38195726,1.0292969,0.097229004,0.49291992,1,2,2,True,False,0.7075704
211,19353511,YGR121C,YOR123C,YPL177C,0.5390625,0.119915225,0.3959961,0.5317383,0.6894531,1,2,2,True,False,0.22245143
212,32964464,YDR483W,YDR099W,YOR304W,0.5383301,0.41425866,1.1074219,0.13330078,0.37426758,1,2,2,True,False,0.7695254
213,19843999,YLR386W,YDR099W,YPL177C,0.53483075,0.1296938,0.6328125,0.3515625,0.6201172,1,2,2,True,False,0.24249505
214,1139849,YDR530C,YLR386W,YPL177C,0.5315755,0.10697805,0.67285156,0.4140625,0.5078125,2,1,2,True,False,0.20124714
215,19853931,YLR386W,YPL181W,YPL177C,0.5315755,0.038199145,0.47851562,0.56689453,0.5493164,1,2,2,True,False,0.07186025
216,19954970,YNL071W,YOR123C,YPL177C,0.53068036,0.14605328,0.32983398,0.58935547,0.67285156,1,2,2,True,False,0.27521893
217,3077847,YDR530C,YOR099W,YOR304W,0.5301921,0.2385656,0.86621094,0.3359375,0.38842773,2,1,2,True,False,0.44996068
218,16073939,YNL071W,YBR001C,YPL177C,0.52596027,0.2255398,0.5073242,0.81103516,0.25952148,2,1,1,True,False,0.42881528
219,1566585,YKL008C,YPL053C,YDR169C,0.5224304,0.43261334,0.4152832,0.054351807,1.0976562,2,1,2,True,False,0.8280784
220,26960048,YDR483W,YIL006W,YPL181W,0.5189921,0.67365867,0.03894043,0.0463562,1.4716797,2,1,1,True,False,1.2980133
221,3051870,YDR530C,YDR001C,YDR099W,0.51798505,0.39940202,1.0810547,0.27514648,0.1977539,2,1,2,True,False,0.77106863
222,32714621,YBR001C,YDR099W,YOR304W,0.5154622,0.40345553,1.0654297,0.10888672,0.3720703,1,2,2,True,False,0.7827063
223,5311095,YNL071W,YGR193C,YPL181W,0.51542157,0.50638497,0.22497559,1.2275391,0.09375,2,1,2,True,False,0.98246753
224,32713997,YBR001C,YBR028C,YPL089C,0.5147298,0.31267062,0.7993164,0.0793457,0.66552734,1,2,2,True,False,0.60744613
225,5910291,YPL053C,YOR099W,YDR099W,0.51222736,0.31883195,0.66259766,0.8051758,0.06890869,2,1,2,True,False,0.62244225
226,4281841,YKL069W,YBR001C,YPL181W,0.5109253,0.55948675,0.1373291,1.3017578,0.093688965,2,1,2,True,False,1.095046
227,3047113,YDR530C,YBR001C,YDR099W,0.5107829,0.3583418,1.0029297,0.16003418,0.36938477,2,1,2,True,False,0.70155406
228,18700414,YPL053C,YDR099W,YOR304W,0.5099284,0.43249232,1.109375,0.10498047,0.3154297,1,2,3,True,False,0.8481432
229,5892118,YPL053C,YGR193C,YPL089C,0.50805664,0.25572523,0.38671875,0.86376953,0.27368164,2,1,2,True,False,0.50334
230,22108723,YNL071W,YGL096W,YPL177C,0.5074056,0.20388791,0.7109375,0.58251953,0.22875977,1,2,1,True,False,0.40182433
231,23424990,YBR001C,YOR099W,YOR304W,0.5069173,0.16895077,0.45654297,0.32983398,0.734375,2,1,1,True,False,0.3332906
232,13093383,YKL008C,YDR483W,YPL139C,0.5038503,0.64130205,1.4101562,0.021377563,0.08001709,2,1,1,True,False,1.2728028
233,35528974,YDR483W,YOR304W,YPL177C,0.50354004,0.28008592,0.53271484,0.14685059,0.8310547,1,2,1,True,False,0.55623364
234,5889908,YPL053C,YGL017W,YPL181W,0.50040436,0.6987516,0.027801514,1.4882812,-0.01486969,2,1,2,False,False,1.396374
235,1357589,YGR121C,YLR386W,YPL177C,0.5003255,0.15152584,0.5883789,0.28710938,0.6254883,2,1,2,True,False,0.3028545
236,20893008,YDR452W,YGL096W,YPL177C,0.49995932,0.19363888,0.55810547,0.7026367,0.23913574,1,2,1,True,False,0.38730925
237,21598856,YKL069W,YDR507C,YPL177C,0.49975586,0.39283833,1.0546875,0.24511719,0.19946289,1,2,1,True,False,0.78606045
238,9677157,YDR530C,YDR483W,YPL139C,0.4991862,0.5443217,1.2617188,0.026611328,0.20922852,2,1,1,True,False,1.0904182
239,18648400,YLR386W,YLR131C,YOR304W,0.49902344,0.16737165,0.7158203,0.3083496,0.4729004,1,2,3,True,False,0.33539838
240,1724118,YLR386W,YNL071W,YPL177C,0.49812827,0.15184478,0.6098633,0.28344727,0.6010742,2,1,2,True,False,0.3048307
241,18699787,YPL053C,YBR028C,YOR304W,0.497996,0.37223813,0.95214844,0.040374756,0.50146484,1,2,3,True,False,0.7474721
242,35529398,YDR483W,YPL089C,YDR169C,0.4971517,0.5816589,0.15161133,0.0234375,1.3164062,1,2,1,True,False,1.1699827
243,34082340,YBR001C,YOR123C,YPL177C,0.49650064,0.10598559,0.43603516,0.40795898,0.6455078,1,2,1,True,False,0.21346515
244,4434668,YKR053C,YDR483W,YPL181W,0.49552408,0.17602684,0.49291992,0.28125,0.71240234,2,1,2,True,False,0.35523367
245,34083528,YBR001C,YPL181W,YDR169C,0.49497476,0.5459166,0.13110352,0.08721924,1.2666016,1,2,1,True,False,1.102918
246,1144284,YDR530C,YPL053C,YDR169C,0.49420166,0.4254273,0.39526367,0.029724121,1.0576172,2,1,2,True,False,0.86083746
247,26968356,YDR483W,YLR211C,YPL181W,0.49416605,0.38524425,0.5756836,0.9199219,-0.0131073,2,1,1,False,False,0.77958465
248,19853740,YLR386W,YPL089C,YPL177C,0.4909668,0.08485634,0.53808594,0.37182617,0.5629883,1,2,2,True,False,0.17283519
249,3077799,YDR530C,YOR099W,YDR099W,0.48718262,0.32664293,0.7519531,0.6826172,0.026977539,2,1,2,True,False,0.6704733
250,4434664,YKR053C,YDR483W,YOR304W,0.48687744,0.33174,0.8769531,0.066101074,0.5175781,2,1,2,True,False,0.68136245
251,20159722,YPL053C,YOR123C,YPL177C,0.48649088,0.14015704,0.54833984,0.29248047,0.61865234,1,2,2,True,False,0.28809798
252,19956307,YNL071W,YPL181W,YPL177C,0.48575845,0.33429882,0.22314453,0.95751953,0.27661133,1,2,2,True,False,0.6881997
253,16073938,YNL071W,YBR001C,YPL139C,0.48327637,0.35487896,0.95458984,0.0982666,0.39697266,2,1,1,True,False,0.7343189
254,11221965,YGR121C,YDR001C,YPL139C,0.48225912,0.60821337,1.3417969,0.024536133,0.080444336,2,1,1,True,False,1.2611754
255,35528280,YDR483W,YOR123C,YGL096W,0.48217773,0.15940383,0.6464844,0.26635742,0.5336914,1,2,1,True,False,0.33059144
256,1566733,YKL008C,YPL053C,YPL139C,0.48111978,0.6169808,1.3525391,0.007080078,0.083740234,2,1,2,True,False,1.282385
257,1766017,YNL071W,YPL053C,YGL096W,0.47981772,0.29851842,0.8989258,0.22631836,0.31420898,2,1,2,True,False,0.62214965
258,1485998,YJL139C,YKL069W,YDR507C,0.47847494,0.5187235,1.2099609,0.064697266,0.1607666,2,1,2,True,False,1.0841184
259,32871602,YDR001C,YDR099W,YOR304W,0.4784546,0.46525145,1.1357422,0.1239624,0.17565918,1,2,2,True,False,0.9724046
260,1486132,YJL139C,YKL069W,YPL177C,0.47792563,0.35989347,0.94628906,0.07122803,0.41625977,2,1,2,True,False,0.7530324
261,18699739,YPL053C,YBR028C,YDR099W,0.47735596,0.4157781,1.0478516,0.06878662,0.3154297,1,2,3,True,False,0.8710022
262,5893057,YPL053C,YHL003C,YPL181W,0.47725424,0.2610173,0.115356445,0.7211914,0.59521484,2,1,2,True,False,0.5469146
263,4281840,YKL069W,YBR001C,YPL089C,0.47688803,0.24674378,0.28442383,0.8251953,0.32104492,2,1,2,True,False,0.517404
264,34992264,YDR001C,YPL181W,YPL177C,0.4766439,0.56379867,0.121276855,1.2724609,0.036193848,1,2,1,True,False,1.182851
265,3091050,YDR538W,YDR483W,YPL181W,0.4761556,0.03305339,0.4633789,0.44360352,0.5214844,2,1,2,True,False,0.0694172
266,36181048,YGL202W,YOR123C,YPL177C,0.47535196,0.43172434,0.053009033,1.0683594,0.3046875,1,2,1,True,False,0.9082204
267,1566734,YKL008C,YPL053C,YPL177C,0.47446695,0.40994406,0.31420898,1.0371094,0.07208252,2,1,2,True,False,0.86400974
268,19596654,YKL069W,YOR123C,YPL177C,0.47408548,0.4874125,0.0064849854,1.1464844,0.2692871,1,2,2,True,False,1.028111
269,309806,YGR121C,YKL008C,YPL089C,0.47194418,0.3277998,0.06866455,0.87158203,0.47558594,2,1,3,True,False,0.6945732
270,5894598,YPL053C,YIL006W,YPL181W,0.47162881,0.59458727,0.04953003,0.052856445,1.3125,2,1,2,True,False,1.2607102
271,9655574,YDR530C,YBR001C,YPL139C,0.470754,0.4840955,1.1455078,0.033111572,0.23364258,2,1,1,True,False,1.0283407
272,23424993,YBR001C,YOR099W,YPL089C,0.4705709,0.33737925,0.7919922,0.6152344,0.004486084,2,1,1,True,False,0.71695733
273,19853167,YLR386W,YOR304W,YPL177C,0.4686686,0.11932264,0.3388672,0.44018555,0.6269531,1,2,2,True,False,0.25459918
274,311749,YGR121C,YNL071W,YPL089C,0.46850586,0.11595335,0.37036133,0.63134766,0.4038086,2,1,3,True,False,0.24749605
275,13071652,YKL008C,YBR001C,YDR169C,0.468455,0.49879235,0.1730957,0.06137085,1.1708984,2,1,1,True,False,1.0647604
276,1155702,YDR538W,YLR386W,YPL177C,0.4683431,0.11389281,0.45092773,0.3383789,0.61572266,2,1,2,True,False,0.24318242
277,18666368,YNL071W,YPL089C,YPL181W,0.4663086,0.047846578,0.40820312,0.5253906,0.46533203,1,2,3,True,False,0.10260711
278,32713994,YBR001C,YBR028C,YOR304W,0.46575928,0.34316036,0.8833008,0.042785645,0.4711914,1,2,2,True,False,0.73677623
279,21600663,YKL069W,YGL096W,YPL177C,0.46573892,0.23924753,0.43139648,0.77441406,0.19140625,1,2,1,True,False,0.5136945
280,15288165,YLR386W,YHR216W,YPL177C,0.46547446,0.32146817,0.8701172,0.0836792,0.44262695,2,1,1,True,False,0.6906247
281,19097571,YDR452W,YOR123C,YPL177C,0.4650065,0.36168984,0.26904297,0.97216797,0.1538086,1,2,2,True,False,0.7778167
282,242003,YDR538W,YPL053C,YPL181W,0.4645996,0.014231535,0.46777344,0.4802246,0.44580078,2,1,3,True,False,0.030631827
283,1144432,YDR530C,YPL053C,YPL139C,0.4643351,0.56010777,1.2539062,0.0146484375,0.12445068,2,1,2,True,False,1.2062576
284,22601636,YLR386W,YPL177C,YJL168C,0.46354166,0.3700214,0.037841797,0.9399414,0.4128418,2,2,2,True,False,0.7982484
285,34992263,YDR001C,YPL181W,YPL139C,0.46230063,0.53439337,1.2177734,0.06695557,0.10217285,1,2,1,True,False,1.1559434
286,23417557,YBR001C,YLR211C,YPL181W,0.46164703,0.465798,0.2993164,1.0957031,-0.01007843,2,1,1,False,False,1.0089916
287,1723997,YLR386W,YNL071W,YGL096W,0.46036783,0.1845092,0.65625,0.21313477,0.51171875,2,1,2,True,False,0.4007865
288,21969926,YLR386W,YLR113W,YPL177C,0.45768228,0.074714296,0.5126953,0.5083008,0.35205078,1,2,1,True,False,0.16324489
289,17751725,YPL053C,YDR483W,YDR169C,0.45592245,0.49721012,0.16955566,0.042938232,1.1552734,2,1,1,True,False,1.0905585
290,35529546,YDR483W,YPL089C,YPL139C,0.45534262,0.5130621,1.1806641,0.075927734,0.109436035,1,2,1,True,False,1.1267606
291,20160295,YPL053C,YOR304W,YPL177C,0.45526123,0.29585359,0.5131836,0.06744385,0.78515625,1,2,2,True,False,0.64985454
292,22407743,YPL053C,YPL139C,YPL177C,0.45418295,0.3110371,0.7631836,0.028564453,0.5708008,1,2,1,True,False,0.68482774
293,4289411,YKL069W,YDR483W,YPL089C,0.45336914,0.10868527,0.4020996,0.6044922,0.35351562,2,1,2,True,False,0.23972799
294,19161556,YDR530C,YOR123C,YPL177C,0.4523112,0.13057368,0.30932617,0.42260742,0.625,1,2,2,True,False,0.28868106
295,28814757,YGR193C,YOR099W,YDR099W,0.4522451,0.30923966,0.6254883,0.7133789,0.017868042,2,1,1,True,False,0.68378776
296,400658,YKR053C,YPL053C,YPL089C,0.45117188,0.09702862,0.5830078,0.4182129,0.35229492,2,1,3,True,False,0.2150591
297,13175323,YKL069W,YBR001C,YPL177C,0.4510498,0.33274317,0.3190918,0.9082031,0.12585449,2,1,1,True,False,0.7377083
298,13093384,YKL008C,YDR483W,YPL177C,0.4494222,0.39524108,0.24633789,1.0019531,0.099975586,2,1,1,True,False,0.8794427
299,383444,YKL008C,YNL071W,YBR028C,0.448527,0.32093713,0.89697266,0.16369629,0.2849121,2,1,3,True,False,0.71553576
300,25735489,YDR001C,YGL017W,YPL181W,0.44441476,0.62911415,0.012908936,1.3339844,-0.013648987,2,1,1,False,False,1.4156014
301,18700417,YPL053C,YDR099W,YPL089C,0.44366455,0.39378935,0.9916992,0.08392334,0.2553711,1,2,3,True,False,0.88758355
302,32713946,YBR001C,YBR028C,YDR099W,0.44148764,0.29847875,0.8203125,0.09082031,0.41333008,1,2,2,True,False,0.676075
303,35529738,YDR483W,YPL181W,YPL177C,0.4399821,0.4472301,0.13745117,1.0722656,0.11022949,1,2,1,True,False,1.0164734
304,32964467,YDR483W,YDR099W,YPL089C,0.43933105,0.299901,0.8222656,0.08996582,0.40576172,1,2,2,True,False,0.682631
305,13085362,YKL008C,YDR001C,YPL177C,0.4383545,0.47736079,0.17468262,1.1083984,0.031982422,2,1,1,True,False,1.0889834
306,1139728,YDR530C,YLR386W,YGL096W,0.43815103,0.16374834,0.65283203,0.25561523,0.40600586,2,1,2,True,False,0.37372577
307,23424942,YBR001C,YOR099W,YDR099W,0.43732706,0.273286,0.5649414,0.6894531,0.05758667,2,1,1,True,False,0.62490076
308,19841898,YLR386W,YBR028C,YPL177C,0.4363607,0.07809558,0.32592773,0.49291992,0.49023438,1,2,2,True,False,0.17897025
309,32872925,YDR001C,YOR304W,YPL089C,0.4321289,0.25357458,0.75439453,0.13476562,0.40722656,1,2,2,True,False,0.5868031
310,34992143,YDR001C,YPL181W,YGL096W,0.43200684,0.5066638,0.08416748,1.1484375,0.06341553,1,2,1,True,False,1.1728144
311,23819557,YBR177C,YDR483W,YPL181W,0.43174234,0.51996094,0.054382324,0.07385254,1.1669922,2,1,1,True,False,1.2043316
312,19843878,YLR386W,YDR099W,YGL096W,0.4309896,0.08638861,0.50146484,0.30932617,0.48217773,1,2,2,True,False,0.20044245
313,3077788,YDR530C,YOR099W,YBR028C,0.42834473,0.19751795,0.68652344,0.20690918,0.39160156,2,1,2,True,False,0.46111912
314,32870927,YDR001C,YBR028C,YDR099W,0.4268392,0.3830541,0.9658203,0.11022949,0.20446777,1,2,2,True,False,0.89742017
315,23409249,YBR001C,YIL006W,YPL181W,0.4250183,0.5067827,0.05557251,0.07788086,1.1416016,2,1,1,True,False,1.1923785
316,15288044,YLR386W,YHR216W,YGL096W,0.4243571,0.32081518,0.8510742,0.07751465,0.34448242,2,1,1,True,False,0.75600284
317,25755872,YDR001C,YOR099W,YDR099W,0.42389932,0.2668911,0.58691406,0.63720703,0.047576904,2,1,1,True,False,0.62960964
318,1563678,YKL008C,YNL071W,YPL177C,0.4235026,0.22846036,0.2644043,0.74658203,0.25952148,2,1,2,True,False,0.53945446
319,1562029,YKL008C,YLR386W,YGL096W,0.42329916,0.14525083,0.45532227,0.23156738,0.5830078,2,1,2,True,False,0.3431399
320,34083677,YBR001C,YPL181W,YPL177C,0.42196655,0.48021388,0.10534668,1.1005859,0.05996704,1,2,1,True,False,1.1380378
321,21959621,YLR386W,YDR213W,YPL177C,0.42118326,0.23563774,0.7363281,0.35742188,0.1697998,1,2,1,True,False,0.55946606
322,13071800,YKL008C,YBR001C,YPL139C,0.41904703,0.43365568,1.0244141,0.031311035,0.20141602,2,1,1,True,False,1.0348616
323,13233826,YKL069W,YKR061W,YDR507C,0.41878256,0.37807733,0.9433594,0.06689453,0.24609375,2,1,1,True,False,0.90280104
324,34990806,YDR001C,YOR123C,YGL096W,0.41829428,0.108672716,0.5253906,0.2692871,0.46020508,1,2,1,True,False,0.25979966
325,31168711,YLL012W,YLR020C,YOR061W,0.41729736,0.26884952,0.41333008,0.74853516,0.090026855,2,1,1,True,False,0.6442636
326,21972170,YLR386W,YPL026C,YPL177C,0.4169108,0.21202844,0.5004883,0.6245117,0.12573242,1,2,1,True,False,0.5085703
327,1357468,YGR121C,YLR386W,YGL096W,0.4165853,0.17147113,0.5942383,0.18481445,0.47070312,2,1,2,True,False,0.4116111
328,11295734,YGR121C,YOR099W,YDR169C,0.41625977,0.20440166,0.6489258,0.15136719,0.44848633,2,1,1,True,False,0.4910435
329,16095515,YNL071W,YDR483W,YPL026C,0.4159101,0.4993093,1.1171875,0.13684082,-0.006298065,2,1,1,False,False,1.2005222
330,39943366,YOR099W,YOR123C,YPL177C,0.41540527,0.1487422,0.5136719,0.2052002,0.52734375,1,2,1,True,False,0.35806528
331,9669135,YDR530C,YDR001C,YPL139C,0.41335043,0.4617776,1.0625,0.027038574,0.1505127,2,1,1,True,False,1.1171577
332,16161417,YNL071W,YOR099W,YPL177C,0.41322836,0.4047297,0.98535156,0.11248779,0.1418457,2,1,1,True,False,0.9794335
333,13188884,YKL069W,YDR001C,YPL177C,0.41296387,0.3813519,0.15356445,0.95214844,0.13317871,2,1,1,True,False,0.923451
334,19955543,YNL071W,YOR304W,YPL177C,0.4129232,0.17283873,0.5673828,0.17163086,0.49975586,1,2,2,True,False,0.41857356
335,36462582,YGR193C,YOR123C,YPL177C,0.41267905,0.21019742,0.16479492,0.67871094,0.39453125,1,2,1,True,False,0.5093484
336,21972286,YLR386W,YPL177C,YPR096C,0.41259766,0.07816085,0.47607422,0.30249023,0.45922852,1,2,1,True,False,0.189436
337,25748487,YDR001C,YLR211C,YPL181W,0.41257477,0.44757634,0.21459961,1.0322266,-0.009101868,2,1,1,False,False,1.084837
338,15317197,YLR386W,YML056C,YPL177C,0.41241455,0.2854339,0.7988281,0.11810303,0.3203125,2,1,1,True,False,0.69210434
339,19494278,YJL139C,YOR123C,YPL177C,0.41178384,0.20746307,0.66259766,0.15454102,0.4182129,1,2,2,True,False,0.5038155
340,5299709,YNL071W,YBR205W,YBR028C,0.41101074,0.2603438,0.6958008,0.06652832,0.47070312,2,1,2,True,False,0.6334233
341,19174353,YDR538W,YOR123C,YPL177C,0.4107666,0.17947328,0.19274902,0.6323242,0.40722656,1,2,2,True,False,0.43692276
342,32963789,YDR483W,YBR028C,YDR099W,0.4104004,0.27872357,0.77001953,0.09082031,0.37036133,1,2,2,True,False,0.67915034
343,29787669,YIL111W,YNL052W,YER111C,0.4102173,0.3174272,0.25805664,0.8520508,0.12054443,2,1,1,True,False,0.7738026
344,21972263,YLR386W,YPL139C,YPL177C,0.41015625,0.1283172,0.43530273,0.24194336,0.55322266,1,2,1,True,False,0.31284958
345,20161059,YPL053C,YPL181W,YPL177C,0.40987143,0.38183674,0.20617676,0.9448242,0.07861328,1,2,2,True,False,0.9316013
346,32870975,YDR001C,YBR028C,YOR304W,0.40970865,0.35989004,0.9013672,0.049926758,0.27783203,1,2,2,True,False,0.8784048
347,21972016,YLR386W,YOR179C,YPL177C,0.4085795,0.45204628,0.12030029,1.046875,0.058563232,1,2,1,True,False,1.1063851
348,1144433,YDR530C,YPL053C,YPL177C,0.40828452,0.18589544,0.5209961,0.5576172,0.14624023,2,1,2,True,False,0.4553086
349,4286598,YKL069W,YDR001C,YPL181W,0.4068502,0.5417505,0.0107421875,1.1728516,0.036956787,2,1,2,True,False,1.3315724
350,21959461,YLR386W,YDR169C,YPL177C,0.40600586,0.26205748,0.087646484,0.4008789,0.7294922,1,2,1,True,False,0.64545244
351,18664415,YNL071W,YBR028C,YPL181W,0.40600586,0.31649897,0.85302734,0.1628418,0.20214844,1,2,3,True,False,0.77954286
352,400655,YKR053C,YPL053C,YOR304W,0.40193686,0.2788122,0.77001953,0.095458984,0.34033203,2,1,3,True,False,0.69367164
353,19954849,YNL071W,YOR123C,YGL096W,0.4012858,0.0806562,0.43115234,0.29101562,0.48168945,1,2,2,True,False,0.2009944
354,23404559,YBR001C,YGL017W,YPL181W,0.40117392,0.56511605,0.016082764,1.2001953,-0.012756348,2,1,1,False,False,1.408656
355,11295883,YGR121C,YOR099W,YPL177C,0.4009908,0.3247477,0.80908203,0.37939453,0.01449585,2,1,1,True,False,0.8098632
356,19597991,YKL069W,YPL181W,YPL177C,0.40079752,0.14380087,0.29223633,0.6040039,0.30615234,1,2,2,True,False,0.35878682
357,16095344,YNL071W,YDR483W,YAL017W,0.40075684,0.45549622,1.0449219,0.08062744,0.07672119,2,1,1,True,False,1.13659
358,13071801,YKL008C,YBR001C,YPL177C,0.39993286,0.40969655,0.16906738,0.97558594,0.055145264,2,1,1,True,False,1.0244133
359,4427097,YKR053C,YBR001C,YPL181W,0.39876303,0.11702808,0.24975586,0.41088867,0.53564453,2,1,2,True,False,0.29347774
360,25754383,YDR001C,YNR033W,YPL181W,0.3984076,0.5579726,0.0040893555,1.1875,0.0036334991,2,1,1,True,False,1.400507
361,23990679,YBR205W,YDR483W,YBR028C,0.39597574,0.23487282,0.47924805,0.0758667,0.6328125,2,1,1,True,False,0.59314954
362,22609276,YNL071W,YPL177C,YJL168C,0.39567056,0.044316437,0.3330078,0.4260254,0.42797852,2,2,2,True,False,0.11200337
363,16073818,YNL071W,YBR001C,YGL096W,0.39510092,0.14774124,0.5986328,0.33422852,0.2524414,2,1,1,True,False,0.37393293
364,15317076,YLR386W,YML056C,YGL096W,0.39481607,0.26629174,0.7661133,0.15466309,0.26367188,2,1,1,True,False,0.67447037
365,311687,YGR121C,YNL071W,YBR028C,0.3938395,0.27227122,0.77734375,0.17224121,0.2319336,2,1,3,True,False,0.6913253
366,21981708,YML008C,YGL096W,YPL177C,0.39328003,0.31632152,0.7402344,0.46435547,-0.024749756,1,2,1,False,False,0.8043163
367,3592951,YGR121C,YBR205W,YBR028C,0.3929647,0.2622018,0.6699219,0.04095459,0.46801758,2,1,2,True,False,0.6672401
368,9655426,YDR530C,YBR001C,YDR169C,0.39133707,0.40120524,0.17932129,0.04156494,0.953125,2,1,1,True,False,1.0252166
369,19853619,YLR386W,YPL089C,YGL096W,0.39111328,0.07627692,0.4650879,0.2861328,0.42211914,1,2,2,True,False,0.19502513
370,15315669,YLR386W,YLR432W,YPL177C,0.39095053,0.19821265,0.6582031,0.18408203,0.3305664,2,1,1,True,False,0.5070019
371,383455,YKL008C,YNL071W,YDR099W,0.39072672,0.3047927,0.8125,0.25683594,0.10284424,2,1,3,True,False,0.7800662
372,35517556,YDR483W,YBR028C,YDR169C,0.39059448,0.43879217,0.116760254,0.04525757,1.0097656,1,2,1,True,False,1.1233957
373,5892067,YPL053C,YGR193C,YDR099W,0.38974,0.28969023,0.7402344,0.39819336,0.030792236,2,1,2,True,False,0.743291
374,23419768,YBR001C,YML106W,YPL181W,0.3896586,0.2991601,0.49829102,-0.01876831,0.6894531,2,1,1,False,False,0.76774925
375,26979545,YDR483W,YPR026W,YPL181W,0.38915,0.48521882,0.05886841,0.03338623,1.0751953,2,1,1,True,False,1.2468684
376,15259324,YLR386W,YDR001C,YPL177C,0.3889974,0.056754276,0.42041016,0.43725586,0.30932617,2,1,1,True,False,0.14589885
377,5299575,YNL071W,YBR199W,YBR028C,0.38897705,0.22549209,0.45166016,0.08685303,0.62841797,2,1,2,True,False,0.57970536
378,28814746,YGR193C,YOR099W,YBR028C,0.38763428,0.21407267,0.6323242,0.41967773,0.11090088,2,1,1,True,False,0.55225426
379,356281,YJL139C,YKL069W,YLR131C,0.38756308,0.46157235,1.0351562,-0.007232666,0.13476562,2,1,3,False,False,1.1909605
380,5299768,YNL071W,YBR205W,YOR304W,0.38745055,0.4111202,0.9560547,-0.0019550323,0.20825195,2,1,2,False,False,1.0610908
381,19853810,YLR386W,YPL181W,YGL096W,0.38728842,0.029455364,0.3959961,0.34765625,0.4182129,1,2,2,True,False,0.07605537
382,16087499,YNL071W,YDR001C,YPL139C,0.3866577,0.35130474,0.87841797,0.07952881,0.20202637,2,1,1,True,False,0.9085678
383,34083556,YBR001C,YPL181W,YGL096W,0.38527426,0.42190242,0.086120605,0.9819336,0.087768555,1,2,1,True,False,1.0950704
384,13191367,YKL069W,YDR109C,YPL177C,0.38518777,0.3324105,0.3071289,0.8256836,0.022750854,2,1,1,True,False,0.86298305
385,11295894,YGR121C,YOR099W,YPR096C,0.38476562,0.03708099,0.35473633,0.36254883,0.43701172,2,1,1,True,False,0.096372925
386,13610845,YKR053C,YDR483W,YDR169C,0.38450113,0.39627963,0.17468262,0.039367676,0.9394531,2,1,1,True,False,1.0306332
387,35529617,YDR483W,YPL181W,YGL096W,0.3844401,0.36855283,0.10681152,0.90527344,0.14123535,1,2,1,True,False,0.9586743
388,9677158,YDR530C,YDR483W,YPL177C,0.3844401,0.15449367,0.36865234,0.5810547,0.20361328,2,1,1,True,False,0.4018667
389,11229858,YGR121C,YDR483W,YER139C,0.3841165,0.4957568,1.0839844,-0.0018863678,0.070251465,2,1,1,False,False,1.2906418
390,25755920,YDR001C,YOR099W,YOR304W,0.38387045,0.20451605,0.24975586,0.2290039,0.67285156,2,1,1,True,False,0.5327736
391,16073761,YNL071W,YBR001C,YAL017W,0.38370767,0.40006766,0.94921875,0.11608887,0.08581543,2,1,1,True,False,1.0426366
392,22017998,YMR015C,YGL096W,YPL177C,0.38356528,0.2520491,0.12213135,0.7241211,0.30444336,1,2,1,True,False,0.6571218
393,22582536,YKL069W,YPL177C,YJL168C,0.3834025,0.4088533,-0.042419434,0.9350586,0.25756836,2,2,2,False,False,1.0663815
394,4427093,YKR053C,YBR001C,YOR304W,0.38285318,0.25756258,0.71533203,0.087768555,0.34545898,2,1,2,True,False,0.67274505
395,21963562,YLR386W,YGL096W,YPL139C,0.3824056,0.09520218,0.43920898,0.24829102,0.4597168,1,2,1,True,False,0.24895602
396,3593010,YGR121C,YBR205W,YOR304W,0.38239542,0.4279616,0.9790039,-0.004058838,0.17224121,2,1,2,False,False,1.1191598
397,21598116,YKL069W,YDR423C,YPL177C,0.38232422,0.2168054,0.66259766,0.34985352,0.13452148,1,2,1,True,False,0.5670721
398,13093275,YKL008C,YDR483W,YGR262C,0.38158163,0.40281108,0.94873047,0.14428711,0.051727295,2,1,1,True,False,1.0556355
399,13093263,YKL008C,YDR483W,YGL096W,0.38142905,0.3013671,0.17077637,0.8076172,0.16589355,2,1,1,True,False,0.79010004
400,20159601,YPL053C,YOR123C,YGL096W,0.38119507,0.2332681,0.5722656,0.052764893,0.5185547,1,2,2,True,False,0.6119389
401,16087379,YNL071W,YDR001C,YGL096W,0.38094077,0.14599316,0.5439453,0.4091797,0.18969727,2,1,1,True,False,0.38324374
402,3593014,YGR121C,YBR205W,YPL181W,0.38086954,0.346921,0.8496094,0.021026611,0.27197266,2,1,2,True,False,0.9108657
403,35528825,YDR483W,YOR304W,YDR169C,0.38045248,0.32761165,0.30932617,0.01953125,0.8125,1,2,1,True,False,0.86111057
404,17751873,YPL053C,YDR483W,YPL139C,0.38020834,0.45345336,1.0214844,0.06149292,0.057647705,2,1,1,True,False,1.1926445
405,20160867,YPL053C,YPL089C,YPL139C,0.37984213,0.44740996,1.0117188,0.03540039,0.09240723,1,2,2,True,False,1.177884
406,5892115,YPL053C,YGR193C,YOR304W,0.37984213,0.19466314,0.6542969,0.26123047,0.22399902,2,1,2,True,False,0.5124843
407,15267346,YLR386W,YDR483W,YPL177C,0.37947592,0.13691571,0.5517578,0.36987305,0.21679688,2,1,1,True,False,0.3608021
408,21598735,YKL069W,YDR507C,YGL096W,0.3791504,0.33067715,0.8461914,0.125,0.16625977,1,2,1,True,False,0.872153
409,1765960,YNL071W,YPL053C,YAL017W,0.37778726,0.41479367,0.96435547,0.07867432,0.09033203,2,1,2,True,False,1.0979557
410,19594228,YKL069W,YML007W,YDR507C,0.37773642,0.3816416,0.9086914,0.02835083,0.19616699,1,2,2,True,False,1.0103383
411,11295882,YGR121C,YOR099W,YPL139C,0.3775463,0.541677,1.1435547,-0.0121154785,0.0011997223,2,1,1,False,False,1.4347299
412,34083337,YBR001C,YPL089C,YDR169C,0.3770803,0.45709634,0.08630371,0.022476196,1.0224609,1,2,1,True,False,1.212199
413,29126694,YHL003C,YOR099W,YPL181W,0.37686157,0.2457652,0.043182373,0.6279297,0.45947266,2,1,1,True,False,0.6521365
414,1362173,YGR121C,YPL053C,YPL177C,0.3763021,0.20600042,0.46875,0.56933594,0.09082031,2,1,2,True,False,0.5474336
415,13193907,YKL069W,YDR321W,YDR507C,0.37628174,0.37074092,0.89990234,0.09124756,0.13769531,2,1,1,True,False,0.9852748
416,34082219,YBR001C,YOR123C,YGL096W,0.37626138,0.15303652,0.45703125,0.1619873,0.5097656,1,2,1,True,False,0.40672928
417,1362043,YGR121C,YPL053C,YER139C,0.3761495,0.4755126,1.0478516,0.012359619,0.068237305,2,1,2,True,False,1.2641585
418,16161416,YNL071W,YOR099W,YPL139C,0.37604582,0.4481545,1.0058594,-0.0002194643,0.12249756,2,1,1,False,False,1.191755
419,15290839,YLR386W,YIL160C,YPL177C,0.37471518,0.21085589,0.14001465,0.33276367,0.6513672,2,1,1,True,False,0.56270975
420,21607026,YKL069W,YLR113W,YPL177C,0.3745931,0.1815899,0.39526367,0.5859375,0.14257812,1,2,1,True,False,0.48476574
421,4431854,YKR053C,YDR001C,YPL181W,0.37443033,0.07161199,0.40454102,0.44311523,0.27563477,2,1,2,True,False,0.19125585
422,21591241,YKL008C,YPL177C,YPR096C,0.37423706,0.34458268,0.050567627,0.22058105,0.8515625,1,2,1,True,False,0.92076045
423,5914095,YPL053C,YPR026W,YPL181W,0.37298074,0.4775156,0.056610107,0.014480591,1.0478516,2,1,2,True,False,1.2802688
424,26957517,YDR483W,YGR193C,YDR099W,0.37234497,0.26053917,0.6816406,0.39111328,0.044281006,2,1,1,True,False,0.6997252
425,15281289,YLR386W,YGR193C,YPL177C,0.37137857,0.13196872,0.21252441,0.3659668,0.53564453,2,1,1,True,False,0.35534823
426,34082913,YBR001C,YOR304W,YPL177C,0.37121582,0.17619464,0.3203125,0.1854248,0.60791016,1,2,1,True,False,0.47464204
427,897852,YDL100C,YLR386W,YPL177C,0.37101236,0.12841524,0.19824219,0.5058594,0.40893555,2,1,2,True,False,0.3461212
428,35886717,YFL060C,YOR123C,YPL177C,0.3708903,0.17628989,0.15979004,0.5913086,0.36157227,1,2,1,True,False,0.47531545
429,19865391,YML008C,YOR123C,YPL177C,0.37065125,0.3149708,0.32226562,0.7783203,0.011367798,1,2,2,True,False,0.8497767
430,19853046,YLR386W,YOR304W,YGL096W,0.37060547,0.094532564,0.27978516,0.3310547,0.50097656,1,2,2,True,False,0.25507602
431,5033155,YLR386W,YML056C,YLR131C,0.37013754,0.32017273,0.78808594,0.010314941,0.31201172,2,1,2,True,False,0.86501014
432,1566625,YKL008C,YPL053C,YGR262C,0.36979166,0.4766989,1.0439453,0.032073975,0.033355713,2,1,2,True,False,1.2891012
433,19956186,YNL071W,YPL181W,YGL096W,0.36979166,0.22548836,0.1706543,0.6850586,0.2536621,1,2,2,True,False,0.6097714
434,4286597,YKL069W,YDR001C,YPL089C,0.36931357,0.32590973,0.056427002,0.81884766,0.23266602,2,1,2,True,False,0.8824743
435,400607,YKR053C,YPL053C,YDR099W,0.36895752,0.3349113,0.84228516,0.117492676,0.14709473,2,1,3,True,False,0.9077232
436,18647330,YLR386W,YDR099W,YLR131C,0.36889648,0.20683222,0.64746094,0.15234375,0.30688477,1,2,3,True,False,0.5606782
437,5072528,YML008C,YNL052W,YER111C,0.36786905,0.34576762,0.20483398,0.8486328,0.05014038,2,1,2,True,False,0.93992037
438,5022971,YLR386W,YHR216W,YLR131C,0.36776733,0.30219653,0.7182617,-0.019256592,0.40429688,2,1,2,False,False,0.82170576
439,1485982,YJL139C,YKL069W,YDR122W,0.367452,0.29764473,0.7734375,0.06817627,0.2607422,2,1,2,True,False,0.8100234
440,1571700,YKL069W,YLR386W,YPL177C,0.3674113,0.38506022,0.062927246,0.91064453,0.12866211,2,1,2,True,False,1.0480359
441,20160719,YPL053C,YPL089C,YDR169C,0.36709085,0.42432672,0.12322998,0.014175415,0.9638672,1,2,2,True,False,1.1559174
442,15281168,YLR386W,YGR193C,YGL096W,0.36645508,0.059188873,0.3005371,0.35473633,0.4440918,2,1,1,True,False,0.1615174
443,18665042,YNL071W,YDR099W,YPL181W,0.36590576,0.2330042,0.6508789,0.36669922,0.08013916,1,2,3,True,False,0.6367875
444,23990742,YBR205W,YDR483W,YPL181W,0.36564127,0.25163436,0.68408203,0.068847656,0.34399414,2,1,1,True,False,0.6882001
445,4434667,YKR053C,YDR483W,YPL089C,0.36543784,0.19015981,0.37890625,0.12609863,0.5913086,2,1,2,True,False,0.5203616
446,15315548,YLR386W,YLR432W,YGL096W,0.36543784,0.18439925,0.62402344,0.20690918,0.26538086,2,1,1,True,False,0.50459814
447,5059932,YML008C,YIL111W,YER111C,0.3645223,0.3581497,0.13793945,0.8701172,0.085510254,2,1,2,True,False,0.98251796
448,1489952,YJL139C,YLR386W,YPL177C,0.3643392,0.12439459,0.5175781,0.21289062,0.36254883,2,1,2,True,False,0.3414252
449,23922465,YBR199W,YDR483W,YOR304W,0.36402383,0.2680393,0.3762207,0.029815674,0.68603516,2,1,1,True,False,0.7363235
450,21961756,YLR386W,YDR507C,YPL177C,0.3638102,0.10936212,0.48999023,0.2232666,0.37817383,1,2,1,True,False,0.3006021
451,1486011,YJL139C,YKL069W,YGL096W,0.36353555,0.32889545,0.80859375,0.023956299,0.25805664,2,1,2,True,False,0.9047133
452,19584430,YKL008C,YOR304W,YPL177C,0.36315918,0.2325451,0.22265625,0.17590332,0.69091797,1,2,2,True,False,0.6403393
453,34992072,YDR001C,YPL089C,YPL139C,0.36242676,0.38881594,0.9121094,0.07519531,0.099975586,1,2,1,True,False,1.0728124
454,4281789,YKL069W,YBR001C,YDR099W,0.3623047,0.19130793,0.36791992,0.59375,0.12524414,2,1,2,True,False,0.5280305
455,5880461,YPL053C,YBR177C,YPL181W,0.36229452,0.4243499,0.06573486,0.058746338,0.96240234,2,1,2,True,False,1.1712843
456,21972282,YLR386W,YPL177C,YPR009W,0.3618978,0.07537907,0.46533203,0.2878418,0.33251953,1,2,1,True,False,0.2082883
457,19737421,YLR044C,YOR123C,YPL177C,0.3618164,0.15092078,0.15429688,0.50878906,0.42236328,1,2,2,True,False,0.41711977
458,13085241,YKL008C,YDR001C,YGL096W,0.36142984,0.3608458,0.14233398,0.8701172,0.07183838,2,1,1,True,False,0.9983841
459,21971876,YLR386W,YOL116W,YPL177C,0.3611857,0.22133619,0.08380127,0.6254883,0.37426758,1,2,1,True,False,0.6128044
460,5905117,YPL053C,YML106W,YPL181W,0.3611094,0.272125,0.6303711,-0.011642456,0.4645996,2,1,2,False,False,0.7535805
461,19353390,YGR121C,YOR123C,YGL096W,0.36079916,0.13909519,0.4489746,0.16442871,0.46899414,1,2,2,True,False,0.3855197
462,387905,YKL069W,YPL053C,YLR131C,0.3607788,0.49922994,1.0625,0.07727051,-0.057434082,2,1,3,False,False,1.3837563
463,13159170,YKL008C,YOR099W,YGR262C,0.36069742,0.48729447,1.0498047,0.021820068,0.010467529,2,1,1,True,False,1.3509785
464,32871605,YDR001C,YDR099W,YPL089C,0.36035156,0.30236787,0.77685547,0.068237305,0.23596191,1,2,2,True,False,0.8390913
465,3604337,YGR121C,YGR193C,YPL181W,0.3595581,0.36152485,0.14074707,0.8691406,0.06878662,2,1,2,True,False,1.0054699
466,5880733,YPL053C,YBR205W,YBR028C,0.35941568,0.20869793,0.44970703,0.07092285,0.5576172,2,1,2,True,False,0.580659
467,10854302,YGR015C,YLL012W,YPR096C,0.3593038,0.42416823,0.04660034,0.9589844,0.07232666,2,1,1,True,False,1.180528
468,311698,YGR121C,YNL071W,YDR099W,0.35921225,0.22246926,0.6328125,0.3569336,0.087890625,2,1,3,True,False,0.61932534
469,21961016,YLR386W,YDR423C,YPL177C,0.35913086,0.29211798,0.13964844,0.77197266,0.16577148,1,2,1,True,False,0.81340265
470,25737648,YDR001C,YGR193C,YDR099W,0.35907492,0.25427306,0.45751953,0.609375,0.0103302,2,1,1,True,False,0.7081337
471,23428746,YBR001C,YPR026W,YPL181W,0.3588562,0.44853184,0.038330078,0.045074463,0.99316406,2,1,1,True,False,1.249893
472,15259203,YLR386W,YDR001C,YGL096W,0.35847983,0.06518458,0.43847656,0.3581543,0.2788086,2,1,1,True,False,0.18183611
473,1573094,YKL069W,YNL071W,YDR507C,0.35809326,0.27569744,0.7397461,0.09820557,0.23632812,2,1,2,True,False,0.769904
474,32714624,YBR001C,YDR099W,YPL089C,0.35775757,0.23242098,0.6171875,0.053253174,0.40283203,1,2,2,True,False,0.6496605
475,17730142,YPL053C,YBR001C,YDR169C,0.35759482,0.40355325,0.11993408,0.027069092,0.92578125,2,1,1,True,False,1.128521
476,21605700,YKL069W,YJR127C,YPL177C,0.35749307,0.35678107,0.8574219,0.048431396,0.16662598,1,2,1,True,False,0.9980083
477,5902906,YPL053C,YLR211C,YPL181W,0.3568395,0.27134368,0.4584961,0.62646484,-0.014442444,2,1,2,False,False,0.76040816
478,1057719,YDR452W,YLR386W,YPL177C,0.3564453,0.20715436,0.1854248,0.6479492,0.23596191,2,1,2,True,False,0.5811673
479,356244,YJL139C,YKL069W,YBR083W,0.35627237,0.396696,0.9169922,0.09161377,0.06021118,2,1,3,True,False,1.1134627
480,1573228,YKL069W,YNL071W,YPL177C,0.35489908,0.15669395,0.3310547,0.5576172,0.17602539,2,1,2,True,False,0.44151694
481,16161268,YNL071W,YOR099W,YDR169C,0.3545939,0.20626783,0.49194336,0.06304932,0.50878906,2,1,1,True,False,0.5817016
482,4431850,YKR053C,YDR001C,YOR304W,0.3544108,0.29222456,0.7597656,0.08203125,0.22143555,2,1,2,True,False,0.82453626
483,4257989,YKL008C,YGR193C,YPL181W,0.35388184,0.34988675,0.13476562,0.84765625,0.07922363,2,1,2,True,False,0.98871064
484,21972236,YLR386W,YPL116W,YPL177C,0.3536377,0.17836298,0.19885254,0.6035156,0.25854492,1,2,1,True,False,0.5043664
485,19586206,YKL069W,YBR083W,YDR507C,0.35339355,0.41544265,0.94091797,0.06008911,0.059173584,1,2,2,True,False,1.1755807
486,35528853,YDR483W,YOR304W,YGL096W,0.35290527,0.23190925,0.2553711,0.13049316,0.67285156,1,2,1,True,False,0.65714306
487,26955358,YDR483W,YGL017W,YPL181W,0.3527883,0.49036366,0.025817871,1.0458984,-0.01335144,2,1,1,False,False,1.3899658
488,5299720,YNL071W,YBR205W,YDR099W,0.35265097,0.4147988,0.93896484,0.04324341,0.07574463,2,1,2,True,False,1.1762304
489,26970567,YDR483W,YML106W,YPL181W,0.35262552,0.26765278,0.5541992,-0.025619507,0.5292969,2,1,1,False,False,0.7590284
490,5308884,YNL071W,YGL017W,YPL181W,0.35259247,0.4582836,0.06976318,0.99902344,-0.011009216,2,1,2,False,False,1.2997544
491,22117446,YNL071W,YPL177C,YPR096C,0.35249838,0.25571105,0.18371582,0.15991211,0.7138672,1,2,1,True,False,0.72542477
492,28027693,YGL017W,YOR099W,YPL181W,0.35221863,0.5029795,0.004753113,1.0634766,-0.0115737915,2,1,1,False,False,1.4280322
493,19583736,YKL008C,YOR123C,YGL096W,0.3516439,0.15782268,0.39794922,0.1394043,0.5175781,1,2,2,True,False,0.44881395
494,1155581,YDR538W,YLR386W,YGL096W,0.3516439,0.08648561,0.43408203,0.23217773,0.38867188,2,1,2,True,False,0.24594657
495,13085361,YKL008C,YDR001C,YPL139C,0.35101828,0.46511513,1.0087891,0.023284912,0.020980835,2,1,1,True,False,1.3250453
496,28850469,YGR208W,YLL012W,YDR247W,0.35079956,0.32927674,0.21398926,0.8046875,0.033721924,2,1,1,True,False,0.9386464
497,21963505,YLR386W,YGL096W,YLR113W,0.3504232,0.12286207,0.51660156,0.3112793,0.22338867,1,2,1,True,False,0.35061055
498,19842159,YLR386W,YBR083W,YGL096W,0.35017905,0.17703706,0.5966797,0.26489258,0.18896484,1,2,2,True,False,0.50556153
499,5897814,YPL053C,YJR103W,YPL181W,0.350118,0.37790108,0.87841797,0.016052246,0.15588379,2,1,2,True,False,1.0793535
500,29787683,YIL111W,YNL052W,YJL187C,0.3497111,0.205816,0.5996094,0.3540039,0.09552002,2,1,1,True,False,0.5885315
