idx,num_genes,genes,num_uncharacterized,uncharacterized_genes,gene_interaction,p_value,abs_score
6467,3,"YGR283C,YMR310C,YNL118C",1,YMR310C,0.11020500212907791,8.299999899463728e-05,0.11020500212907791
17002,3,"YGR283C,YMR310C,YPL226W",1,YMR310C,0.34297600388526917,1.3490000128513202e-05,0.34297600388526917
100835,3,"YGR283C,YIR005W,YMR310C",1,YMR310C,-0.17082999646663666,0.04506000131368637,0.17082999646663666
185983,3,"YBL095W,YKR077W,YOR066W",1,YBL095W,0.1191129982471466,0.019829999655485153,0.1191129982471466
218699,3,"YIL149C,YKR095W,YPR038W",1,YPR038W,-0.16332900524139404,0.019999999552965164,0.16332900524139404
4989,3,"YDR505C,YIR006C,YLR177W",1,YLR177W,0.16765500605106354,0.0034809999633580446,0.16765500605106354
42372,3,"YBR109C,YDR505C,YLR177W",1,YLR177W,-0.14354999363422394,0.008604999631643295,0.14354999363422394
57556,3,"YDR505C,YJR076C,YLR177W",1,YLR177W,0.16697899997234344,0.019700000062584877,0.16697899997234344
65132,3,"YDR505C,YFL029C,YLR177W",1,YLR177W,-0.12246699631214142,0.01425000000745058,0.12246699631214142
78461,3,"YBR103W,YDR505C,YLR177W",1,YLR177W,-0.10719700157642365,3.2170000170694824e-12,0.10719700157642365
84952,3,"YDR505C,YER083C,YLR177W",1,YLR177W,-0.19371099770069122,0.007548000197857618,0.19371099770069122
138413,3,"YDR505C,YLR177W,YLR378C",1,YLR177W,0.11761599779129028,0.02717999927699566,0.11761599779129028
156615,3,"YDR505C,YJL104W,YLR177W",1,YLR177W,-0.1677429974079132,0.0029009999707341194,0.1677429974079132
162794,3,"YDR505C,YGL233W,YLR177W",1,YLR177W,-0.17620399594306946,0.0008445000275969505,0.17620399594306946
191590,3,"YDR016C,YDR505C,YLR177W",1,YLR177W,-0.11431200057268143,0.002947000088170171,0.11431200057268143
212333,3,"YDR505C,YLR177W,YMR272C",1,YLR177W,-0.17158900201320648,0.020269999280571938,0.17158900201320648
258803,3,"YDR505C,YIL090W,YLR177W",1,YLR177W,0.1107499971985817,0.04986000061035156,0.1107499971985817
317569,3,"YDR505C,YKL041W,YLR177W",1,YLR177W,-0.11940299719572067,0.04958000034093857,0.11940299719572067
352873,3,"YBL097W,YDR505C,YLR177W",1,YLR177W,-0.12249799817800522,0.026760000735521317,0.12249799817800522
369784,3,"YDR505C,YLR177W,YPL069C",1,YLR177W,0.19348999857902527,0.04709000140428543,0.19348999857902527
38184,3,"YFR017C,YOL024W,YPL183W-A",1,YOL024W,0.11748500168323517,0.004852999933063984,0.11748500168323517
52366,3,"YFR017C,YKR030W,YOL024W",1,YOL024W,-0.10626699775457382,0.048920001834630966,0.10626699775457382
116958,3,"YFR017C,YML028W,YOL024W",1,YOL024W,-0.12369699776172638,0.00343300006352365,0.12369699776172638
147168,3,"YFR017C,YOL024W,YPL226W",1,YOL024W,-0.16866299510002136,0.010780000127851963,0.16866299510002136
153729,3,"YDL008W,YFR017C,YOL024W",1,YOL024W,-0.2106429934501648,0.028529999777674675,0.2106429934501648
176622,3,"YBR036C,YFR017C,YOL024W",1,YOL024W,-0.20297500491142273,0.045660000294446945,0.20297500491142273
360447,3,"YFR017C,YOL024W,YOR140W",1,YOL024W,0.16312700510025024,0.008314000442624092,0.16312700510025024
370397,3,"YER157W,YFR017C,YOL024W",1,YOL024W,-0.17108699679374695,0.00011030000314349309,0.17108699679374695
193215,3,"YGL082W,YNR051C,YPL191C",1,YGL082W,0.13816499710083008,0.019109999760985374,0.13816499710083008
65555,3,"YJL181W,YJR030C,YNL141W",2,"YJL181W,YJR030C",-0.20444899797439575,0.02249000035226345,0.20444899797439575
100786,3,"YDR359C,YJL181W,YJR030C",2,"YJL181W,YJR030C",-0.3105410039424896,0.0,0.3105410039424896
311491,3,"YDR339C,YJL181W,YJR030C",2,"YJL181W,YJR030C",-0.1968500018119812,0.023080000653862953,0.1968500018119812
11821,3,"YBR086C,YMR126C,YOR079C",1,YMR126C,-0.13698799908161163,3.294000094911098e-08,0.13698799908161163
175766,3,"YHR001W,YKR003W,YMR126C",1,YMR126C,-0.12828600406646729,6.474999827332795e-05,0.12828600406646729
45144,3,"YHR131C,YNL144C,YOR249C",2,"YHR131C,YNL144C",0.11545299738645554,0.038520000874996185,0.11545299738645554
73150,3,"YIL149C,YKR095W,YLR267W",1,YLR267W,-0.25989800691604614,8.49799980642274e-05,0.25989800691604614
37729,3,"YIL149C,YKR095W,YNL140C",1,YNL140C,-0.30191999673843384,1.3090000550164405e-07,0.30191999673843384
82357,3,"YLR100W,YLR456W,YPR172W",2,"YLR456W,YPR172W",0.11491899937391281,0.023429999127984047,0.11491899937391281
204281,3,"YAL056W,YFL019C,YOR371C",1,YFL019C,0.2647530138492584,0.01425000000745058,0.2647530138492584
62747,3,"YKL133C,YLR448W,YMR115W",1,YKL133C,0.1553570032119751,0.04805999994277954,0.1553570032119751
109270,3,"YIL090W,YKL133C,YMR115W",1,YKL133C,0.2883929908275604,0.0031059999018907547,0.2883929908275604
147626,3,"YKL133C,YMR115W,YNL006W",1,YKL133C,0.10992900282144547,0.005665999837219715,0.10992900282144547
156696,3,"YKL133C,YLR059C,YMR115W",1,YKL133C,0.12905800342559814,0.03886000066995621,0.12905800342559814
176648,3,"YIL065C,YKL133C,YMR115W",1,YKL133C,0.10798999667167664,0.0024220000486820936,0.10798999667167664
339833,3,"YKL133C,YMR115W,YMR272C",1,YKL133C,-0.1499509960412979,0.03375000134110451,0.1499509960412979
245399,3,"YDL058W,YDL195W,YPL071C",1,YPL071C,-0.47592300176620483,0.01728999987244606,0.47592300176620483
283442,3,"YKL209C,YNL078W,YPL071C",1,YPL071C,-0.7400019764900208,3.625000148145541e-14,0.7400019764900208
313187,3,"YDR077W,YER150W,YPL071C",1,YPL071C,-0.639244019985199,1.6530000721104443e-05,0.639244019985199
332649,3,"YDR492W,YOL101C,YPL071C",1,YPL071C,0.10091499984264374,0.025960000231862068,0.10091499984264374
2108,3,"YBL043W,YJR115W,YLR200W",1,YJR115W,-0.38576701283454895,0.000146100006531924,0.38576701283454895
11074,3,"YBL043W,YJR115W,YNL136W",1,YJR115W,-0.2450229972600937,0.002082000020891428,0.2450229972600937
11648,3,"YBL043W,YBR135W,YJR115W",1,YJR115W,-0.1844779998064041,1.2809999816454365e-06,0.1844779998064041
11798,3,"YBL043W,YJR115W,YPR178W",1,YJR115W,-0.12382499873638153,0.04293999820947647,0.12382499873638153
12829,3,"YBL043W,YJR115W,YML032C",1,YJR115W,-0.14593300223350525,0.002560999942943454,0.14593300223350525
16858,3,"YBL043W,YJR115W,YLR384C",1,YJR115W,-0.20252500474452972,0.003693999955430627,0.20252500474452972
30579,3,"YBL043W,YJR115W,YNL153C",1,YJR115W,-0.3198449909687042,8.56099995871773e-06,0.3198449909687042
38469,3,"YBL043W,YCR077C,YJR115W",1,YJR115W,-0.14012999832630157,0.014310000464320183,0.14012999832630157
42223,3,"YBL043W,YER151C,YJR115W",1,YJR115W,0.17734000086784363,0.013849999755620956,0.17734000086784363
46489,3,"YBL043W,YJR115W,YOR326W",1,YJR115W,-0.21119999885559082,0.008190000429749489,0.21119999885559082
60797,3,"YBL043W,YJR115W,YKL113C",1,YJR115W,-0.42350998520851135,0.011429999954998493,0.42350998520851135
71703,3,"YBL043W,YJR115W,YNR026C",1,YJR115W,0.19500799477100372,0.004017000086605549,0.19500799477100372
78755,3,"YBL043W,YJR115W,YOL069W",1,YJR115W,0.1273449957370758,0.00773700000718236,0.1273449957370758
80679,3,"YBL043W,YDL102W,YJR115W",1,YJR115W,-0.20178300142288208,1.3449999869408202e-07,0.20178300142288208
84583,3,"YBL043W,YER178W,YJR115W",1,YJR115W,0.14504200220108032,0.006539999973028898,0.14504200220108032
88145,3,"YBL043W,YDL105W,YJR115W",1,YJR115W,-0.14187799394130707,0.010180000215768814,0.14187799394130707
90215,3,"YBL043W,YGR270W,YJR115W",1,YJR115W,-0.24907800555229187,0.027550000697374344,0.24907800555229187
91639,3,"YBL043W,YFL038C,YJR115W",1,YJR115W,0.14433300495147705,0.0012959999730810523,0.14433300495147705
93429,3,"YBL043W,YDR123C,YJR115W",1,YJR115W,0.2536810040473938,1.270999957706095e-14,0.2536810040473938
94021,3,"YBL043W,YDR188W,YJR115W",1,YJR115W,0.27508100867271423,0.02118000015616417,0.27508100867271423
95284,3,"YBL043W,YDR236C,YJR115W",1,YJR115W,-0.15881399810314178,0.041269998997449875,0.15881399810314178
100901,3,"YBL043W,YDR378C,YJR115W",1,YJR115W,-0.10583099722862244,0.04641000181436539,0.10583099722862244
101660,3,"YBL043W,YJL168C,YJR115W",1,YJR115W,-0.12152600288391113,0.027529999613761902,0.12152600288391113
104995,3,"YBL043W,YJR115W,YPR085C",1,YJR115W,0.17233499884605408,0.019050000235438347,0.17233499884605408
107412,3,"YBL043W,YBR194W,YJR115W",1,YJR115W,-0.21103699505329132,0.00017090000619646162,0.21103699505329132
110491,3,"YBL043W,YHR041C,YJR115W",1,YJR115W,-0.11702299863100052,1.2849999620812014e-05,0.11702299863100052
132726,3,"YBL043W,YJR115W,YLR173W",1,YJR115W,-0.12222900241613388,0.024320000782608986,0.12222900241613388
134517,3,"YBL043W,YJR115W,YPR162C",1,YJR115W,0.11417700350284576,0.02549000084400177,0.11417700350284576
149516,3,"YBL043W,YGL142C,YJR115W",1,YJR115W,0.12025299668312073,1.0779999684018549e-05,0.12025299668312073
154698,3,"YBL043W,YJR115W,YOL094C",1,YJR115W,-0.2713339924812317,0.0008637999999336898,0.2713339924812317
154779,3,"YBL043W,YJR115W,YML124C",1,YJR115W,-0.16695399582386017,0.008274000138044357,0.16695399582386017
172191,3,"YBL043W,YIL048W,YJR115W",1,YJR115W,0.12769700586795807,0.03985000029206276,0.12769700586795807
177611,3,"YBL043W,YGR157W,YJR115W",1,YJR115W,0.3841800093650818,1.346999965790019e-06,0.3841800093650818
178400,3,"YBL043W,YJR115W,YPR043W",1,YJR115W,0.4321979880332947,1.8799999452312477e-05,0.4321979880332947
185364,3,"YBL043W,YCR009C,YJR115W",1,YJR115W,-0.34124699234962463,3.927999932784587e-05,0.34124699234962463
193871,3,"YBL043W,YDL097C,YJR115W",1,YJR115W,0.1157199963927269,0.00405400013551116,0.1157199963927269
198950,3,"YBL043W,YJR115W,YPL241C",1,YJR115W,-0.3318130075931549,9.452000085730106e-05,0.3318130075931549
209763,3,"YBL043W,YDL117W,YJR115W",1,YJR115W,-0.36312299966812134,0.0008646000060252845,0.36312299966812134
217281,3,"YBL043W,YIR006C,YJR115W",1,YJR115W,-0.14335399866104126,0.023679999634623528,0.14335399866104126
217361,3,"YBL043W,YGR231C,YJR115W",1,YJR115W,-0.3865709900856018,6.844999734312296e-05,0.3865709900856018
231384,3,"YBL043W,YJR115W,YOR349W",1,YJR115W,-0.3273659944534302,1.956000005520764e-06,0.3273659944534302
233385,3,"YBL043W,YJR115W,YLR005W",1,YJR115W,0.278099000453949,0.00045429999590851367,0.278099000453949
262359,3,"YBL043W,YDR334W,YJR115W",1,YJR115W,-0.21145200729370117,0.012109999544918537,0.21145200729370117
302948,3,"YBL043W,YJR115W,YLR085C",1,YJR115W,-0.194582000374794,0.0008663000189699233,0.194582000374794
328393,3,"YBL043W,YJR115W,YLR320W",1,YJR115W,0.21781599521636963,0.030750000849366188,0.21781599521636963
331629,3,"YBL043W,YJR115W,YNL141W",1,YJR115W,-0.17435699701309204,0.026110000908374786,0.17435699701309204
357329,3,"YBL043W,YFR031C-A,YJR115W",1,YJR115W,-0.10753700137138367,0.02879999950528145,0.10753700137138367
359738,3,"YAL011W,YBL043W,YJR115W",1,YJR115W,-0.1083189994096756,0.035840000957250595,0.1083189994096756
360074,3,"YBL043W,YJR115W,YNL006W",1,YJR115W,-0.35303598642349243,8.274000234953505e-11,0.35303598642349243
361374,3,"YBL043W,YJR115W,YOR244W",1,YJR115W,-0.20332899689674377,0.03375000134110451,0.20332899689674377
366889,3,"YBL043W,YER155C,YJR115W",1,YJR115W,-0.1852779984474182,0.00035310001112520695,0.1852779984474182
27939,3,"YGR071C,YLR373C,YPL261C",1,YPL261C,-0.13925500214099884,0.019290000200271606,0.13925500214099884
33744,3,"YJL099W,YKR027W,YPL261C",1,YPL261C,-0.14774399995803833,0.02741999924182892,0.14774399995803833
189480,3,"YEL025C,YJR039W,YKL006W",2,"YEL025C,YJR039W",0.10811900347471237,0.0357699990272522,0.10811900347471237
6687,3,"YGR273C,YLL002W,YMR295C",1,YGR273C,0.12005999684333801,0.000444200006313622,0.12005999684333801
169927,3,"YGR273C,YMR295C,YNL091W",1,YGR273C,0.11039599776268005,0.0106800002977252,0.11039599776268005
355917,3,"YGL007W,YIL149C,YKR095W",1,YGL007W,-0.10959699749946594,1.315000019985746e-07,0.10959699749946594
64120,3,"YAL056W,YFL054C,YOR371C",1,YFL054C,-0.20475299656391144,0.04335999861359596,0.20475299656391144
37826,3,"YLR127C,YLR262C-A,YPR078C",1,YPR078C,-0.271263986825943,0.0037700000684708357,0.271263986825943
66915,3,"YJR125C,YLR262C-A,YPR078C",1,YPR078C,-0.6697459816932678,3.447999858963158e-07,0.6697459816932678
93202,3,"YKL110C,YLR262C-A,YPR078C",1,YPR078C,-0.7363520264625549,9.41672568026277e-43,0.7363520264625549
144275,3,"YJL123C,YLR262C-A,YPR078C",1,YPR078C,-0.6065769791603088,5.5190001148730516e-05,0.6065769791603088
236764,3,"YIL040W,YLR262C-A,YPR078C",1,YPR078C,-0.16109800338745117,0.0047519998624920845,0.16109800338745117
241221,3,"YGL014W,YLR262C-A,YPR078C",1,YPR078C,-0.2904919981956482,0.023070000112056732,0.2904919981956482
247718,3,"YJL154C,YLR262C-A,YPR078C",1,YPR078C,-0.6706629991531372,8.538000125839232e-17,0.6706629991531372
252200,3,"YER157W,YLR262C-A,YPR078C",1,YPR078C,-0.10205800086259842,0.03849999979138374,0.10205800086259842
284731,3,"YBR194W,YLR262C-A,YPR078C",1,YPR078C,-0.20843100547790527,0.023469999432563782,0.20843100547790527
288208,3,"YDR392W,YLR262C-A,YPR078C",1,YPR078C,-0.19001400470733643,0.04391999915242195,0.19001400470733643
297007,3,"YDR497C,YLR262C-A,YPR078C",1,YPR078C,-0.5925160050392151,0.0003981000045314431,0.5925160050392151
6790,3,"YCR095C,YDR067C,YLR337C",2,"YCR095C,YDR067C",-0.10247199982404709,0.045809999108314514,0.10247199982404709
34763,3,"YCR095C,YLR432W,YML056C",1,YCR095C,-0.1328819990158081,1.9040000154291192e-07,0.1328819990158081
125710,3,"YCR095C,YDR067C,YLR262C",2,"YCR095C,YDR067C",-0.10032500326633453,0.01680999994277954,0.10032500326633453
169364,3,"YCR095C,YDR067C,YER157W",2,"YCR095C,YDR067C",-0.18728500604629517,1.9339999198564328e-05,0.18728500604629517
235949,3,"YCR095C,YDR067C,YIL090W",2,"YCR095C,YDR067C",-0.12473099678754807,0.00022279999393504113,0.12473099678754807
238912,3,"YCR095C,YDL145C,YMR013C",1,YCR095C,-0.11822400242090225,0.008191999979317188,0.11822400242090225
249082,3,"YCR095C,YDR067C,YHL029C",3,"YCR095C,YDR067C,YHL029C",-0.2909510135650635,0.01624000072479248,0.2909510135650635
256572,3,"YCR095C,YDR067C,YMR272C",2,"YCR095C,YDR067C",-0.19800500571727753,0.001551999943330884,0.19800500571727753
276696,3,"YBR231C,YCR095C,YDR067C",2,"YCR095C,YDR067C",-0.15257500112056732,0.019680000841617584,0.15257500112056732
293583,3,"YCR095C,YJR053W,YPL241C",1,YCR095C,-0.16098299622535706,0.00304599991068244,0.16098299622535706
334784,3,"YCR095C,YGL096W,YPL177C",1,YCR095C,-0.24862900376319885,0.010259999893605709,0.24862900376319885
365000,3,"YCR095C,YDR146C,YLR131C",1,YCR095C,0.17250600457191467,0.003944000229239464,0.17250600457191467
11068,3,"YHR130C,YKR077W,YOR066W",1,YHR130C,-0.18498599529266357,9.052999777776904e-13,0.18498599529266357
327264,3,"YDR157W,YIL149C,YKR095W",1,YDR157W,-0.1562180072069168,0.03869999945163727,0.1562180072069168
51171,3,"YJL147C,YOL001W,YOR335C",1,YJL147C,-0.12648899853229523,0.001075000036507845,0.12648899853229523
121309,3,"YDR378C,YJL147C,YOR335C",1,YJL147C,-0.1169779971241951,0.007809000089764595,0.1169779971241951
250585,3,"YJL147C,YML065W,YOR335C",1,YJL147C,-0.11589699983596802,0.0005247999797575176,0.11589699983596802
261055,3,"YBL021C,YJL147C,YOR335C",1,YJL147C,-0.15565699338912964,0.001069999998435378,0.15565699338912964
262305,3,"YJL147C,YMR202W,YOR335C",1,YJL147C,-0.13504299521446228,0.049389999359846115,0.13504299521446228
265341,3,"YCR009C,YJL147C,YOR335C",1,YJL147C,-0.21184399724006653,0.00038919999497011304,0.21184399724006653
286290,3,"YJL147C,YOR335C,YPL262W",1,YJL147C,-0.22839200496673584,0.021409999579191208,0.22839200496673584
294055,3,"YHR027C,YJL147C,YOR335C",1,YJL147C,-0.16075800359249115,0.005313999950885773,0.16075800359249115
362617,3,"YJL147C,YLR222C,YOR335C",1,YJL147C,-0.18684600293636322,0.04089999943971634,0.18684600293636322
8690,3,"YDL013W,YNL309W,YOL131W",1,YOL131W,0.13339799642562866,0.0010100000072270632,0.13339799642562866
105989,3,"YJR141W,YNL309W,YOL131W",1,YOL131W,0.12361899763345718,6.075000055716373e-05,0.12361899763345718
128193,3,"YCR063W,YNL309W,YOL131W",1,YOL131W,0.1082879975438118,0.007823999971151352,0.1082879975438118
169476,3,"YJL183W,YNL309W,YOL131W",1,YOL131W,-0.3439269959926605,0.013330000452697277,0.3439269959926605
177051,3,"YDL008W,YNL309W,YOL131W",1,YOL131W,0.12100200355052948,0.023150000721216202,0.12100200355052948
206418,3,"YGL113W,YNL309W,YOL131W",1,YOL131W,-0.15831400454044342,0.024900000542402267,0.15831400454044342
18756,3,"YDR085C,YER158C,YGL212W",1,YER158C,-0.14744700491428375,0.025369999930262566,0.14744700491428375
28488,3,"YDR085C,YER158C,YOR174W",1,YER158C,0.13051000237464905,0.005597999785095453,0.13051000237464905
321759,3,"YDR085C,YER158C,YGR157W",1,YER158C,-0.15895800292491913,3.4539999660410103e-07,0.15895800292491913
54248,3,"YDL008W,YHL015W-A,YKL214C",1,YHL015W-A,-0.16788700222969055,0.007160999812185764,0.16788700222969055
64956,3,"YBR131W,YHL015W-A,YKL214C",1,YHL015W-A,-0.1421480029821396,0.03443000093102455,0.1421480029821396
270754,3,"YDR159W,YHL015W-A,YKL214C",1,YHL015W-A,-0.12598399817943573,0.000440200004959479,0.12598399817943573
370515,3,"YAL010C,YHL015W-A,YKL214C",1,YHL015W-A,-0.11717399954795837,0.02353999949991703,0.11717399954795837
367873,3,"YIL149C,YKR095W,YLR261C",1,YLR261C,-0.2777400016784668,0.0005389000289142132,0.2777400016784668
11219,3,"YBL059W,YER093C-A,YJL104W",1,YBL059W,-0.13072699308395386,0.0033340000081807375,0.13072699308395386
22377,3,"YBL059W,YER093C-A,YGR157W",1,YBL059W,-0.2932420074939728,0.00019200000679120421,0.2932420074939728
54950,3,"YBL059W,YER093C-A,YKL056C",1,YBL059W,-0.3895600140094757,0.0017630000365898013,0.3895600140094757
72074,3,"YBL059W,YER093C-A,YPL262W",1,YBL059W,-0.14876900613307953,0.04554000124335289,0.14876900613307953
85246,3,"YBL059W,YER093C-A,YOL018C",1,YBL059W,-0.1261029988527298,0.0005622999742627144,0.1261029988527298
102867,3,"YBL059W,YDR315C,YER093C-A",1,YBL059W,-0.1283469945192337,0.014829999767243862,0.1283469945192337
179765,3,"YBL059W,YER093C-A,YMR263W",1,YBL059W,-0.2121029943227768,0.0016550000291317701,0.2121029943227768
185618,3,"YBL059W,YER093C-A,YJL081C",1,YBL059W,-0.23580299317836761,0.005584000144153833,0.23580299317836761
204085,3,"YBL059W,YER093C-A,YGR231C",1,YBL059W,0.1840430051088333,4.3469999193128384e-13,0.1840430051088333
204984,3,"YBL059W,YER093C-A,YLR410W",1,YBL059W,-0.1495019942522049,0.0025679999962449074,0.1495019942522049
225131,3,"YBL059W,YER093C-A,YML009C",1,YBL059W,-0.14040599763393402,0.0207700002938509,0.14040599763393402
230577,3,"YBL059W,YER093C-A,YHL020C",1,YBL059W,0.15290699899196625,0.005936000030487776,0.15290699899196625
232900,3,"YBL059W,YER093C-A,YLL001W",1,YBL059W,0.14138899743556976,0.024529999122023582,0.14138899743556976
296458,3,"YBL059W,YDR311W,YER093C-A",1,YBL059W,0.1364080011844635,2.668000043115626e-09,0.1364080011844635
297722,3,"YBL059W,YER093C-A,YIL048W",1,YBL059W,-0.1717049926519394,0.040789999067783356,0.1717049926519394
311112,3,"YBL059W,YER093C-A,YOR002W",1,YBL059W,-0.15153899788856506,0.04129999876022339,0.15153899788856506
327812,3,"YBL059W,YER093C-A,YHR079C",1,YBL059W,0.1332470029592514,0.0007796999998390675,0.1332470029592514
334386,3,"YBL059W,YER093C-A,YLR021W",1,YBL059W,-0.10305900126695633,0.015399999916553497,0.10305900126695633
369552,3,"YBL059W,YDL070W,YER093C-A",1,YBL059W,-0.14259999990463257,0.022530000656843185,0.14259999990463257
360732,3,"YHR022C,YKR077W,YOR066W",1,YHR022C,0.1783140003681183,0.0034169999416917562,0.1783140003681183
88292,3,"YDR081C,YMR160W,YNL042W-B",1,YNL042W-B,-0.11973600089550018,0.01689000055193901,0.11973600089550018
271452,3,"YDR437W,YMR160W,YNL042W-B",1,YNL042W-B,-0.11494400352239609,0.03748999908566475,0.11494400352239609
4240,3,"YDR351W,YHR103W,YLR049C",1,YLR049C,-0.6834909915924072,1.1210000258179619e-18,0.6834909915924072
61963,3,"YGR071C,YLR373C,YOR183W",1,YOR183W,-0.1074490025639534,0.0011230000527575612,0.1074490025639534
135298,3,"YDR067C,YKR084C,YOR076C",1,YDR067C,-0.10905300080776215,0.00039969998761080205,0.10905300080776215
134952,3,"YGR197C,YHR030C,YJR015W",1,YJR015W,0.1118289977312088,0.04794999957084656,0.1118289977312088
308279,3,"YGR197C,YHL029C,YJR015W",2,"YHL029C,YJR015W",0.17508700489997864,0.03589000180363655,0.17508700489997864
371201,3,"YGR197C,YJR015W,YKL055C",1,YJR015W,0.12242300063371658,0.007903000339865685,0.12242300063371658
237350,3,"YBR098W,YML020W,YOL034W",1,YML020W,-0.14689399302005768,0.04805000126361847,0.14689399302005768
85197,3,"YAL034C,YOL069W,YOR338W",1,YOR338W,-0.10330700129270554,0.009390000253915787,0.10330700129270554
231549,3,"YAL034C,YMR093W,YOR338W",1,YOR338W,0.1119220033288002,0.0028669999446719885,0.1119220033288002
275191,3,"YAL034C,YOR338W,YPR181C",1,YOR338W,0.10909300297498703,0.002203000010922551,0.10909300297498703
229800,3,"YHR078W,YLL012W,YLR020C",1,YHR078W,-0.14949199557304382,0.010619999840855598,0.14949199557304382
60654,3,"YGR141W,YJR033C,YPR157W",1,YPR157W,-0.14409500360488892,0.0001720000000204891,0.14409500360488892
163492,3,"YER092W,YGR141W,YPR157W",1,YPR157W,-0.10691200196743011,0.04238000139594078,0.10691200196743011
189719,3,"YGR141W,YIR008C,YPR157W",1,YPR157W,-0.11188399791717529,0.023660000413656235,0.11188399791717529
199950,3,"YGR141W,YLR262C,YPR157W",1,YPR157W,-0.18033599853515625,0.002956999931484461,0.18033599853515625
244025,3,"YGR141W,YNL071W,YPR157W",1,YPR157W,-0.10681699961423874,0.04318999871611595,0.10681699961423874
325157,3,"YDR385W,YGR141W,YPR157W",1,YPR157W,-0.1364690065383911,0.011830000206828117,0.1364690065383911
301183,3,"YCR006C,YGR071C,YLR373C",1,YCR006C,-0.11614000052213669,0.037450000643730164,0.11614000052213669
250775,3,"YDR210W,YMR015C,YOL031C",1,YDR210W,-0.11334200203418732,0.000461199990240857,0.11334200203418732
309781,3,"YDR045C,YDR210W,YOL031C",1,YDR210W,-0.1060279980301857,0.01568000018596649,0.1060279980301857
120479,3,"YBR197C,YHR079C,YPL077C",1,YPL077C,0.1104229986667633,0.033980000764131546,0.1104229986667633
150116,3,"YBR197C,YMR123W,YPL077C",1,YPL077C,-0.1766510009765625,0.0004890999989584088,0.1766510009765625
13513,3,"YDR172W,YKL121W,YMR102C",1,YKL121W,0.22578400373458862,0.029899999499320984,0.22578400373458862
40418,3,"YHR200W,YKL121W,YMR102C",1,YKL121W,-0.11597699671983719,0.0060270000249147415,0.11597699671983719
48266,3,"YGL168W,YKL121W,YMR102C",1,YKL121W,-0.21328000724315643,0.020500000566244125,0.21328000724315643
136807,3,"YKL121W,YLR079W,YMR102C",1,YKL121W,0.17152099311351776,2.8300000849412754e-05,0.17152099311351776
177589,3,"YDR246W,YKL121W,YMR102C",1,YKL121W,0.16699199378490448,0.010180000215768814,0.16699199378490448
187862,3,"YGL167C,YKL121W,YMR102C",1,YKL121W,-0.29239198565483093,0.0038270000368356705,0.29239198565483093
311866,3,"YBR036C,YKL121W,YMR102C",1,YKL121W,0.11828000098466873,2.612999924167525e-05,0.11828000098466873
359641,3,"YIR008C,YKL121W,YMR102C",1,YKL121W,0.14646799862384796,0.02386000007390976,0.14646799862384796
376412,3,"YKL121W,YMR102C,YPL008W",1,YKL121W,0.1159600019454956,0.029160000383853912,0.1159600019454956
24884,3,"YDR334W,YNL288W,YOR268C",1,YOR268C,-0.165583997964859,0.0020940001122653484,0.165583997964859
80192,3,"YKR068C,YNL288W,YOR268C",1,YOR268C,-0.13488200306892395,0.036890000104904175,0.13488200306892395
258637,3,"YLR337C,YNL288W,YOR268C",1,YOR268C,-0.11236699670553207,0.0015259999781847,0.11236699670553207
40762,3,"YJL133W,YJR124C,YKR052C",1,YJR124C,-0.15404899418354034,0.001512999995611608,0.15404899418354034
201115,3,"YDR222W,YER061C,YLR225C",2,"YDR222W,YLR225C",0.2536790072917938,0.04284000024199486,0.2536790072917938
335006,3,"YDR222W,YLR225C,YML032C",2,"YDR222W,YLR225C",-0.1814969927072525,0.003493000054731965,0.1814969927072525
142096,3,"YCR048W,YLR407W,YNR019W",1,YLR407W,0.1276489943265915,0.021900000050663948,0.1276489943265915
29749,3,"YDL058W,YDL195W,YDR391C",1,YDR391C,-0.508778989315033,0.01907999999821186,0.508778989315033
269218,3,"YDR391C,YLR394W,YPR065W",1,YDR391C,-0.10839000344276428,0.00011000000085914508,0.10839000344276428
286883,3,"YDR391C,YKL209C,YNL078W",1,YDR391C,-0.3023360073566437,0.007435999810695648,0.3023360073566437
9236,3,"YDL223C,YNL195C,YOR106W",1,YNL195C,0.11420299857854843,0.049949999898672104,0.11420299857854843
169887,3,"YDL013W,YGR213C,YLR046C",1,YLR046C,-0.26491400599479675,2.8189998602101696e-07,0.26491400599479675
318548,3,"YCR048W,YMR206W,YNR019W",1,YMR206W,0.1116430014371872,0.024809999391436577,0.1116430014371872
96124,3,"YAL056W,YDR248C,YOR371C",1,YDR248C,-0.1386439949274063,0.025930000469088554,0.1386439949274063
110394,3,"YER092W,YGR035C,YLR346C",1,YGR035C,-0.11813800036907196,0.016680000349879265,0.11813800036907196
178534,3,"YGR035C,YLR346C,YOR140W",1,YGR035C,0.17717300355434418,2.418000076431781e-05,0.17717300355434418
374677,3,"YGR035C,YLR089C,YLR346C",1,YGR035C,0.11456099897623062,0.003370000049471855,0.11456099897623062
42077,3,"YAL056W,YGL149W,YOR371C",1,YGL149W,-0.10436099767684937,0.0414000004529953,0.10436099767684937
118942,3,"YGR174W-A,YIL161W,YPR057W",1,YGR174W-A,-0.14228099584579468,0.03296000137925148,0.14228099584579468
240098,3,"YGR174W-A,YIL161W,YLR287C-A",1,YGR174W-A,-0.23524099588394165,0.026159999892115593,0.23524099588394165
224715,3,"YDR351W,YHR103W,YLR111W",1,YLR111W,-0.2105640023946762,0.029670000076293945,0.2105640023946762
332408,3,"YCR048W,YNR019W,YPR064W",1,YPR064W,-0.15718500316143036,0.04893999919295311,0.15718500316143036
106681,3,"YLR031W,YMR124W,YOR080W",1,YLR031W,0.10595399886369705,0.017160000279545784,0.10595399886369705
174999,3,"YLR031W,YMR124W,YPL076W",1,YLR031W,-0.11314299702644348,1.4720000081069884e-06,0.11314299702644348
86893,3,"YDL008W,YJR130C,YML082W",1,YML082W,0.19433100521564484,0.036410000175237656,0.19433100521564484
111816,3,"YJR130C,YLR381W,YML082W",1,YML082W,0.15634800493717194,0.025129999965429306,0.15634800493717194
197805,3,"YAL056W,YDR525W,YOR371C",1,YDR525W,0.11300700157880783,0.017149999737739563,0.11300700157880783
156035,3,"YGL096W,YHL029C,YPL177C",1,YHL029C,-0.3753359913825989,0.01680999994277954,0.3753359913825989
247439,3,"YBL105C,YER075C,YHL029C",1,YHL029C,-0.13940100371837616,4.0169998101191595e-06,0.13940100371837616
250358,3,"YBL041W,YHL029C,YLL050C",1,YHL029C,-0.7537509799003601,0.04424000158905983,0.7537509799003601
283467,3,"YHL029C,YMR291W,YPL099C",1,YHL029C,-0.41658198833465576,0.034630000591278076,0.41658198833465576
