graph,degree,n_nodes
physical,1,113
physical,2,114
physical,3,114
physical,4,138
physical,5,156
physical,6,188
physical,7,175
physical,8,169
physical,9,160
physical,10,172
physical,11,153
physical,12,146
physical,13,136
physical,14,139
physical,15,119
physical,16,128
physical,17,122
physical,18,117
physical,19,86
physical,20,113
physical,21,94
physical,22,91
physical,23,86
physical,24,72
physical,25,96
physical,26,60
physical,27,69
physical,28,76
physical,29,44
physical,30,60
physical,31,68
physical,32,70
physical,33,33
physical,34,59
physical,35,35
physical,36,42
physical,37,39
physical,38,51
physical,39,38
physical,40,43
physical,41,40
physical,42,37
physical,43,41
physical,44,40
physical,45,34
physical,46,32
physical,47,42
physical,48,47
physical,49,39
physical,50,34
physical,51,24
physical,52,30
physical,53,29
physical,54,26
physical,55,19
physical,56,31
physical,57,23
physical,58,19
physical,59,20
physical,60,22
physical,61,29
physical,62,25
physical,63,30
physical,64,11
physical,65,24
physical,66,24
physical,67,23
physical,68,16
physical,69,18
physical,70,14
physical,71,21
physical,72,18
physical,73,14
physical,74,17
physical,75,15
physical,76,19
physical,77,14
physical,78,17
physical,79,19
physical,80,23
physical,81,7
physical,82,17
physical,83,14
physical,84,13
physical,85,14
physical,86,12
physical,87,7
physical,88,10
physical,89,10
physical,90,11
physical,91,8
physical,92,6
physical,93,7
physical,94,13
physical,95,11
physical,96,9
physical,97,17
physical,98,7
physical,99,7
physical,100,5
physical,101,8
physical,102,10
physical,103,10
physical,104,12
physical,105,7
physical,106,7
physical,107,8
physical,108,2
physical,109,2
physical,110,10
physical,111,11
physical,112,2
physical,113,3
physical,114,4
physical,115,6
physical,116,8
physical,117,7
physical,118,4
physical,119,8
physical,121,7
physical,122,3
physical,123,6
physical,124,8
physical,125,12
physical,126,3
physical,127,6
physical,128,3
physical,129,6
physical,130,8
physical,131,3
physical,132,3
physical,133,7
physical,134,6
physical,135,3
physical,136,2
physical,137,5
physical,138,5
physical,139,3
physical,140,5
physical,141,5
physical,142,4
physical,143,4
physical,144,4
physical,145,2
physical,146,2
physical,147,6
physical,148,5
physical,149,3
physical,150,2
physical,151,3
physical,152,2
physical,153,1
physical,155,7
physical,156,2
physical,157,1
physical,158,1
physical,160,3
physical,161,2
physical,162,2
physical,164,2
physical,165,3
physical,167,4
physical,168,4
physical,169,3
physical,173,1
physical,174,1
physical,175,1
physical,176,2
physical,178,4
physical,179,2
physical,181,1
physical,182,5
physical,183,2
physical,184,1
physical,185,2
physical,186,3
physical,188,1
physical,189,4
physical,190,1
physical,191,1
physical,192,2
physical,193,1
physical,195,1
physical,197,2
physical,198,1
physical,200,1
physical,201,1
physical,202,1
physical,206,1
physical,209,1
physical,210,1
physical,211,3
physical,213,1
physical,214,1
physical,216,1
physical,217,1
physical,219,1
physical,220,1
physical,222,1
physical,224,1
physical,225,1
physical,226,1
physical,227,1
physical,231,1
physical,238,1
physical,239,2
physical,241,1
physical,242,1
physical,243,1
physical,245,2
physical,246,1
physical,247,1
physical,248,1
physical,249,1
physical,252,2
physical,253,2
physical,257,2
physical,259,1
physical,265,1
physical,269,1
physical,271,1
physical,272,1
physical,273,2
physical,275,1
physical,276,1
physical,283,1
physical,284,1
physical,289,1
physical,296,1
physical,297,2
physical,298,1
physical,301,1
physical,306,1
physical,308,1
physical,314,1
physical,316,1
physical,319,1
physical,320,1
physical,321,1
physical,326,1
physical,328,1
physical,335,1
physical,336,1
physical,340,1
physical,342,2
physical,351,1
physical,356,1
physical,365,1
physical,367,1
physical,368,1
physical,372,1
physical,385,1
physical,386,1
physical,389,1
physical,394,1
physical,397,1
physical,400,1
physical,402,1
physical,403,1
physical,407,1
physical,417,1
physical,420,1
physical,423,1
physical,437,1
physical,448,1
physical,452,1
physical,461,1
physical,464,1
physical,473,1
physical,480,1
physical,481,1
physical,487,1
physical,497,1
physical,499,1
physical,503,1
physical,504,1
physical,532,1
physical,540,1
physical,541,1
physical,542,1
physical,544,1
physical,556,1
physical,568,1
physical,571,1
physical,577,1
physical,579,1
physical,580,1
physical,583,1
physical,590,1
physical,591,1
physical,592,1
physical,593,1
physical,594,2
physical,597,1
physical,598,1
physical,599,1
physical,605,1
physical,606,1
physical,610,1
physical,613,1
physical,615,1
physical,617,1
physical,620,1
physical,626,2
physical,630,1
physical,634,1
physical,635,1
physical,636,1
physical,654,1
physical,689,1
physical,691,1
physical,754,1
physical,756,1
physical,799,1
physical,804,1
physical,816,1
physical,853,1
physical,886,1
physical,961,1
physical,962,1
physical,1018,1
physical,1095,1
physical,1116,1
physical,1160,1
physical,1200,1
physical,1330,1
physical,1490,1
physical,1756,1
physical,1781,1
physical,1880,1
physical,2056,1
physical,2209,1
physical,2625,1
physical,3035,1
physical,3606,1
regulatory,1,576
regulatory,2,740
regulatory,3,765
regulatory,4,742
regulatory,5,629
regulatory,6,498
regulatory,7,407
regulatory,8,280
regulatory,9,252
regulatory,10,199
regulatory,11,126
regulatory,12,117
regulatory,13,99
regulatory,14,95
regulatory,15,77
regulatory,16,71
regulatory,17,49
regulatory,18,42
regulatory,19,48
regulatory,20,24
regulatory,21,28
regulatory,22,26
regulatory,23,27
regulatory,24,10
regulatory,25,11
regulatory,26,13
regulatory,27,12
regulatory,28,5
regulatory,29,9
regulatory,30,4
regulatory,31,4
regulatory,32,7
regulatory,33,8
regulatory,34,6
regulatory,35,4
regulatory,36,2
regulatory,37,2
regulatory,38,4
regulatory,41,1
regulatory,43,2
regulatory,44,4
regulatory,45,1
regulatory,46,3
regulatory,47,1
regulatory,48,2
regulatory,49,1
regulatory,50,3
regulatory,51,5
regulatory,53,2
regulatory,54,2
regulatory,55,2
regulatory,56,1
regulatory,58,1
regulatory,59,1
regulatory,60,1
regulatory,61,2
regulatory,63,1
regulatory,64,1
regulatory,65,1
regulatory,69,2
regulatory,70,2
regulatory,71,1
regulatory,75,2
regulatory,77,1
regulatory,78,1
regulatory,80,2
regulatory,81,1
regulatory,82,1
regulatory,86,1
regulatory,87,1
regulatory,92,2
regulatory,95,1
regulatory,96,1
regulatory,100,1
regulatory,102,1
regulatory,104,1
regulatory,107,1
regulatory,109,1
regulatory,113,1
regulatory,126,2
regulatory,128,2
regulatory,132,1
regulatory,135,1
regulatory,138,1
regulatory,139,1
regulatory,142,1
regulatory,145,1
regulatory,146,1
regulatory,147,1
regulatory,148,1
regulatory,149,1
regulatory,151,1
regulatory,156,1
regulatory,159,1
regulatory,160,1
regulatory,169,1
regulatory,170,1
regulatory,183,1
regulatory,195,1
regulatory,208,1
regulatory,213,1
regulatory,219,1
regulatory,235,2
regulatory,251,1
regulatory,314,1
regulatory,319,1
regulatory,329,1
regulatory,335,1
regulatory,338,1
regulatory,339,1
regulatory,346,1
regulatory,368,1
regulatory,401,1
regulatory,408,2
regulatory,441,1
regulatory,450,1
regulatory,452,1
regulatory,463,1
regulatory,476,1
regulatory,502,1
regulatory,555,2
regulatory,576,1
regulatory,601,1
regulatory,619,1
regulatory,682,1
regulatory,730,1
regulatory,747,1
regulatory,822,1
regulatory,840,1
regulatory,852,1
regulatory,872,1
regulatory,949,1
regulatory,980,1
regulatory,1117,1
regulatory,1168,1
regulatory,1247,1
regulatory,1264,1
regulatory,1612,1
regulatory,2132,1
regulatory,2787,1
tflink,1,7
tflink,2,15
tflink,3,9
tflink,4,5
tflink,5,7
tflink,6,4
tflink,7,6
tflink,8,6
tflink,9,7
tflink,10,4
tflink,11,7
tflink,12,7
tflink,13,11
tflink,14,21
tflink,15,28
tflink,16,49
tflink,17,73
tflink,18,89
tflink,19,112
tflink,20,130
tflink,21,138
tflink,22,142
tflink,23,129
tflink,24,135
tflink,25,161
tflink,26,160
tflink,27,144
tflink,28,144
tflink,29,127
tflink,30,132
tflink,31,109
tflink,32,133
tflink,33,112
tflink,34,83
tflink,35,113
tflink,36,104
tflink,37,108
tflink,38,99
tflink,39,66
tflink,40,92
tflink,41,80
tflink,42,56
tflink,43,56
tflink,44,67
tflink,45,61
tflink,46,63
tflink,47,62
tflink,48,50
tflink,49,65
tflink,50,51
tflink,51,60
tflink,52,40
tflink,53,53
tflink,54,36
tflink,55,42
tflink,56,53
tflink,57,47
tflink,58,38
tflink,59,42
tflink,60,45
tflink,61,40
tflink,62,34
tflink,63,29
tflink,64,31
tflink,65,22
tflink,66,24
tflink,67,38
tflink,68,26
tflink,69,21
tflink,70,26
tflink,71,20
tflink,72,23
tflink,73,19
tflink,74,29
tflink,75,24
tflink,76,26
tflink,77,11
tflink,78,16
tflink,79,20
tflink,80,17
tflink,81,23
tflink,82,16
tflink,83,11
tflink,84,11
tflink,85,22
tflink,86,15
tflink,87,5
tflink,88,12
tflink,89,9
tflink,90,6
tflink,91,8
tflink,92,15
tflink,93,12
tflink,94,5
tflink,95,4
tflink,96,8
tflink,97,6
tflink,98,5
tflink,99,3
tflink,100,3
tflink,101,4
tflink,103,4
tflink,104,2
tflink,105,4
tflink,106,2
tflink,107,3
tflink,108,1
tflink,109,3
tflink,110,3
tflink,111,1
tflink,112,2
tflink,113,4
tflink,114,3
tflink,115,1
tflink,117,1
tflink,119,1
tflink,120,1
tflink,121,2
tflink,122,1
tflink,123,2
tflink,124,1
tflink,125,1
tflink,126,1
tflink,132,2
tflink,133,2
tflink,134,1
tflink,140,1
tflink,143,2
tflink,151,1
tflink,152,1
tflink,155,1
tflink,156,1
tflink,158,1
tflink,160,1
tflink,161,1
tflink,163,1
tflink,173,1
tflink,177,1
tflink,178,1
tflink,179,1
tflink,181,1
tflink,182,3
tflink,184,1
tflink,186,2
tflink,193,2
tflink,201,1
tflink,207,1
tflink,208,1
tflink,209,1
tflink,214,1
tflink,220,1
tflink,221,1
tflink,224,1
tflink,226,1
tflink,229,1
tflink,230,1
tflink,231,2
tflink,232,1
tflink,233,3
tflink,234,1
tflink,241,1
tflink,242,1
tflink,246,1
tflink,254,2
tflink,256,1
tflink,260,1
tflink,265,1
tflink,266,1
tflink,272,1
tflink,273,1
tflink,275,2
tflink,276,1
tflink,281,1
tflink,284,1
tflink,289,1
tflink,302,4
tflink,306,1
tflink,307,2
tflink,312,1
tflink,317,1
tflink,320,1
tflink,330,1
tflink,336,1
tflink,337,1
tflink,338,1
tflink,342,2
tflink,366,1
tflink,370,1
tflink,371,1
tflink,372,1
tflink,375,1
tflink,389,1
tflink,391,1
tflink,393,1
tflink,396,1
tflink,399,1
tflink,400,2
tflink,410,1
tflink,415,1
tflink,416,1
tflink,425,1
tflink,428,1
tflink,439,1
tflink,447,1
tflink,452,1
tflink,460,1
tflink,466,1
tflink,478,1
tflink,480,2
tflink,501,2
tflink,505,1
tflink,515,1
tflink,524,2
tflink,528,2
tflink,529,1
tflink,533,1
tflink,550,1
tflink,563,1
tflink,564,1
tflink,569,1
tflink,570,1
tflink,571,1
tflink,573,1
tflink,578,1
tflink,598,1
tflink,601,1
tflink,614,1
tflink,617,1
tflink,623,2
tflink,626,1
tflink,628,1
tflink,631,1
tflink,648,1
tflink,660,1
tflink,663,1
tflink,664,1
tflink,683,1
tflink,687,2
tflink,689,1
tflink,712,1
tflink,714,1
tflink,715,2
tflink,716,1
tflink,731,1
tflink,741,1
tflink,742,1
tflink,745,1
tflink,746,1
tflink,748,1
tflink,752,1
tflink,755,1
tflink,761,1
tflink,800,1
tflink,803,1
tflink,805,1
tflink,813,1
tflink,834,1
tflink,842,1
tflink,843,1
tflink,849,1
tflink,865,1
tflink,872,1
tflink,885,2
tflink,896,1
tflink,899,1
tflink,915,1
tflink,922,1
tflink,940,1
tflink,961,1
tflink,990,1
tflink,993,1
tflink,994,1
tflink,998,1
tflink,1016,1
tflink,1027,1
tflink,1051,1
tflink,1062,1
tflink,1068,1
tflink,1079,1
tflink,1097,1
tflink,1112,1
tflink,1113,1
tflink,1130,1
tflink,1134,1
tflink,1161,1
tflink,1205,1
tflink,1229,1
tflink,1232,1
tflink,1259,1
tflink,1296,1
tflink,1331,1
tflink,1344,1
tflink,1389,1
tflink,1427,1
tflink,1439,1
tflink,1441,1
tflink,1451,1
tflink,1503,1
tflink,1513,1
tflink,1567,1
tflink,1574,1
tflink,1604,1
tflink,1646,1
tflink,1711,1
tflink,1732,1
tflink,1739,1
tflink,1825,1
tflink,1871,1
tflink,1955,1
tflink,1967,1
tflink,2071,1
tflink,2078,1
tflink,2234,1
tflink,2253,1
tflink,2259,1
tflink,2323,1
tflink,2479,1
tflink,2501,1
tflink,2744,1
tflink,2823,1
tflink,2966,1
tflink,2995,1
tflink,3135,1
tflink,3613,1
tflink,4049,1
tflink,4159,1
tflink,4169,1
tflink,4353,1
tflink,4356,1
tflink,4730,1
tflink,4777,1
tflink,4815,1
tflink,4908,1
string12_0_neighborhood,1,32
string12_0_neighborhood,2,14
string12_0_neighborhood,3,20
string12_0_neighborhood,4,15
string12_0_neighborhood,5,20
string12_0_neighborhood,6,15
string12_0_neighborhood,7,9
string12_0_neighborhood,8,12
string12_0_neighborhood,9,27
string12_0_neighborhood,10,22
string12_0_neighborhood,11,14
string12_0_neighborhood,12,17
string12_0_neighborhood,13,21
string12_0_neighborhood,14,8
string12_0_neighborhood,15,10
string12_0_neighborhood,16,13
string12_0_neighborhood,17,21
string12_0_neighborhood,18,19
string12_0_neighborhood,19,10
string12_0_neighborhood,20,14
string12_0_neighborhood,21,18
string12_0_neighborhood,22,13
string12_0_neighborhood,23,9
string12_0_neighborhood,24,14
string12_0_neighborhood,25,15
string12_0_neighborhood,26,13
string12_0_neighborhood,27,16
string12_0_neighborhood,28,10
string12_0_neighborhood,29,16
string12_0_neighborhood,30,13
string12_0_neighborhood,31,9
string12_0_neighborhood,32,17
string12_0_neighborhood,33,19
string12_0_neighborhood,34,17
string12_0_neighborhood,35,10
string12_0_neighborhood,36,11
string12_0_neighborhood,37,16
string12_0_neighborhood,38,13
string12_0_neighborhood,39,17
string12_0_neighborhood,40,16
string12_0_neighborhood,41,15
string12_0_neighborhood,42,6
string12_0_neighborhood,43,10
string12_0_neighborhood,44,11
string12_0_neighborhood,45,18
string12_0_neighborhood,46,15
string12_0_neighborhood,47,11
string12_0_neighborhood,48,8
string12_0_neighborhood,49,13
string12_0_neighborhood,50,12
string12_0_neighborhood,51,8
string12_0_neighborhood,52,7
string12_0_neighborhood,53,8
string12_0_neighborhood,54,10
string12_0_neighborhood,55,7
string12_0_neighborhood,56,7
string12_0_neighborhood,57,11
string12_0_neighborhood,58,10
string12_0_neighborhood,59,4
string12_0_neighborhood,60,5
string12_0_neighborhood,61,6
string12_0_neighborhood,62,14
string12_0_neighborhood,63,7
string12_0_neighborhood,64,5
string12_0_neighborhood,65,9
string12_0_neighborhood,66,7
string12_0_neighborhood,67,5
string12_0_neighborhood,68,5
string12_0_neighborhood,69,3
string12_0_neighborhood,70,7
string12_0_neighborhood,71,4
string12_0_neighborhood,72,10
string12_0_neighborhood,73,15
string12_0_neighborhood,74,8
string12_0_neighborhood,75,5
string12_0_neighborhood,76,4
string12_0_neighborhood,77,7
string12_0_neighborhood,78,5
string12_0_neighborhood,79,6
string12_0_neighborhood,80,3
string12_0_neighborhood,81,9
string12_0_neighborhood,82,8
string12_0_neighborhood,83,3
string12_0_neighborhood,84,6
string12_0_neighborhood,85,8
string12_0_neighborhood,86,3
string12_0_neighborhood,87,8
string12_0_neighborhood,88,7
string12_0_neighborhood,89,7
string12_0_neighborhood,90,5
string12_0_neighborhood,91,3
string12_0_neighborhood,92,10
string12_0_neighborhood,93,9
string12_0_neighborhood,94,8
string12_0_neighborhood,95,6
string12_0_neighborhood,96,10
string12_0_neighborhood,97,15
string12_0_neighborhood,98,6
string12_0_neighborhood,99,9
string12_0_neighborhood,100,3
string12_0_neighborhood,101,7
string12_0_neighborhood,102,4
string12_0_neighborhood,103,10
string12_0_neighborhood,104,9
string12_0_neighborhood,105,12
string12_0_neighborhood,106,16
string12_0_neighborhood,107,10
string12_0_neighborhood,108,13
string12_0_neighborhood,109,9
string12_0_neighborhood,110,4
string12_0_neighborhood,111,5
string12_0_neighborhood,112,2
string12_0_neighborhood,113,12
string12_0_neighborhood,114,4
string12_0_neighborhood,115,9
string12_0_neighborhood,116,5
string12_0_neighborhood,117,3
string12_0_neighborhood,118,6
string12_0_neighborhood,119,14
string12_0_neighborhood,120,12
string12_0_neighborhood,121,5
string12_0_neighborhood,122,8
string12_0_neighborhood,123,7
string12_0_neighborhood,124,8
string12_0_neighborhood,125,4
string12_0_neighborhood,126,4
string12_0_neighborhood,127,3
string12_0_neighborhood,128,2
string12_0_neighborhood,129,5
string12_0_neighborhood,130,5
string12_0_neighborhood,131,6
string12_0_neighborhood,132,5
string12_0_neighborhood,133,7
string12_0_neighborhood,134,3
string12_0_neighborhood,135,8
string12_0_neighborhood,137,1
string12_0_neighborhood,138,5
string12_0_neighborhood,139,3
string12_0_neighborhood,140,5
string12_0_neighborhood,141,2
string12_0_neighborhood,142,2
string12_0_neighborhood,143,2
string12_0_neighborhood,144,5
string12_0_neighborhood,145,2
string12_0_neighborhood,146,3
string12_0_neighborhood,147,5
string12_0_neighborhood,148,2
string12_0_neighborhood,149,5
string12_0_neighborhood,150,3
string12_0_neighborhood,151,4
string12_0_neighborhood,152,1
string12_0_neighborhood,153,6
string12_0_neighborhood,154,6
string12_0_neighborhood,155,4
string12_0_neighborhood,156,2
string12_0_neighborhood,157,2
string12_0_neighborhood,158,1
string12_0_neighborhood,159,6
string12_0_neighborhood,160,6
string12_0_neighborhood,161,9
string12_0_neighborhood,162,3
string12_0_neighborhood,163,5
string12_0_neighborhood,164,10
string12_0_neighborhood,165,5
string12_0_neighborhood,166,5
string12_0_neighborhood,167,5
string12_0_neighborhood,168,4
string12_0_neighborhood,169,4
string12_0_neighborhood,170,8
string12_0_neighborhood,171,1
string12_0_neighborhood,172,7
string12_0_neighborhood,173,6
string12_0_neighborhood,174,8
string12_0_neighborhood,175,8
string12_0_neighborhood,176,8
string12_0_neighborhood,177,8
string12_0_neighborhood,178,2
string12_0_neighborhood,179,8
string12_0_neighborhood,180,6
string12_0_neighborhood,181,5
string12_0_neighborhood,182,7
string12_0_neighborhood,183,7
string12_0_neighborhood,184,6
string12_0_neighborhood,185,3
string12_0_neighborhood,186,2
string12_0_neighborhood,187,3
string12_0_neighborhood,188,6
string12_0_neighborhood,189,2
string12_0_neighborhood,190,9
string12_0_neighborhood,191,3
string12_0_neighborhood,192,2
string12_0_neighborhood,193,7
string12_0_neighborhood,194,4
string12_0_neighborhood,195,2
string12_0_neighborhood,196,2
string12_0_neighborhood,197,6
string12_0_neighborhood,198,7
string12_0_neighborhood,199,2
string12_0_neighborhood,200,1
string12_0_neighborhood,201,6
string12_0_neighborhood,202,6
string12_0_neighborhood,203,3
string12_0_neighborhood,204,7
string12_0_neighborhood,205,8
string12_0_neighborhood,206,3
string12_0_neighborhood,207,3
string12_0_neighborhood,208,2
string12_0_neighborhood,209,3
string12_0_neighborhood,210,3
string12_0_neighborhood,211,4
string12_0_neighborhood,212,6
string12_0_neighborhood,213,6
string12_0_neighborhood,214,3
string12_0_neighborhood,215,6
string12_0_neighborhood,217,7
string12_0_neighborhood,218,6
string12_0_neighborhood,219,3
string12_0_neighborhood,220,3
string12_0_neighborhood,221,7
string12_0_neighborhood,222,2
string12_0_neighborhood,223,2
string12_0_neighborhood,224,3
string12_0_neighborhood,225,3
string12_0_neighborhood,226,4
string12_0_neighborhood,227,4
string12_0_neighborhood,228,2
string12_0_neighborhood,229,1
string12_0_neighborhood,230,4
string12_0_neighborhood,231,7
string12_0_neighborhood,232,4
string12_0_neighborhood,233,5
string12_0_neighborhood,234,6
string12_0_neighborhood,235,2
string12_0_neighborhood,236,4
string12_0_neighborhood,237,1
string12_0_neighborhood,238,3
string12_0_neighborhood,239,4
string12_0_neighborhood,240,3
string12_0_neighborhood,241,4
string12_0_neighborhood,242,3
string12_0_neighborhood,243,4
string12_0_neighborhood,244,2
string12_0_neighborhood,245,4
string12_0_neighborhood,246,4
string12_0_neighborhood,247,4
string12_0_neighborhood,248,1
string12_0_neighborhood,249,5
string12_0_neighborhood,250,4
string12_0_neighborhood,251,6
string12_0_neighborhood,252,5
string12_0_neighborhood,253,5
string12_0_neighborhood,254,2
string12_0_neighborhood,255,3
string12_0_neighborhood,256,4
string12_0_neighborhood,257,3
string12_0_neighborhood,258,2
string12_0_neighborhood,259,4
string12_0_neighborhood,260,2
string12_0_neighborhood,261,5
string12_0_neighborhood,262,2
string12_0_neighborhood,263,4
string12_0_neighborhood,264,3
string12_0_neighborhood,265,2
string12_0_neighborhood,266,2
string12_0_neighborhood,267,3
string12_0_neighborhood,268,4
string12_0_neighborhood,269,2
string12_0_neighborhood,270,4
string12_0_neighborhood,271,4
string12_0_neighborhood,272,2
string12_0_neighborhood,273,5
string12_0_neighborhood,274,2
string12_0_neighborhood,275,2
string12_0_neighborhood,276,1
string12_0_neighborhood,277,3
string12_0_neighborhood,278,4
string12_0_neighborhood,279,2
string12_0_neighborhood,280,2
string12_0_neighborhood,281,2
string12_0_neighborhood,282,4
string12_0_neighborhood,283,3
string12_0_neighborhood,284,3
string12_0_neighborhood,285,2
string12_0_neighborhood,286,3
string12_0_neighborhood,287,2
string12_0_neighborhood,288,5
string12_0_neighborhood,290,4
string12_0_neighborhood,291,4
string12_0_neighborhood,292,2
string12_0_neighborhood,293,4
string12_0_neighborhood,294,5
string12_0_neighborhood,295,3
string12_0_neighborhood,296,1
string12_0_neighborhood,297,4
string12_0_neighborhood,299,2
string12_0_neighborhood,300,2
string12_0_neighborhood,302,2
string12_0_neighborhood,303,1
string12_0_neighborhood,304,1
string12_0_neighborhood,305,2
string12_0_neighborhood,306,1
string12_0_neighborhood,307,3
string12_0_neighborhood,308,3
string12_0_neighborhood,309,2
string12_0_neighborhood,311,4
string12_0_neighborhood,312,1
string12_0_neighborhood,313,1
string12_0_neighborhood,314,2
string12_0_neighborhood,316,1
string12_0_neighborhood,317,2
string12_0_neighborhood,318,1
string12_0_neighborhood,319,1
string12_0_neighborhood,320,1
string12_0_neighborhood,321,3
string12_0_neighborhood,322,1
string12_0_neighborhood,323,4
string12_0_neighborhood,324,4
string12_0_neighborhood,325,4
string12_0_neighborhood,326,1
string12_0_neighborhood,327,2
string12_0_neighborhood,328,1
string12_0_neighborhood,330,1
string12_0_neighborhood,331,2
string12_0_neighborhood,332,2
string12_0_neighborhood,333,1
string12_0_neighborhood,334,1
string12_0_neighborhood,335,1
string12_0_neighborhood,336,5
string12_0_neighborhood,337,3
string12_0_neighborhood,338,3
string12_0_neighborhood,339,1
string12_0_neighborhood,340,2
string12_0_neighborhood,341,1
string12_0_neighborhood,342,5
string12_0_neighborhood,343,2
string12_0_neighborhood,344,1
string12_0_neighborhood,345,4
string12_0_neighborhood,346,3
string12_0_neighborhood,347,4
string12_0_neighborhood,349,1
string12_0_neighborhood,351,3
string12_0_neighborhood,352,1
string12_0_neighborhood,353,1
string12_0_neighborhood,354,1
string12_0_neighborhood,355,3
string12_0_neighborhood,356,1
string12_0_neighborhood,357,2
string12_0_neighborhood,358,1
string12_0_neighborhood,359,2
string12_0_neighborhood,360,3
string12_0_neighborhood,361,3
string12_0_neighborhood,363,2
string12_0_neighborhood,365,3
string12_0_neighborhood,366,2
string12_0_neighborhood,367,2
string12_0_neighborhood,368,1
string12_0_neighborhood,371,2
string12_0_neighborhood,372,2
string12_0_neighborhood,373,2
string12_0_neighborhood,374,2
string12_0_neighborhood,376,3
string12_0_neighborhood,377,1
string12_0_neighborhood,379,1
string12_0_neighborhood,382,1
string12_0_neighborhood,384,1
string12_0_neighborhood,385,2
string12_0_neighborhood,387,1
string12_0_neighborhood,388,1
string12_0_neighborhood,389,3
string12_0_neighborhood,390,1
string12_0_neighborhood,392,1
string12_0_neighborhood,393,2
string12_0_neighborhood,394,1
string12_0_neighborhood,395,2
string12_0_neighborhood,397,1
string12_0_neighborhood,398,2
string12_0_neighborhood,400,1
string12_0_neighborhood,404,3
string12_0_neighborhood,405,1
string12_0_neighborhood,406,2
string12_0_neighborhood,408,1
string12_0_neighborhood,409,3
string12_0_neighborhood,411,1
string12_0_neighborhood,412,1
string12_0_neighborhood,413,1
string12_0_neighborhood,414,2
string12_0_neighborhood,415,4
string12_0_neighborhood,416,1
string12_0_neighborhood,418,2
string12_0_neighborhood,419,1
string12_0_neighborhood,424,1
string12_0_neighborhood,425,1
string12_0_neighborhood,428,1
string12_0_neighborhood,430,1
string12_0_neighborhood,431,2
string12_0_neighborhood,432,1
string12_0_neighborhood,433,1
string12_0_neighborhood,437,2
string12_0_neighborhood,444,1
string12_0_neighborhood,446,2
string12_0_neighborhood,447,1
string12_0_neighborhood,450,1
string12_0_neighborhood,455,1
string12_0_neighborhood,466,1
string12_0_neighborhood,472,1
string12_0_neighborhood,473,1
string12_0_neighborhood,491,1
string12_0_neighborhood,496,1
string12_0_neighborhood,506,1
string12_0_neighborhood,507,1
string12_0_neighborhood,510,1
string12_0_neighborhood,524,1
string12_0_neighborhood,528,1
string12_0_neighborhood,532,1
string12_0_neighborhood,533,1
string12_0_neighborhood,535,1
string12_0_neighborhood,541,1
string12_0_neighborhood,570,1
string12_0_neighborhood,578,1
string12_0_neighborhood,585,1
string12_0_neighborhood,590,1
string12_0_neighborhood,591,1
string12_0_neighborhood,614,1
string12_0_neighborhood,627,1
string12_0_neighborhood,649,1
string12_0_neighborhood,653,1
string12_0_neighborhood,680,1
string12_0_neighborhood,716,1
string12_0_neighborhood,720,1
string12_0_neighborhood,741,1
string12_0_neighborhood,760,1
string12_0_neighborhood,936,1
string12_0_fusion,1,522
string12_0_fusion,2,403
string12_0_fusion,3,307
string12_0_fusion,4,249
string12_0_fusion,5,222
string12_0_fusion,6,196
string12_0_fusion,7,162
string12_0_fusion,8,147
string12_0_fusion,9,115
string12_0_fusion,10,88
string12_0_fusion,11,78
string12_0_fusion,12,65
string12_0_fusion,13,60
string12_0_fusion,14,64
string12_0_fusion,15,44
string12_0_fusion,16,33
string12_0_fusion,17,34
string12_0_fusion,18,31
string12_0_fusion,19,24
string12_0_fusion,20,23
string12_0_fusion,21,19
string12_0_fusion,22,15
string12_0_fusion,23,20
string12_0_fusion,24,16
string12_0_fusion,25,7
string12_0_fusion,26,12
string12_0_fusion,27,4
string12_0_fusion,28,10
string12_0_fusion,29,9
string12_0_fusion,30,9
string12_0_fusion,31,5
string12_0_fusion,32,4
string12_0_fusion,33,7
string12_0_fusion,34,5
string12_0_fusion,35,6
string12_0_fusion,36,2
string12_0_fusion,37,5
string12_0_fusion,38,4
string12_0_fusion,39,1
string12_0_fusion,40,2
string12_0_fusion,41,2
string12_0_fusion,42,2
string12_0_fusion,43,4
string12_0_fusion,44,1
string12_0_fusion,45,2
string12_0_fusion,46,2
string12_0_fusion,47,3
string12_0_fusion,48,2
string12_0_fusion,49,2
string12_0_fusion,50,2
string12_0_fusion,51,1
string12_0_fusion,52,1
string12_0_fusion,53,1
string12_0_fusion,54,1
string12_0_fusion,55,2
string12_0_fusion,56,2
string12_0_fusion,57,1
string12_0_fusion,58,1
string12_0_fusion,59,4
string12_0_fusion,60,2
string12_0_fusion,61,3
string12_0_fusion,62,1
string12_0_fusion,63,1
string12_0_fusion,64,3
string12_0_fusion,67,1
string12_0_fusion,72,1
string12_0_fusion,75,1
string12_0_fusion,80,1
string12_0_fusion,83,1
string12_0_fusion,84,1
string12_0_cooccurence,1,878
string12_0_cooccurence,2,424
string12_0_cooccurence,3,252
string12_0_cooccurence,4,194
string12_0_cooccurence,5,119
string12_0_cooccurence,6,89
string12_0_cooccurence,7,58
string12_0_cooccurence,8,62
string12_0_cooccurence,9,29
string12_0_cooccurence,10,25
string12_0_cooccurence,11,34
string12_0_cooccurence,12,29
string12_0_cooccurence,13,21
string12_0_cooccurence,14,14
string12_0_cooccurence,15,15
string12_0_cooccurence,16,35
string12_0_cooccurence,17,30
string12_0_cooccurence,18,24
string12_0_cooccurence,19,17
string12_0_cooccurence,20,14
string12_0_cooccurence,21,4
string12_0_cooccurence,22,4
string12_0_cooccurence,23,8
string12_0_cooccurence,24,4
string12_0_cooccurence,25,30
string12_0_cooccurence,26,11
string12_0_cooccurence,27,7
string12_0_cooccurence,28,4
string12_0_cooccurence,29,3
string12_0_cooccurence,30,2
string12_0_cooccurence,31,5
string12_0_cooccurence,32,5
string12_0_cooccurence,33,6
string12_0_cooccurence,34,4
string12_0_cooccurence,35,4
string12_0_cooccurence,36,6
string12_0_cooccurence,37,7
string12_0_cooccurence,38,5
string12_0_cooccurence,39,3
string12_0_cooccurence,40,2
string12_0_cooccurence,41,4
string12_0_cooccurence,42,4
string12_0_cooccurence,43,3
string12_0_cooccurence,44,1
string12_0_cooccurence,47,1
string12_0_cooccurence,51,1
string12_0_cooccurence,53,1
string12_0_cooccurence,54,2
string12_0_cooccurence,55,1
string12_0_cooccurence,59,1
string12_0_cooccurence,60,1
string12_0_cooccurence,61,2
string12_0_cooccurence,63,2
string12_0_cooccurence,64,1
string12_0_cooccurence,66,1
string12_0_cooccurence,70,1
string12_0_cooccurence,76,1
string12_0_cooccurence,77,2
string12_0_cooccurence,79,1
string12_0_cooccurence,80,3
string12_0_cooccurence,82,1
string12_0_cooccurence,83,2
string12_0_cooccurence,84,3
string12_0_cooccurence,85,3
string12_0_cooccurence,86,2
string12_0_cooccurence,87,3
string12_0_cooccurence,88,2
string12_0_cooccurence,89,6
string12_0_cooccurence,90,2
string12_0_cooccurence,91,6
string12_0_cooccurence,92,10
string12_0_cooccurence,93,12
string12_0_cooccurence,94,7
string12_0_cooccurence,95,9
string12_0_cooccurence,96,10
string12_0_cooccurence,97,2
string12_0_coexpression,1,34
string12_0_coexpression,2,35
string12_0_coexpression,3,25
string12_0_coexpression,4,30
string12_0_coexpression,5,32
string12_0_coexpression,6,22
string12_0_coexpression,7,41
string12_0_coexpression,8,30
string12_0_coexpression,9,26
string12_0_coexpression,10,26
string12_0_coexpression,11,30
string12_0_coexpression,12,18
string12_0_coexpression,13,27
string12_0_coexpression,14,19
string12_0_coexpression,15,14
string12_0_coexpression,16,26
string12_0_coexpression,17,15
string12_0_coexpression,18,19
string12_0_coexpression,19,18
string12_0_coexpression,20,14
string12_0_coexpression,21,22
string12_0_coexpression,22,17
string12_0_coexpression,23,14
string12_0_coexpression,24,22
string12_0_coexpression,25,17
string12_0_coexpression,26,13
string12_0_coexpression,27,17
string12_0_coexpression,28,21
string12_0_coexpression,29,20
string12_0_coexpression,30,22
string12_0_coexpression,31,18
string12_0_coexpression,32,18
string12_0_coexpression,33,11
string12_0_coexpression,34,16
string12_0_coexpression,35,22
string12_0_coexpression,36,14
string12_0_coexpression,37,14
string12_0_coexpression,38,20
string12_0_coexpression,39,21
string12_0_coexpression,40,16
string12_0_coexpression,41,22
string12_0_coexpression,42,9
string12_0_coexpression,43,16
string12_0_coexpression,44,29
string12_0_coexpression,45,9
string12_0_coexpression,46,13
string12_0_coexpression,47,11
string12_0_coexpression,48,16
string12_0_coexpression,49,16
string12_0_coexpression,50,13
string12_0_coexpression,51,23
string12_0_coexpression,52,14
string12_0_coexpression,53,12
string12_0_coexpression,54,11
string12_0_coexpression,55,12
string12_0_coexpression,56,15
string12_0_coexpression,57,9
string12_0_coexpression,58,13
string12_0_coexpression,59,19
string12_0_coexpression,60,20
string12_0_coexpression,61,15
string12_0_coexpression,62,10
string12_0_coexpression,63,6
string12_0_coexpression,64,9
string12_0_coexpression,65,14
string12_0_coexpression,66,13
string12_0_coexpression,67,16
string12_0_coexpression,68,16
string12_0_coexpression,69,13
string12_0_coexpression,70,19
string12_0_coexpression,71,19
string12_0_coexpression,72,11
string12_0_coexpression,73,20
string12_0_coexpression,74,9
string12_0_coexpression,75,11
string12_0_coexpression,76,10
string12_0_coexpression,77,20
string12_0_coexpression,78,10
string12_0_coexpression,79,10
string12_0_coexpression,80,18
string12_0_coexpression,81,11
string12_0_coexpression,82,14
string12_0_coexpression,83,14
string12_0_coexpression,84,13
string12_0_coexpression,85,17
string12_0_coexpression,86,10
string12_0_coexpression,87,13
string12_0_coexpression,88,18
string12_0_coexpression,89,10
string12_0_coexpression,90,14
string12_0_coexpression,91,11
string12_0_coexpression,92,18
string12_0_coexpression,93,9
string12_0_coexpression,94,12
string12_0_coexpression,95,12
string12_0_coexpression,96,13
string12_0_coexpression,97,20
string12_0_coexpression,98,13
string12_0_coexpression,99,10
string12_0_coexpression,100,17
string12_0_coexpression,101,19
string12_0_coexpression,102,17
string12_0_coexpression,103,11
string12_0_coexpression,104,7
string12_0_coexpression,105,10
string12_0_coexpression,106,12
string12_0_coexpression,107,13
string12_0_coexpression,108,7
string12_0_coexpression,109,14
string12_0_coexpression,110,13
string12_0_coexpression,111,15
string12_0_coexpression,112,10
string12_0_coexpression,113,10
string12_0_coexpression,114,16
string12_0_coexpression,115,18
string12_0_coexpression,116,10
string12_0_coexpression,117,17
string12_0_coexpression,118,15
string12_0_coexpression,119,9
string12_0_coexpression,120,7
string12_0_coexpression,121,17
string12_0_coexpression,122,11
string12_0_coexpression,123,12
string12_0_coexpression,124,11
string12_0_coexpression,125,7
string12_0_coexpression,126,13
string12_0_coexpression,127,16
string12_0_coexpression,128,15
string12_0_coexpression,129,14
string12_0_coexpression,130,11
string12_0_coexpression,131,11
string12_0_coexpression,132,10
string12_0_coexpression,133,10
string12_0_coexpression,134,21
string12_0_coexpression,135,14
string12_0_coexpression,136,14
string12_0_coexpression,137,10
string12_0_coexpression,138,10
string12_0_coexpression,139,9
string12_0_coexpression,140,15
string12_0_coexpression,141,17
string12_0_coexpression,142,15
string12_0_coexpression,143,10
string12_0_coexpression,144,13
string12_0_coexpression,145,15
string12_0_coexpression,146,12
string12_0_coexpression,147,15
string12_0_coexpression,148,11
string12_0_coexpression,149,15
string12_0_coexpression,150,10
string12_0_coexpression,151,12
string12_0_coexpression,152,18
string12_0_coexpression,153,18
string12_0_coexpression,154,14
string12_0_coexpression,155,16
string12_0_coexpression,156,11
string12_0_coexpression,157,19
string12_0_coexpression,158,8
string12_0_coexpression,159,13
string12_0_coexpression,160,18
string12_0_coexpression,161,18
string12_0_coexpression,162,12
string12_0_coexpression,163,13
string12_0_coexpression,164,6
string12_0_coexpression,165,11
string12_0_coexpression,166,9
string12_0_coexpression,167,7
string12_0_coexpression,168,11
string12_0_coexpression,169,17
string12_0_coexpression,170,11
string12_0_coexpression,171,22
string12_0_coexpression,172,8
string12_0_coexpression,173,11
string12_0_coexpression,174,9
string12_0_coexpression,175,15
string12_0_coexpression,176,9
string12_0_coexpression,177,9
string12_0_coexpression,178,7
string12_0_coexpression,179,17
string12_0_coexpression,180,9
string12_0_coexpression,181,8
string12_0_coexpression,182,15
string12_0_coexpression,183,14
string12_0_coexpression,184,16
string12_0_coexpression,185,9
string12_0_coexpression,186,13
string12_0_coexpression,187,10
string12_0_coexpression,188,11
string12_0_coexpression,189,5
string12_0_coexpression,190,9
string12_0_coexpression,191,19
string12_0_coexpression,192,8
string12_0_coexpression,193,12
string12_0_coexpression,194,14
string12_0_coexpression,195,12
string12_0_coexpression,196,7
string12_0_coexpression,197,14
string12_0_coexpression,198,12
string12_0_coexpression,199,10
string12_0_coexpression,200,12
string12_0_coexpression,201,20
string12_0_coexpression,202,13
string12_0_coexpression,203,11
string12_0_coexpression,204,13
string12_0_coexpression,205,14
string12_0_coexpression,206,15
string12_0_coexpression,207,13
string12_0_coexpression,208,11
string12_0_coexpression,209,14
string12_0_coexpression,210,7
string12_0_coexpression,211,15
string12_0_coexpression,212,15
string12_0_coexpression,213,12
string12_0_coexpression,214,15
string12_0_coexpression,215,12
string12_0_coexpression,216,10
string12_0_coexpression,217,16
string12_0_coexpression,218,9
string12_0_coexpression,219,13
string12_0_coexpression,220,11
string12_0_coexpression,221,13
string12_0_coexpression,222,16
string12_0_coexpression,223,8
string12_0_coexpression,224,10
string12_0_coexpression,225,13
string12_0_coexpression,226,13
string12_0_coexpression,227,10
string12_0_coexpression,228,11
string12_0_coexpression,229,9
string12_0_coexpression,230,6
string12_0_coexpression,231,13
string12_0_coexpression,232,7
string12_0_coexpression,233,10
string12_0_coexpression,234,13
string12_0_coexpression,235,14
string12_0_coexpression,236,9
string12_0_coexpression,237,12
string12_0_coexpression,238,12
string12_0_coexpression,239,10
string12_0_coexpression,240,11
string12_0_coexpression,241,14
string12_0_coexpression,242,8
string12_0_coexpression,243,8
string12_0_coexpression,244,12
string12_0_coexpression,245,7
string12_0_coexpression,246,5
string12_0_coexpression,247,9
string12_0_coexpression,248,10
string12_0_coexpression,249,14
string12_0_coexpression,250,10
string12_0_coexpression,251,11
string12_0_coexpression,252,14
string12_0_coexpression,253,11
string12_0_coexpression,254,6
string12_0_coexpression,255,7
string12_0_coexpression,256,8
string12_0_coexpression,257,8
string12_0_coexpression,258,9
string12_0_coexpression,259,8
string12_0_coexpression,260,13
string12_0_coexpression,261,9
string12_0_coexpression,262,12
string12_0_coexpression,263,8
string12_0_coexpression,264,6
string12_0_coexpression,265,7
string12_0_coexpression,266,12
string12_0_coexpression,267,8
string12_0_coexpression,268,6
string12_0_coexpression,269,9
string12_0_coexpression,270,5
string12_0_coexpression,271,14
string12_0_coexpression,272,7
string12_0_coexpression,273,16
string12_0_coexpression,274,12
string12_0_coexpression,275,13
string12_0_coexpression,276,9
string12_0_coexpression,277,8
string12_0_coexpression,278,12
string12_0_coexpression,279,8
string12_0_coexpression,280,7
string12_0_coexpression,281,7
string12_0_coexpression,282,11
string12_0_coexpression,283,12
string12_0_coexpression,284,7
string12_0_coexpression,285,6
string12_0_coexpression,286,5
string12_0_coexpression,287,5
string12_0_coexpression,288,8
string12_0_coexpression,289,9
string12_0_coexpression,290,8
string12_0_coexpression,291,13
string12_0_coexpression,292,6
string12_0_coexpression,293,7
string12_0_coexpression,294,9
string12_0_coexpression,295,6
string12_0_coexpression,296,7
string12_0_coexpression,297,8
string12_0_coexpression,298,7
string12_0_coexpression,299,4
string12_0_coexpression,300,9
string12_0_coexpression,301,6
string12_0_coexpression,302,5
string12_0_coexpression,303,8
string12_0_coexpression,304,10
string12_0_coexpression,305,3
string12_0_coexpression,306,9
string12_0_coexpression,307,8
string12_0_coexpression,308,6
string12_0_coexpression,309,11
string12_0_coexpression,310,3
string12_0_coexpression,311,9
string12_0_coexpression,312,3
string12_0_coexpression,313,9
string12_0_coexpression,314,11
string12_0_coexpression,315,2
string12_0_coexpression,316,6
string12_0_coexpression,317,8
string12_0_coexpression,318,7
string12_0_coexpression,319,10
string12_0_coexpression,320,5
string12_0_coexpression,321,5
string12_0_coexpression,322,9
string12_0_coexpression,323,7
string12_0_coexpression,324,4
string12_0_coexpression,325,4
string12_0_coexpression,326,8
string12_0_coexpression,327,10
string12_0_coexpression,328,8
string12_0_coexpression,329,4
string12_0_coexpression,330,6
string12_0_coexpression,331,11
string12_0_coexpression,332,2
string12_0_coexpression,333,1
string12_0_coexpression,334,7
string12_0_coexpression,335,12
string12_0_coexpression,336,2
string12_0_coexpression,337,10
string12_0_coexpression,338,5
string12_0_coexpression,339,5
string12_0_coexpression,340,6
string12_0_coexpression,341,8
string12_0_coexpression,342,9
string12_0_coexpression,343,7
string12_0_coexpression,344,9
string12_0_coexpression,345,7
string12_0_coexpression,346,8
string12_0_coexpression,347,4
string12_0_coexpression,348,9
string12_0_coexpression,349,1
string12_0_coexpression,350,12
string12_0_coexpression,351,4
string12_0_coexpression,352,4
string12_0_coexpression,353,6
string12_0_coexpression,354,9
string12_0_coexpression,355,8
string12_0_coexpression,356,2
string12_0_coexpression,357,10
string12_0_coexpression,358,5
string12_0_coexpression,359,7
string12_0_coexpression,360,7
string12_0_coexpression,361,6
string12_0_coexpression,362,7
string12_0_coexpression,363,5
string12_0_coexpression,364,5
string12_0_coexpression,365,4
string12_0_coexpression,366,5
string12_0_coexpression,367,5
string12_0_coexpression,368,8
string12_0_coexpression,369,6
string12_0_coexpression,370,10
string12_0_coexpression,371,9
string12_0_coexpression,372,4
string12_0_coexpression,373,6
string12_0_coexpression,374,3
string12_0_coexpression,375,9
string12_0_coexpression,376,7
string12_0_coexpression,377,10
string12_0_coexpression,378,9
string12_0_coexpression,379,8
string12_0_coexpression,380,7
string12_0_coexpression,381,11
string12_0_coexpression,382,2
string12_0_coexpression,383,7
string12_0_coexpression,384,1
string12_0_coexpression,385,8
string12_0_coexpression,386,4
string12_0_coexpression,387,8
string12_0_coexpression,388,8
string12_0_coexpression,389,8
string12_0_coexpression,390,10
string12_0_coexpression,391,5
string12_0_coexpression,392,12
string12_0_coexpression,393,2
string12_0_coexpression,394,2
string12_0_coexpression,395,4
string12_0_coexpression,396,5
string12_0_coexpression,397,5
string12_0_coexpression,398,3
string12_0_coexpression,399,7
string12_0_coexpression,400,7
string12_0_coexpression,401,7
string12_0_coexpression,402,8
string12_0_coexpression,403,6
string12_0_coexpression,404,4
string12_0_coexpression,405,4
string12_0_coexpression,406,3
string12_0_coexpression,407,9
string12_0_coexpression,408,8
string12_0_coexpression,409,11
string12_0_coexpression,410,4
string12_0_coexpression,411,5
string12_0_coexpression,412,7
string12_0_coexpression,413,9
string12_0_coexpression,414,5
string12_0_coexpression,415,2
string12_0_coexpression,416,3
string12_0_coexpression,417,2
string12_0_coexpression,418,7
string12_0_coexpression,419,5
string12_0_coexpression,420,4
string12_0_coexpression,421,4
string12_0_coexpression,422,4
string12_0_coexpression,423,10
string12_0_coexpression,424,5
string12_0_coexpression,425,8
string12_0_coexpression,426,4
string12_0_coexpression,427,4
string12_0_coexpression,428,5
string12_0_coexpression,429,2
string12_0_coexpression,431,8
string12_0_coexpression,432,7
string12_0_coexpression,433,6
string12_0_coexpression,434,4
string12_0_coexpression,435,11
string12_0_coexpression,436,4
string12_0_coexpression,437,2
string12_0_coexpression,438,6
string12_0_coexpression,439,6
string12_0_coexpression,440,8
string12_0_coexpression,441,6
string12_0_coexpression,442,7
string12_0_coexpression,443,5
string12_0_coexpression,444,6
string12_0_coexpression,445,2
string12_0_coexpression,446,5
string12_0_coexpression,447,4
string12_0_coexpression,448,7
string12_0_coexpression,449,5
string12_0_coexpression,450,8
string12_0_coexpression,451,6
string12_0_coexpression,452,6
string12_0_coexpression,453,2
string12_0_coexpression,454,3
string12_0_coexpression,455,6
string12_0_coexpression,456,8
string12_0_coexpression,457,5
string12_0_coexpression,458,6
string12_0_coexpression,459,2
string12_0_coexpression,460,7
string12_0_coexpression,461,4
string12_0_coexpression,462,4
string12_0_coexpression,463,5
string12_0_coexpression,464,10
string12_0_coexpression,465,3
string12_0_coexpression,466,1
string12_0_coexpression,467,4
string12_0_coexpression,468,4
string12_0_coexpression,469,2
string12_0_coexpression,470,5
string12_0_coexpression,471,4
string12_0_coexpression,472,1
string12_0_coexpression,473,6
string12_0_coexpression,474,2
string12_0_coexpression,475,2
string12_0_coexpression,476,5
string12_0_coexpression,477,3
string12_0_coexpression,478,3
string12_0_coexpression,479,5
string12_0_coexpression,480,7
string12_0_coexpression,481,3
string12_0_coexpression,482,5
string12_0_coexpression,483,6
string12_0_coexpression,484,9
string12_0_coexpression,485,4
string12_0_coexpression,486,6
string12_0_coexpression,487,3
string12_0_coexpression,488,5
string12_0_coexpression,489,5
string12_0_coexpression,490,3
string12_0_coexpression,491,2
string12_0_coexpression,492,5
string12_0_coexpression,493,4
string12_0_coexpression,494,6
string12_0_coexpression,495,3
string12_0_coexpression,496,2
string12_0_coexpression,497,5
string12_0_coexpression,498,1
string12_0_coexpression,499,4
string12_0_coexpression,500,3
string12_0_coexpression,501,4
string12_0_coexpression,502,5
string12_0_coexpression,503,5
string12_0_coexpression,504,3
string12_0_coexpression,505,3
string12_0_coexpression,506,3
string12_0_coexpression,507,3
string12_0_coexpression,508,2
string12_0_coexpression,509,7
string12_0_coexpression,510,4
string12_0_coexpression,511,3
string12_0_coexpression,512,2
string12_0_coexpression,513,6
string12_0_coexpression,514,7
string12_0_coexpression,515,1
string12_0_coexpression,516,5
string12_0_coexpression,517,2
string12_0_coexpression,518,8
string12_0_coexpression,519,3
string12_0_coexpression,520,4
string12_0_coexpression,521,7
string12_0_coexpression,522,7
string12_0_coexpression,523,5
string12_0_coexpression,524,6
string12_0_coexpression,525,7
string12_0_coexpression,526,3
string12_0_coexpression,527,5
string12_0_coexpression,528,8
string12_0_coexpression,529,8
string12_0_coexpression,530,4
string12_0_coexpression,531,4
string12_0_coexpression,532,4
string12_0_coexpression,533,2
string12_0_coexpression,534,1
string12_0_coexpression,535,3
string12_0_coexpression,536,3
string12_0_coexpression,537,2
string12_0_coexpression,538,3
string12_0_coexpression,539,4
string12_0_coexpression,540,4
string12_0_coexpression,541,5
string12_0_coexpression,542,4
string12_0_coexpression,543,6
string12_0_coexpression,544,8
string12_0_coexpression,545,5
string12_0_coexpression,546,3
string12_0_coexpression,547,4
string12_0_coexpression,548,6
string12_0_coexpression,549,3
string12_0_coexpression,550,4
string12_0_coexpression,551,2
string12_0_coexpression,552,10
string12_0_coexpression,553,5
string12_0_coexpression,555,2
string12_0_coexpression,556,2
string12_0_coexpression,557,5
string12_0_coexpression,558,5
string12_0_coexpression,559,3
string12_0_coexpression,560,4
string12_0_coexpression,561,5
string12_0_coexpression,562,3
string12_0_coexpression,563,1
string12_0_coexpression,564,6
string12_0_coexpression,565,2
string12_0_coexpression,566,3
string12_0_coexpression,567,4
string12_0_coexpression,568,4
string12_0_coexpression,569,3
string12_0_coexpression,570,2
string12_0_coexpression,571,7
string12_0_coexpression,572,3
string12_0_coexpression,574,5
string12_0_coexpression,575,3
string12_0_coexpression,576,6
string12_0_coexpression,577,1
string12_0_coexpression,578,3
string12_0_coexpression,579,2
string12_0_coexpression,580,2
string12_0_coexpression,581,7
string12_0_coexpression,582,2
string12_0_coexpression,583,6
string12_0_coexpression,584,3
string12_0_coexpression,585,3
string12_0_coexpression,587,3
string12_0_coexpression,588,4
string12_0_coexpression,589,1
string12_0_coexpression,590,6
string12_0_coexpression,591,4
string12_0_coexpression,592,6
string12_0_coexpression,593,5
string12_0_coexpression,594,3
string12_0_coexpression,595,2
string12_0_coexpression,596,3
string12_0_coexpression,597,4
string12_0_coexpression,598,3
string12_0_coexpression,599,1
string12_0_coexpression,600,5
string12_0_coexpression,601,3
string12_0_coexpression,602,5
string12_0_coexpression,603,5
string12_0_coexpression,604,1
string12_0_coexpression,605,2
string12_0_coexpression,606,1
string12_0_coexpression,607,2
string12_0_coexpression,608,5
string12_0_coexpression,609,2
string12_0_coexpression,610,5
string12_0_coexpression,611,3
string12_0_coexpression,612,1
string12_0_coexpression,613,2
string12_0_coexpression,614,4
string12_0_coexpression,615,2
string12_0_coexpression,616,1
string12_0_coexpression,617,3
string12_0_coexpression,618,5
string12_0_coexpression,619,3
string12_0_coexpression,620,1
string12_0_coexpression,621,6
string12_0_coexpression,622,4
string12_0_coexpression,623,7
string12_0_coexpression,624,4
string12_0_coexpression,625,4
string12_0_coexpression,626,1
string12_0_coexpression,627,5
string12_0_coexpression,628,3
string12_0_coexpression,629,3
string12_0_coexpression,630,3
string12_0_coexpression,631,1
string12_0_coexpression,632,2
string12_0_coexpression,633,2
string12_0_coexpression,634,5
string12_0_coexpression,635,3
string12_0_coexpression,636,1
string12_0_coexpression,637,3
string12_0_coexpression,638,5
string12_0_coexpression,639,5
string12_0_coexpression,640,4
string12_0_coexpression,641,2
string12_0_coexpression,642,4
string12_0_coexpression,643,3
string12_0_coexpression,644,6
string12_0_coexpression,645,5
string12_0_coexpression,646,4
string12_0_coexpression,647,2
string12_0_coexpression,648,4
string12_0_coexpression,649,1
string12_0_coexpression,650,4
string12_0_coexpression,651,5
string12_0_coexpression,652,4
string12_0_coexpression,653,1
string12_0_coexpression,654,3
string12_0_coexpression,655,2
string12_0_coexpression,656,2
string12_0_coexpression,657,4
string12_0_coexpression,658,3
string12_0_coexpression,659,4
string12_0_coexpression,660,2
string12_0_coexpression,661,3
string12_0_coexpression,662,3
string12_0_coexpression,663,4
string12_0_coexpression,664,2
string12_0_coexpression,665,5
string12_0_coexpression,666,2
string12_0_coexpression,667,1
string12_0_coexpression,668,4
string12_0_coexpression,669,4
string12_0_coexpression,670,2
string12_0_coexpression,671,1
string12_0_coexpression,672,2
string12_0_coexpression,673,1
string12_0_coexpression,674,2
string12_0_coexpression,675,5
string12_0_coexpression,676,4
string12_0_coexpression,677,1
string12_0_coexpression,678,3
string12_0_coexpression,679,4
string12_0_coexpression,680,6
string12_0_coexpression,681,1
string12_0_coexpression,682,3
string12_0_coexpression,683,6
string12_0_coexpression,684,5
string12_0_coexpression,685,3
string12_0_coexpression,686,3
string12_0_coexpression,688,1
string12_0_coexpression,689,2
string12_0_coexpression,690,2
string12_0_coexpression,691,4
string12_0_coexpression,692,4
string12_0_coexpression,693,4
string12_0_coexpression,694,5
string12_0_coexpression,695,1
string12_0_coexpression,696,2
string12_0_coexpression,697,3
string12_0_coexpression,698,2
string12_0_coexpression,699,4
string12_0_coexpression,700,1
string12_0_coexpression,701,2
string12_0_coexpression,703,4
string12_0_coexpression,704,4
string12_0_coexpression,705,1
string12_0_coexpression,706,5
string12_0_coexpression,707,2
string12_0_coexpression,708,2
string12_0_coexpression,709,1
string12_0_coexpression,710,2
string12_0_coexpression,711,4
string12_0_coexpression,712,1
string12_0_coexpression,713,1
string12_0_coexpression,714,2
string12_0_coexpression,715,6
string12_0_coexpression,716,4
string12_0_coexpression,718,2
string12_0_coexpression,719,1
string12_0_coexpression,720,4
string12_0_coexpression,721,1
string12_0_coexpression,722,4
string12_0_coexpression,723,3
string12_0_coexpression,724,2
string12_0_coexpression,725,5
string12_0_coexpression,726,3
string12_0_coexpression,727,2
string12_0_coexpression,728,1
string12_0_coexpression,729,3
string12_0_coexpression,730,1
string12_0_coexpression,731,3
string12_0_coexpression,732,5
string12_0_coexpression,733,2
string12_0_coexpression,735,2
string12_0_coexpression,736,4
string12_0_coexpression,737,3
string12_0_coexpression,739,3
string12_0_coexpression,740,4
string12_0_coexpression,741,3
string12_0_coexpression,742,3
string12_0_coexpression,743,2
string12_0_coexpression,744,3
string12_0_coexpression,745,2
string12_0_coexpression,746,2
string12_0_coexpression,748,3
string12_0_coexpression,749,4
string12_0_coexpression,750,1
string12_0_coexpression,751,2
string12_0_coexpression,752,5
string12_0_coexpression,753,2
string12_0_coexpression,754,1
string12_0_coexpression,755,4
string12_0_coexpression,756,1
string12_0_coexpression,757,2
string12_0_coexpression,758,1
string12_0_coexpression,759,3
string12_0_coexpression,760,1
string12_0_coexpression,761,2
string12_0_coexpression,762,3
string12_0_coexpression,763,6
string12_0_coexpression,765,3
string12_0_coexpression,766,2
string12_0_coexpression,767,6
string12_0_coexpression,768,3
string12_0_coexpression,769,4
string12_0_coexpression,770,4
string12_0_coexpression,771,6
string12_0_coexpression,772,2
string12_0_coexpression,773,5
string12_0_coexpression,774,4
string12_0_coexpression,775,3
string12_0_coexpression,776,3
string12_0_coexpression,777,5
string12_0_coexpression,778,1
string12_0_coexpression,780,3
string12_0_coexpression,781,2
string12_0_coexpression,782,1
string12_0_coexpression,783,2
string12_0_coexpression,784,3
string12_0_coexpression,785,3
string12_0_coexpression,786,1
string12_0_coexpression,787,1
string12_0_coexpression,788,4
string12_0_coexpression,789,1
string12_0_coexpression,790,1
string12_0_coexpression,791,1
string12_0_coexpression,792,3
string12_0_coexpression,793,2
string12_0_coexpression,794,2
string12_0_coexpression,795,3
string12_0_coexpression,796,1
string12_0_coexpression,797,1
string12_0_coexpression,798,2
string12_0_coexpression,799,3
string12_0_coexpression,800,3
string12_0_coexpression,801,1
string12_0_coexpression,803,2
string12_0_coexpression,804,1
string12_0_coexpression,805,1
string12_0_coexpression,806,2
string12_0_coexpression,807,2
string12_0_coexpression,808,4
string12_0_coexpression,809,2
string12_0_coexpression,810,2
string12_0_coexpression,811,2
string12_0_coexpression,812,1
string12_0_coexpression,813,1
string12_0_coexpression,814,1
string12_0_coexpression,815,7
string12_0_coexpression,818,1
string12_0_coexpression,819,4
string12_0_coexpression,820,3
string12_0_coexpression,821,1
string12_0_coexpression,822,2
string12_0_coexpression,823,2
string12_0_coexpression,825,3
string12_0_coexpression,826,3
string12_0_coexpression,827,2
string12_0_coexpression,829,2
string12_0_coexpression,830,2
string12_0_coexpression,831,3
string12_0_coexpression,832,2
string12_0_coexpression,834,1
string12_0_coexpression,836,3
string12_0_coexpression,838,1
string12_0_coexpression,839,2
string12_0_coexpression,840,1
string12_0_coexpression,841,1
string12_0_coexpression,842,2
string12_0_coexpression,843,2
string12_0_coexpression,844,2
string12_0_coexpression,845,1
string12_0_coexpression,846,1
string12_0_coexpression,847,2
string12_0_coexpression,849,2
string12_0_coexpression,850,1
string12_0_coexpression,851,1
string12_0_coexpression,852,2
string12_0_coexpression,853,1
string12_0_coexpression,854,2
string12_0_coexpression,855,2
string12_0_coexpression,857,2
string12_0_coexpression,858,1
string12_0_coexpression,859,1
string12_0_coexpression,860,3
string12_0_coexpression,861,1
string12_0_coexpression,862,1
string12_0_coexpression,863,3
string12_0_coexpression,864,3
string12_0_coexpression,866,1
string12_0_coexpression,867,3
string12_0_coexpression,869,1
string12_0_coexpression,870,1
string12_0_coexpression,871,2
string12_0_coexpression,872,2
string12_0_coexpression,873,1
string12_0_coexpression,875,1
string12_0_coexpression,877,1
string12_0_coexpression,878,1
string12_0_coexpression,879,1
string12_0_coexpression,880,1
string12_0_coexpression,881,1
string12_0_coexpression,882,1
string12_0_coexpression,885,1
string12_0_coexpression,886,1
string12_0_coexpression,887,1
string12_0_coexpression,888,2
string12_0_coexpression,889,3
string12_0_coexpression,891,1
string12_0_coexpression,892,1
string12_0_coexpression,894,1
string12_0_coexpression,895,1
string12_0_coexpression,896,2
string12_0_coexpression,897,1
string12_0_coexpression,898,1
string12_0_coexpression,900,1
string12_0_coexpression,901,1
string12_0_coexpression,905,2
string12_0_coexpression,907,3
string12_0_coexpression,911,2
string12_0_coexpression,912,3
string12_0_coexpression,913,6
string12_0_coexpression,917,2
string12_0_coexpression,918,2
string12_0_coexpression,920,4
string12_0_coexpression,921,4
string12_0_coexpression,922,2
string12_0_coexpression,923,2
string12_0_coexpression,925,1
string12_0_coexpression,926,1
string12_0_coexpression,928,5
string12_0_coexpression,930,4
string12_0_coexpression,934,1
string12_0_coexpression,935,1
string12_0_coexpression,936,3
string12_0_coexpression,937,1
string12_0_coexpression,941,1
string12_0_coexpression,942,1
string12_0_coexpression,943,1
string12_0_coexpression,945,2
string12_0_coexpression,946,1
string12_0_coexpression,947,1
string12_0_coexpression,948,1
string12_0_coexpression,950,1
string12_0_coexpression,951,2
string12_0_coexpression,952,1
string12_0_coexpression,953,1
string12_0_coexpression,954,2
string12_0_coexpression,955,4
string12_0_coexpression,956,3
string12_0_coexpression,957,2
string12_0_coexpression,960,2
string12_0_coexpression,963,1
string12_0_coexpression,964,1
string12_0_coexpression,966,1
string12_0_coexpression,967,3
string12_0_coexpression,969,1
string12_0_coexpression,971,3
string12_0_coexpression,972,2
string12_0_coexpression,973,1
string12_0_coexpression,975,1
string12_0_coexpression,976,1
string12_0_coexpression,978,2
string12_0_coexpression,981,1
string12_0_coexpression,982,2
string12_0_coexpression,983,1
string12_0_coexpression,984,3
string12_0_coexpression,985,2
string12_0_coexpression,986,3
string12_0_coexpression,987,1
string12_0_coexpression,989,1
string12_0_coexpression,991,1
string12_0_coexpression,992,1
string12_0_coexpression,993,1
string12_0_coexpression,996,1
string12_0_coexpression,997,2
string12_0_coexpression,1000,2
string12_0_coexpression,1001,2
string12_0_coexpression,1007,1
string12_0_coexpression,1009,3
string12_0_coexpression,1011,1
string12_0_coexpression,1014,1
string12_0_coexpression,1016,3
string12_0_coexpression,1018,1
string12_0_coexpression,1021,2
string12_0_coexpression,1023,1
string12_0_coexpression,1025,2
string12_0_coexpression,1026,1
string12_0_coexpression,1028,2
string12_0_coexpression,1030,1
string12_0_coexpression,1032,1
string12_0_coexpression,1033,1
string12_0_coexpression,1034,1
string12_0_coexpression,1035,1
string12_0_coexpression,1040,1
string12_0_coexpression,1042,3
string12_0_coexpression,1043,1
string12_0_coexpression,1044,2
string12_0_coexpression,1046,1
string12_0_coexpression,1047,1
string12_0_coexpression,1049,2
string12_0_coexpression,1050,1
string12_0_coexpression,1054,1
string12_0_coexpression,1055,1
string12_0_coexpression,1056,1
string12_0_coexpression,1057,1
string12_0_coexpression,1058,2
string12_0_coexpression,1062,2
string12_0_coexpression,1065,1
string12_0_coexpression,1069,1
string12_0_coexpression,1070,2
string12_0_coexpression,1071,1
string12_0_coexpression,1072,1
string12_0_coexpression,1076,1
string12_0_coexpression,1078,1
string12_0_coexpression,1080,1
string12_0_coexpression,1083,1
string12_0_coexpression,1087,1
string12_0_coexpression,1091,1
string12_0_coexpression,1096,1
string12_0_coexpression,1097,1
string12_0_coexpression,1099,1
string12_0_coexpression,1100,2
string12_0_coexpression,1101,1
string12_0_coexpression,1103,2
string12_0_coexpression,1105,1
string12_0_coexpression,1107,1
string12_0_coexpression,1109,1
string12_0_coexpression,1112,1
string12_0_coexpression,1114,1
string12_0_coexpression,1116,1
string12_0_coexpression,1119,1
string12_0_coexpression,1121,1
string12_0_coexpression,1123,1
string12_0_coexpression,1124,2
string12_0_coexpression,1127,1
string12_0_coexpression,1128,1
string12_0_coexpression,1131,1
string12_0_coexpression,1137,1
string12_0_coexpression,1140,1
string12_0_coexpression,1142,1
string12_0_coexpression,1143,1
string12_0_coexpression,1144,3
string12_0_coexpression,1145,2
string12_0_coexpression,1147,2
string12_0_coexpression,1150,1
string12_0_coexpression,1152,1
string12_0_coexpression,1155,1
string12_0_coexpression,1163,1
string12_0_coexpression,1164,1
string12_0_coexpression,1165,1
string12_0_coexpression,1172,1
string12_0_coexpression,1182,1
string12_0_coexpression,1186,2
string12_0_coexpression,1187,1
string12_0_coexpression,1191,1
string12_0_coexpression,1197,1
string12_0_coexpression,1199,1
string12_0_coexpression,1201,1
string12_0_coexpression,1202,1
string12_0_coexpression,1205,1
string12_0_coexpression,1207,2
string12_0_coexpression,1210,1
string12_0_coexpression,1211,1
string12_0_coexpression,1217,1
string12_0_coexpression,1219,1
string12_0_coexpression,1220,1
string12_0_coexpression,1221,1
string12_0_coexpression,1223,1
string12_0_coexpression,1224,1
string12_0_coexpression,1229,1
string12_0_coexpression,1234,1
string12_0_coexpression,1238,1
string12_0_coexpression,1239,1
string12_0_coexpression,1243,1
string12_0_coexpression,1244,1
string12_0_coexpression,1247,1
string12_0_coexpression,1248,2
string12_0_coexpression,1250,1
string12_0_coexpression,1258,1
string12_0_coexpression,1261,1
string12_0_coexpression,1262,2
string12_0_coexpression,1265,1
string12_0_coexpression,1266,1
string12_0_coexpression,1267,1
string12_0_coexpression,1271,1
string12_0_coexpression,1272,1
string12_0_coexpression,1273,1
string12_0_coexpression,1274,1
string12_0_coexpression,1275,1
string12_0_coexpression,1278,1
string12_0_coexpression,1282,1
string12_0_coexpression,1286,1
string12_0_coexpression,1290,1
string12_0_coexpression,1295,1
string12_0_coexpression,1296,1
string12_0_coexpression,1298,1
string12_0_coexpression,1305,1
string12_0_coexpression,1306,1
string12_0_coexpression,1309,1
string12_0_coexpression,1310,1
string12_0_coexpression,1311,1
string12_0_coexpression,1316,1
string12_0_coexpression,1322,1
string12_0_coexpression,1324,2
string12_0_coexpression,1333,1
string12_0_coexpression,1342,1
string12_0_coexpression,1347,1
string12_0_coexpression,1353,1
string12_0_coexpression,1371,1
string12_0_coexpression,1381,1
string12_0_coexpression,1389,1
string12_0_coexpression,1402,1
string12_0_coexpression,1409,1
string12_0_coexpression,1419,1
string12_0_coexpression,1423,1
string12_0_coexpression,1460,1
string12_0_coexpression,1467,1
string12_0_coexpression,1469,1
string12_0_coexpression,1489,1
string12_0_coexpression,1504,1
string12_0_coexpression,1521,1
string12_0_coexpression,1525,1
string12_0_coexpression,1567,1
string12_0_coexpression,1585,1
string12_0_coexpression,1643,1
string12_0_coexpression,1770,1
string12_0_experimental,1,178
string12_0_experimental,2,96
string12_0_experimental,3,48
string12_0_experimental,4,57
string12_0_experimental,5,32
string12_0_experimental,6,34
string12_0_experimental,7,29
string12_0_experimental,8,33
string12_0_experimental,9,29
string12_0_experimental,10,37
string12_0_experimental,11,25
string12_0_experimental,12,22
string12_0_experimental,13,40
string12_0_experimental,14,33
string12_0_experimental,15,26
string12_0_experimental,16,31
string12_0_experimental,17,22
string12_0_experimental,18,26
string12_0_experimental,19,24
string12_0_experimental,20,25
string12_0_experimental,21,26
string12_0_experimental,22,24
string12_0_experimental,23,22
string12_0_experimental,24,19
string12_0_experimental,25,22
string12_0_experimental,26,20
string12_0_experimental,27,16
string12_0_experimental,28,15
string12_0_experimental,29,29
string12_0_experimental,30,20
string12_0_experimental,31,19
string12_0_experimental,32,20
string12_0_experimental,33,20
string12_0_experimental,34,12
string12_0_experimental,35,22
string12_0_experimental,36,19
string12_0_experimental,37,12
string12_0_experimental,38,20
string12_0_experimental,39,22
string12_0_experimental,40,21
string12_0_experimental,41,22
string12_0_experimental,42,22
string12_0_experimental,43,13
string12_0_experimental,44,14
string12_0_experimental,45,15
string12_0_experimental,46,26
string12_0_experimental,47,23
string12_0_experimental,48,17
string12_0_experimental,49,26
string12_0_experimental,50,17
string12_0_experimental,51,11
string12_0_experimental,52,18
string12_0_experimental,53,20
string12_0_experimental,54,18
string12_0_experimental,55,14
string12_0_experimental,56,19
string12_0_experimental,57,18
string12_0_experimental,58,12
string12_0_experimental,59,18
string12_0_experimental,60,26
string12_0_experimental,61,12
string12_0_experimental,62,20
string12_0_experimental,63,19
string12_0_experimental,64,18
string12_0_experimental,65,21
string12_0_experimental,66,15
string12_0_experimental,67,16
string12_0_experimental,68,18
string12_0_experimental,69,17
string12_0_experimental,70,16
string12_0_experimental,71,13
string12_0_experimental,72,24
string12_0_experimental,73,13
string12_0_experimental,74,14
string12_0_experimental,75,11
string12_0_experimental,76,15
string12_0_experimental,77,20
string12_0_experimental,78,15
string12_0_experimental,79,15
string12_0_experimental,80,14
string12_0_experimental,81,17
string12_0_experimental,82,13
string12_0_experimental,83,14
string12_0_experimental,84,12
string12_0_experimental,85,13
string12_0_experimental,86,17
string12_0_experimental,87,19
string12_0_experimental,88,11
string12_0_experimental,89,15
string12_0_experimental,90,19
string12_0_experimental,91,13
string12_0_experimental,92,10
string12_0_experimental,93,17
string12_0_experimental,94,12
string12_0_experimental,95,14
string12_0_experimental,96,12
string12_0_experimental,97,19
string12_0_experimental,98,11
string12_0_experimental,99,17
string12_0_experimental,100,9
string12_0_experimental,101,16
string12_0_experimental,102,14
string12_0_experimental,103,16
string12_0_experimental,104,9
string12_0_experimental,105,17
string12_0_experimental,106,9
string12_0_experimental,107,14
string12_0_experimental,108,12
string12_0_experimental,109,10
string12_0_experimental,110,20
string12_0_experimental,111,15
string12_0_experimental,112,14
string12_0_experimental,113,14
string12_0_experimental,114,15
string12_0_experimental,115,17
string12_0_experimental,116,12
string12_0_experimental,117,15
string12_0_experimental,118,19
string12_0_experimental,119,11
string12_0_experimental,120,7
string12_0_experimental,121,16
string12_0_experimental,122,13
string12_0_experimental,123,11
string12_0_experimental,124,8
string12_0_experimental,125,10
string12_0_experimental,126,10
string12_0_experimental,127,15
string12_0_experimental,128,12
string12_0_experimental,129,16
string12_0_experimental,130,8
string12_0_experimental,131,15
string12_0_experimental,132,10
string12_0_experimental,133,5
string12_0_experimental,134,11
string12_0_experimental,135,11
string12_0_experimental,136,12
string12_0_experimental,137,14
string12_0_experimental,138,8
string12_0_experimental,139,12
string12_0_experimental,140,7
string12_0_experimental,141,8
string12_0_experimental,142,12
string12_0_experimental,143,11
string12_0_experimental,144,8
string12_0_experimental,145,9
string12_0_experimental,146,9
string12_0_experimental,147,14
string12_0_experimental,148,15
string12_0_experimental,149,14
string12_0_experimental,150,10
string12_0_experimental,151,11
string12_0_experimental,152,6
string12_0_experimental,153,17
string12_0_experimental,154,8
string12_0_experimental,155,9
string12_0_experimental,156,8
string12_0_experimental,157,11
string12_0_experimental,158,9
string12_0_experimental,159,12
string12_0_experimental,160,13
string12_0_experimental,161,10
string12_0_experimental,162,13
string12_0_experimental,163,6
string12_0_experimental,164,13
string12_0_experimental,165,11
string12_0_experimental,166,7
string12_0_experimental,167,5
string12_0_experimental,168,7
string12_0_experimental,169,10
string12_0_experimental,170,7
string12_0_experimental,171,7
string12_0_experimental,172,12
string12_0_experimental,173,15
string12_0_experimental,174,10
string12_0_experimental,175,13
string12_0_experimental,176,7
string12_0_experimental,177,3
string12_0_experimental,178,11
string12_0_experimental,179,9
string12_0_experimental,180,8
string12_0_experimental,181,5
string12_0_experimental,182,13
string12_0_experimental,183,9
string12_0_experimental,184,11
string12_0_experimental,185,5
string12_0_experimental,186,9
string12_0_experimental,187,9
string12_0_experimental,188,13
string12_0_experimental,189,12
string12_0_experimental,190,12
string12_0_experimental,191,11
string12_0_experimental,192,5
string12_0_experimental,193,6
string12_0_experimental,194,9
string12_0_experimental,195,14
string12_0_experimental,196,9
string12_0_experimental,197,18
string12_0_experimental,198,8
string12_0_experimental,199,12
string12_0_experimental,200,9
string12_0_experimental,201,8
string12_0_experimental,202,11
string12_0_experimental,203,15
string12_0_experimental,204,8
string12_0_experimental,205,6
string12_0_experimental,206,5
string12_0_experimental,207,14
string12_0_experimental,208,7
string12_0_experimental,209,8
string12_0_experimental,210,13
string12_0_experimental,211,9
string12_0_experimental,212,6
string12_0_experimental,213,6
string12_0_experimental,214,7
string12_0_experimental,215,8
string12_0_experimental,216,8
string12_0_experimental,217,8
string12_0_experimental,218,9
string12_0_experimental,219,5
string12_0_experimental,220,7
string12_0_experimental,221,7
string12_0_experimental,222,5
string12_0_experimental,223,6
string12_0_experimental,224,10
string12_0_experimental,225,9
string12_0_experimental,226,7
string12_0_experimental,227,10
string12_0_experimental,228,5
string12_0_experimental,229,9
string12_0_experimental,230,10
string12_0_experimental,231,9
string12_0_experimental,232,8
string12_0_experimental,233,6
string12_0_experimental,234,11
string12_0_experimental,235,9
string12_0_experimental,236,10
string12_0_experimental,237,13
string12_0_experimental,238,6
string12_0_experimental,239,9
string12_0_experimental,240,9
string12_0_experimental,241,8
string12_0_experimental,242,7
string12_0_experimental,243,7
string12_0_experimental,244,6
string12_0_experimental,245,8
string12_0_experimental,246,7
string12_0_experimental,247,10
string12_0_experimental,248,6
string12_0_experimental,249,7
string12_0_experimental,250,6
string12_0_experimental,251,3
string12_0_experimental,252,5
string12_0_experimental,253,10
string12_0_experimental,254,9
string12_0_experimental,255,12
string12_0_experimental,256,8
string12_0_experimental,257,12
string12_0_experimental,258,11
string12_0_experimental,259,7
string12_0_experimental,260,9
string12_0_experimental,261,2
string12_0_experimental,262,5
string12_0_experimental,263,9
string12_0_experimental,264,7
string12_0_experimental,265,11
string12_0_experimental,266,3
string12_0_experimental,267,9
string12_0_experimental,268,3
string12_0_experimental,269,7
string12_0_experimental,270,8
string12_0_experimental,271,11
string12_0_experimental,272,6
string12_0_experimental,273,9
string12_0_experimental,274,6
string12_0_experimental,275,8
string12_0_experimental,276,7
string12_0_experimental,277,10
string12_0_experimental,278,9
string12_0_experimental,279,9
string12_0_experimental,280,4
string12_0_experimental,281,10
string12_0_experimental,282,4
string12_0_experimental,283,9
string12_0_experimental,284,6
string12_0_experimental,285,7
string12_0_experimental,286,2
string12_0_experimental,287,5
string12_0_experimental,288,5
string12_0_experimental,289,6
string12_0_experimental,290,7
string12_0_experimental,291,10
string12_0_experimental,292,14
string12_0_experimental,293,8
string12_0_experimental,294,3
string12_0_experimental,295,8
string12_0_experimental,296,3
string12_0_experimental,297,6
string12_0_experimental,298,5
string12_0_experimental,299,8
string12_0_experimental,300,5
string12_0_experimental,301,8
string12_0_experimental,302,6
string12_0_experimental,303,12
string12_0_experimental,304,9
string12_0_experimental,305,3
string12_0_experimental,306,3
string12_0_experimental,307,4
string12_0_experimental,308,4
string12_0_experimental,309,6
string12_0_experimental,310,5
string12_0_experimental,311,5
string12_0_experimental,312,3
string12_0_experimental,313,9
string12_0_experimental,314,6
string12_0_experimental,315,8
string12_0_experimental,316,4
string12_0_experimental,317,4
string12_0_experimental,318,6
string12_0_experimental,319,9
string12_0_experimental,320,3
string12_0_experimental,321,6
string12_0_experimental,322,7
string12_0_experimental,323,10
string12_0_experimental,324,5
string12_0_experimental,325,4
string12_0_experimental,326,6
string12_0_experimental,327,4
string12_0_experimental,328,4
string12_0_experimental,329,4
string12_0_experimental,330,5
string12_0_experimental,331,3
string12_0_experimental,332,7
string12_0_experimental,333,4
string12_0_experimental,334,8
string12_0_experimental,335,4
string12_0_experimental,336,7
string12_0_experimental,337,8
string12_0_experimental,338,6
string12_0_experimental,339,4
string12_0_experimental,340,2
string12_0_experimental,341,5
string12_0_experimental,342,1
string12_0_experimental,343,9
string12_0_experimental,344,5
string12_0_experimental,345,7
string12_0_experimental,346,5
string12_0_experimental,347,3
string12_0_experimental,348,9
string12_0_experimental,349,10
string12_0_experimental,350,4
string12_0_experimental,351,5
string12_0_experimental,352,4
string12_0_experimental,353,5
string12_0_experimental,354,8
string12_0_experimental,355,6
string12_0_experimental,356,3
string12_0_experimental,357,6
string12_0_experimental,358,4
string12_0_experimental,359,5
string12_0_experimental,360,4
string12_0_experimental,361,4
string12_0_experimental,362,7
string12_0_experimental,363,3
string12_0_experimental,364,3
string12_0_experimental,365,3
string12_0_experimental,366,2
string12_0_experimental,367,4
string12_0_experimental,368,9
string12_0_experimental,369,7
string12_0_experimental,370,4
string12_0_experimental,371,3
string12_0_experimental,372,8
string12_0_experimental,373,7
string12_0_experimental,374,4
string12_0_experimental,375,4
string12_0_experimental,376,2
string12_0_experimental,377,8
string12_0_experimental,378,2
string12_0_experimental,379,3
string12_0_experimental,380,6
string12_0_experimental,381,6
string12_0_experimental,382,3
string12_0_experimental,383,4
string12_0_experimental,384,3
string12_0_experimental,385,3
string12_0_experimental,386,9
string12_0_experimental,387,8
string12_0_experimental,388,4
string12_0_experimental,389,2
string12_0_experimental,390,2
string12_0_experimental,391,3
string12_0_experimental,392,3
string12_0_experimental,393,6
string12_0_experimental,394,6
string12_0_experimental,395,8
string12_0_experimental,396,1
string12_0_experimental,397,6
string12_0_experimental,398,1
string12_0_experimental,399,2
string12_0_experimental,400,5
string12_0_experimental,401,6
string12_0_experimental,402,3
string12_0_experimental,403,4
string12_0_experimental,404,2
string12_0_experimental,405,4
string12_0_experimental,406,3
string12_0_experimental,407,2
string12_0_experimental,408,1
string12_0_experimental,409,4
string12_0_experimental,410,3
string12_0_experimental,411,4
string12_0_experimental,412,3
string12_0_experimental,413,4
string12_0_experimental,414,5
string12_0_experimental,415,7
string12_0_experimental,416,1
string12_0_experimental,417,2
string12_0_experimental,418,7
string12_0_experimental,419,3
string12_0_experimental,420,4
string12_0_experimental,421,6
string12_0_experimental,422,4
string12_0_experimental,423,1
string12_0_experimental,424,3
string12_0_experimental,425,5
string12_0_experimental,426,5
string12_0_experimental,427,3
string12_0_experimental,428,2
string12_0_experimental,429,3
string12_0_experimental,430,4
string12_0_experimental,431,3
string12_0_experimental,432,1
string12_0_experimental,434,2
string12_0_experimental,435,5
string12_0_experimental,436,9
string12_0_experimental,437,8
string12_0_experimental,438,9
string12_0_experimental,439,4
string12_0_experimental,440,9
string12_0_experimental,441,4
string12_0_experimental,442,7
string12_0_experimental,443,3
string12_0_experimental,444,1
string12_0_experimental,445,3
string12_0_experimental,446,7
string12_0_experimental,447,1
string12_0_experimental,448,7
string12_0_experimental,449,4
string12_0_experimental,450,4
string12_0_experimental,451,3
string12_0_experimental,452,5
string12_0_experimental,453,2
string12_0_experimental,454,8
string12_0_experimental,455,3
string12_0_experimental,456,3
string12_0_experimental,457,3
string12_0_experimental,458,3
string12_0_experimental,459,1
string12_0_experimental,460,2
string12_0_experimental,461,1
string12_0_experimental,462,2
string12_0_experimental,463,2
string12_0_experimental,464,2
string12_0_experimental,465,7
string12_0_experimental,466,9
string12_0_experimental,467,1
string12_0_experimental,468,1
string12_0_experimental,469,8
string12_0_experimental,470,1
string12_0_experimental,471,6
string12_0_experimental,472,1
string12_0_experimental,473,3
string12_0_experimental,474,5
string12_0_experimental,475,8
string12_0_experimental,476,4
string12_0_experimental,477,6
string12_0_experimental,478,1
string12_0_experimental,479,2
string12_0_experimental,480,3
string12_0_experimental,481,2
string12_0_experimental,482,2
string12_0_experimental,483,5
string12_0_experimental,484,2
string12_0_experimental,485,3
string12_0_experimental,486,4
string12_0_experimental,487,2
string12_0_experimental,488,3
string12_0_experimental,489,5
string12_0_experimental,490,5
string12_0_experimental,491,2
string12_0_experimental,492,4
string12_0_experimental,493,4
string12_0_experimental,494,3
string12_0_experimental,495,2
string12_0_experimental,498,3
string12_0_experimental,499,5
string12_0_experimental,500,1
string12_0_experimental,501,3
string12_0_experimental,502,6
string12_0_experimental,503,1
string12_0_experimental,505,2
string12_0_experimental,506,1
string12_0_experimental,508,2
string12_0_experimental,510,1
string12_0_experimental,511,5
string12_0_experimental,512,3
string12_0_experimental,513,3
string12_0_experimental,514,2
string12_0_experimental,516,2
string12_0_experimental,517,3
string12_0_experimental,518,2
string12_0_experimental,519,3
string12_0_experimental,520,3
string12_0_experimental,521,2
string12_0_experimental,522,3
string12_0_experimental,523,2
string12_0_experimental,525,5
string12_0_experimental,526,2
string12_0_experimental,527,2
string12_0_experimental,528,2
string12_0_experimental,529,3
string12_0_experimental,530,2
string12_0_experimental,531,3
string12_0_experimental,532,4
string12_0_experimental,533,1
string12_0_experimental,534,2
string12_0_experimental,535,2
string12_0_experimental,536,3
string12_0_experimental,538,3
string12_0_experimental,539,2
string12_0_experimental,540,6
string12_0_experimental,541,3
string12_0_experimental,542,4
string12_0_experimental,543,1
string12_0_experimental,544,1
string12_0_experimental,545,4
string12_0_experimental,546,6
string12_0_experimental,547,2
string12_0_experimental,548,3
string12_0_experimental,549,1
string12_0_experimental,550,1
string12_0_experimental,551,3
string12_0_experimental,552,4
string12_0_experimental,553,1
string12_0_experimental,556,2
string12_0_experimental,557,1
string12_0_experimental,559,1
string12_0_experimental,560,2
string12_0_experimental,561,6
string12_0_experimental,562,4
string12_0_experimental,563,6
string12_0_experimental,564,3
string12_0_experimental,566,3
string12_0_experimental,568,1
string12_0_experimental,569,3
string12_0_experimental,570,3
string12_0_experimental,571,3
string12_0_experimental,572,1
string12_0_experimental,573,3
string12_0_experimental,574,4
string12_0_experimental,575,2
string12_0_experimental,576,1
string12_0_experimental,577,2
string12_0_experimental,578,2
string12_0_experimental,579,2
string12_0_experimental,580,2
string12_0_experimental,581,2
string12_0_experimental,582,1
string12_0_experimental,583,3
string12_0_experimental,584,5
string12_0_experimental,586,1
string12_0_experimental,587,4
string12_0_experimental,588,3
string12_0_experimental,589,4
string12_0_experimental,590,5
string12_0_experimental,591,2
string12_0_experimental,592,3
string12_0_experimental,593,3
string12_0_experimental,594,3
string12_0_experimental,595,3
string12_0_experimental,597,1
string12_0_experimental,598,5
string12_0_experimental,599,5
string12_0_experimental,600,2
string12_0_experimental,601,1
string12_0_experimental,602,4
string12_0_experimental,603,3
string12_0_experimental,604,2
string12_0_experimental,605,2
string12_0_experimental,606,2
string12_0_experimental,607,3
string12_0_experimental,608,1
string12_0_experimental,610,1
string12_0_experimental,611,2
string12_0_experimental,612,1
string12_0_experimental,613,2
string12_0_experimental,616,4
string12_0_experimental,617,2
string12_0_experimental,618,3
string12_0_experimental,619,3
string12_0_experimental,620,2
string12_0_experimental,621,2
string12_0_experimental,622,1
string12_0_experimental,624,3
string12_0_experimental,626,4
string12_0_experimental,627,1
string12_0_experimental,628,1
string12_0_experimental,629,1
string12_0_experimental,630,1
string12_0_experimental,631,1
string12_0_experimental,632,3
string12_0_experimental,633,1
string12_0_experimental,634,2
string12_0_experimental,637,2
string12_0_experimental,638,1
string12_0_experimental,639,1
string12_0_experimental,641,1
string12_0_experimental,642,3
string12_0_experimental,643,2
string12_0_experimental,644,2
string12_0_experimental,645,1
string12_0_experimental,646,1
string12_0_experimental,647,3
string12_0_experimental,648,2
string12_0_experimental,649,2
string12_0_experimental,650,2
string12_0_experimental,651,1
string12_0_experimental,652,2
string12_0_experimental,653,2
string12_0_experimental,654,3
string12_0_experimental,655,2
string12_0_experimental,656,5
string12_0_experimental,657,1
string12_0_experimental,658,2
string12_0_experimental,659,1
string12_0_experimental,660,2
string12_0_experimental,661,3
string12_0_experimental,662,3
string12_0_experimental,663,1
string12_0_experimental,665,3
string12_0_experimental,666,2
string12_0_experimental,667,1
string12_0_experimental,668,1
string12_0_experimental,669,2
string12_0_experimental,670,3
string12_0_experimental,671,2
string12_0_experimental,672,2
string12_0_experimental,673,1
string12_0_experimental,675,1
string12_0_experimental,677,2
string12_0_experimental,678,2
string12_0_experimental,679,5
string12_0_experimental,680,5
string12_0_experimental,681,4
string12_0_experimental,682,2
string12_0_experimental,683,1
string12_0_experimental,684,2
string12_0_experimental,685,1
string12_0_experimental,687,1
string12_0_experimental,688,1
string12_0_experimental,689,1
string12_0_experimental,690,2
string12_0_experimental,691,2
string12_0_experimental,692,1
string12_0_experimental,693,1
string12_0_experimental,694,1
string12_0_experimental,695,2
string12_0_experimental,696,1
string12_0_experimental,697,1
string12_0_experimental,698,1
string12_0_experimental,700,4
string12_0_experimental,701,5
string12_0_experimental,702,2
string12_0_experimental,703,2
string12_0_experimental,704,2
string12_0_experimental,705,1
string12_0_experimental,707,3
string12_0_experimental,709,3
string12_0_experimental,710,2
string12_0_experimental,711,2
string12_0_experimental,712,2
string12_0_experimental,713,1
string12_0_experimental,714,1
string12_0_experimental,715,1
string12_0_experimental,716,2
string12_0_experimental,717,1
string12_0_experimental,718,3
string12_0_experimental,719,1
string12_0_experimental,720,4
string12_0_experimental,721,1
string12_0_experimental,722,3
string12_0_experimental,724,1
string12_0_experimental,725,2
string12_0_experimental,726,1
string12_0_experimental,727,2
string12_0_experimental,728,2
string12_0_experimental,730,3
string12_0_experimental,732,1
string12_0_experimental,733,3
string12_0_experimental,734,3
string12_0_experimental,735,2
string12_0_experimental,736,2
string12_0_experimental,737,3
string12_0_experimental,738,1
string12_0_experimental,739,2
string12_0_experimental,740,1
string12_0_experimental,742,3
string12_0_experimental,743,2
string12_0_experimental,744,4
string12_0_experimental,745,5
string12_0_experimental,746,1
string12_0_experimental,747,3
string12_0_experimental,748,1
string12_0_experimental,750,1
string12_0_experimental,752,2
string12_0_experimental,753,3
string12_0_experimental,754,3
string12_0_experimental,756,1
string12_0_experimental,758,2
string12_0_experimental,760,5
string12_0_experimental,761,4
string12_0_experimental,763,3
string12_0_experimental,765,1
string12_0_experimental,766,3
string12_0_experimental,768,4
string12_0_experimental,769,3
string12_0_experimental,772,6
string12_0_experimental,773,3
string12_0_experimental,774,3
string12_0_experimental,775,2
string12_0_experimental,776,2
string12_0_experimental,777,1
string12_0_experimental,778,1
string12_0_experimental,779,1
string12_0_experimental,780,1
string12_0_experimental,782,1
string12_0_experimental,783,2
string12_0_experimental,784,3
string12_0_experimental,785,1
string12_0_experimental,786,1
string12_0_experimental,787,2
string12_0_experimental,792,4
string12_0_experimental,794,2
string12_0_experimental,795,1
string12_0_experimental,796,1
string12_0_experimental,797,1
string12_0_experimental,798,2
string12_0_experimental,799,2
string12_0_experimental,800,2
string12_0_experimental,801,2
string12_0_experimental,802,1
string12_0_experimental,803,5
string12_0_experimental,804,1
string12_0_experimental,805,2
string12_0_experimental,806,1
string12_0_experimental,807,2
string12_0_experimental,809,1
string12_0_experimental,810,1
string12_0_experimental,811,1
string12_0_experimental,812,3
string12_0_experimental,813,1
string12_0_experimental,815,1
string12_0_experimental,818,5
string12_0_experimental,821,2
string12_0_experimental,825,2
string12_0_experimental,826,3
string12_0_experimental,827,1
string12_0_experimental,830,1
string12_0_experimental,831,2
string12_0_experimental,832,4
string12_0_experimental,833,1
string12_0_experimental,834,1
string12_0_experimental,835,7
string12_0_experimental,836,2
string12_0_experimental,837,1
string12_0_experimental,838,2
string12_0_experimental,839,3
string12_0_experimental,840,1
string12_0_experimental,841,1
string12_0_experimental,842,1
string12_0_experimental,843,1
string12_0_experimental,844,1
string12_0_experimental,846,1
string12_0_experimental,847,3
string12_0_experimental,848,2
string12_0_experimental,849,1
string12_0_experimental,850,3
string12_0_experimental,851,3
string12_0_experimental,852,1
string12_0_experimental,853,1
string12_0_experimental,854,1
string12_0_experimental,855,1
string12_0_experimental,857,1
string12_0_experimental,858,1
string12_0_experimental,859,1
string12_0_experimental,860,4
string12_0_experimental,861,3
string12_0_experimental,862,2
string12_0_experimental,864,2
string12_0_experimental,866,4
string12_0_experimental,867,2
string12_0_experimental,869,2
string12_0_experimental,870,3
string12_0_experimental,871,3
string12_0_experimental,872,1
string12_0_experimental,874,1
string12_0_experimental,875,2
string12_0_experimental,877,1
string12_0_experimental,878,2
string12_0_experimental,880,2
string12_0_experimental,881,1
string12_0_experimental,882,2
string12_0_experimental,883,1
string12_0_experimental,884,2
string12_0_experimental,886,1
string12_0_experimental,887,1
string12_0_experimental,889,1
string12_0_experimental,890,3
string12_0_experimental,891,3
string12_0_experimental,892,2
string12_0_experimental,893,2
string12_0_experimental,894,3
string12_0_experimental,895,1
string12_0_experimental,896,4
string12_0_experimental,897,3
string12_0_experimental,899,1
string12_0_experimental,900,3
string12_0_experimental,901,3
string12_0_experimental,903,1
string12_0_experimental,904,1
string12_0_experimental,906,1
string12_0_experimental,907,2
string12_0_experimental,908,3
string12_0_experimental,912,1
string12_0_experimental,914,2
string12_0_experimental,915,2
string12_0_experimental,916,1
string12_0_experimental,918,1
string12_0_experimental,919,2
string12_0_experimental,922,2
string12_0_experimental,923,1
string12_0_experimental,924,1
string12_0_experimental,925,2
string12_0_experimental,927,1
string12_0_experimental,928,1
string12_0_experimental,929,1
string12_0_experimental,931,2
string12_0_experimental,933,1
string12_0_experimental,934,1
string12_0_experimental,935,2
string12_0_experimental,937,4
string12_0_experimental,939,1
string12_0_experimental,943,1
string12_0_experimental,944,1
string12_0_experimental,946,5
string12_0_experimental,947,1
string12_0_experimental,948,1
string12_0_experimental,949,1
string12_0_experimental,950,2
string12_0_experimental,951,1
string12_0_experimental,952,1
string12_0_experimental,953,2
string12_0_experimental,954,1
string12_0_experimental,955,2
string12_0_experimental,956,1
string12_0_experimental,958,1
string12_0_experimental,959,2
string12_0_experimental,962,1
string12_0_experimental,963,2
string12_0_experimental,964,1
string12_0_experimental,965,1
string12_0_experimental,966,3
string12_0_experimental,967,2
string12_0_experimental,968,1
string12_0_experimental,969,2
string12_0_experimental,971,1
string12_0_experimental,974,1
string12_0_experimental,977,2
string12_0_experimental,978,2
string12_0_experimental,979,3
string12_0_experimental,982,1
string12_0_experimental,984,2
string12_0_experimental,985,1
string12_0_experimental,987,3
string12_0_experimental,992,2
string12_0_experimental,993,4
string12_0_experimental,995,1
string12_0_experimental,996,1
string12_0_experimental,998,3
string12_0_experimental,1000,1
string12_0_experimental,1001,3
string12_0_experimental,1002,1
string12_0_experimental,1004,1
string12_0_experimental,1006,1
string12_0_experimental,1007,1
string12_0_experimental,1008,1
string12_0_experimental,1010,3
string12_0_experimental,1011,1
string12_0_experimental,1012,1
string12_0_experimental,1015,2
string12_0_experimental,1020,3
string12_0_experimental,1022,1
string12_0_experimental,1023,1
string12_0_experimental,1025,1
string12_0_experimental,1028,1
string12_0_experimental,1031,3
string12_0_experimental,1033,1
string12_0_experimental,1034,1
string12_0_experimental,1037,1
string12_0_experimental,1038,2
string12_0_experimental,1039,1
string12_0_experimental,1042,2
string12_0_experimental,1044,1
string12_0_experimental,1045,1
string12_0_experimental,1046,1
string12_0_experimental,1047,2
string12_0_experimental,1049,1
string12_0_experimental,1051,1
string12_0_experimental,1052,1
string12_0_experimental,1054,1
string12_0_experimental,1055,1
string12_0_experimental,1056,1
string12_0_experimental,1057,2
string12_0_experimental,1058,1
string12_0_experimental,1059,1
string12_0_experimental,1061,1
string12_0_experimental,1062,2
string12_0_experimental,1065,1
string12_0_experimental,1067,2
string12_0_experimental,1068,1
string12_0_experimental,1073,2
string12_0_experimental,1079,2
string12_0_experimental,1080,1
string12_0_experimental,1081,1
string12_0_experimental,1082,1
string12_0_experimental,1083,1
string12_0_experimental,1085,1
string12_0_experimental,1087,2
string12_0_experimental,1091,1
string12_0_experimental,1092,1
string12_0_experimental,1093,1
string12_0_experimental,1094,4
string12_0_experimental,1096,2
string12_0_experimental,1100,3
string12_0_experimental,1101,2
string12_0_experimental,1104,1
string12_0_experimental,1105,1
string12_0_experimental,1106,2
string12_0_experimental,1107,2
string12_0_experimental,1109,3
string12_0_experimental,1112,1
string12_0_experimental,1113,1
string12_0_experimental,1121,1
string12_0_experimental,1124,1
string12_0_experimental,1128,1
string12_0_experimental,1130,1
string12_0_experimental,1132,1
string12_0_experimental,1134,1
string12_0_experimental,1139,1
string12_0_experimental,1144,1
string12_0_experimental,1145,1
string12_0_experimental,1154,1
string12_0_experimental,1156,1
string12_0_experimental,1157,1
string12_0_experimental,1159,1
string12_0_experimental,1165,1
string12_0_experimental,1166,3
string12_0_experimental,1167,1
string12_0_experimental,1170,2
string12_0_experimental,1176,2
string12_0_experimental,1179,1
string12_0_experimental,1180,1
string12_0_experimental,1187,1
string12_0_experimental,1188,1
string12_0_experimental,1189,1
string12_0_experimental,1191,1
string12_0_experimental,1192,1
string12_0_experimental,1198,1
string12_0_experimental,1199,2
string12_0_experimental,1200,1
string12_0_experimental,1201,1
string12_0_experimental,1202,1
string12_0_experimental,1203,2
string12_0_experimental,1207,1
string12_0_experimental,1215,2
string12_0_experimental,1218,1
string12_0_experimental,1219,1
string12_0_experimental,1223,2
string12_0_experimental,1224,1
string12_0_experimental,1225,1
string12_0_experimental,1230,1
string12_0_experimental,1232,2
string12_0_experimental,1233,1
string12_0_experimental,1234,1
string12_0_experimental,1236,1
string12_0_experimental,1239,1
string12_0_experimental,1244,1
string12_0_experimental,1245,1
string12_0_experimental,1254,1
string12_0_experimental,1257,1
string12_0_experimental,1260,1
string12_0_experimental,1264,1
string12_0_experimental,1269,1
string12_0_experimental,1274,1
string12_0_experimental,1275,2
string12_0_experimental,1278,1
string12_0_experimental,1288,2
string12_0_experimental,1289,1
string12_0_experimental,1291,1
string12_0_experimental,1293,1
string12_0_experimental,1294,1
string12_0_experimental,1297,2
string12_0_experimental,1304,1
string12_0_experimental,1305,2
string12_0_experimental,1307,1
string12_0_experimental,1309,1
string12_0_experimental,1310,1
string12_0_experimental,1311,1
string12_0_experimental,1315,1
string12_0_experimental,1321,1
string12_0_experimental,1325,1
string12_0_experimental,1334,1
string12_0_experimental,1338,1
string12_0_experimental,1341,1
string12_0_experimental,1343,1
string12_0_experimental,1361,1
string12_0_experimental,1377,1
string12_0_experimental,1406,1
string12_0_experimental,1417,1
string12_0_experimental,1428,1
string12_0_experimental,1429,1
string12_0_experimental,1440,1
string12_0_experimental,1441,1
string12_0_experimental,1448,1
string12_0_experimental,1449,1
string12_0_experimental,1450,1
string12_0_experimental,1457,2
string12_0_experimental,1466,2
string12_0_experimental,1467,1
string12_0_experimental,1468,1
string12_0_experimental,1488,1
string12_0_experimental,1507,1
string12_0_experimental,1515,1
string12_0_experimental,1553,1
string12_0_experimental,1566,1
string12_0_experimental,1573,1
string12_0_experimental,1576,1
string12_0_experimental,1590,1
string12_0_experimental,1592,1
string12_0_experimental,1692,1
string12_0_experimental,1704,1
string12_0_experimental,1706,1
string12_0_experimental,1779,2
string12_0_experimental,1785,1
string12_0_experimental,1842,1
string12_0_experimental,1849,1
string12_0_experimental,1938,1
string12_0_experimental,1965,1
string12_0_experimental,2033,1
string12_0_experimental,2065,1
string12_0_experimental,2184,1
string12_0_experimental,2307,1
string12_0_experimental,2696,1
string12_0_database,1,220
string12_0_database,2,192
string12_0_database,3,207
string12_0_database,4,117
string12_0_database,5,154
string12_0_database,6,79
string12_0_database,7,142
string12_0_database,8,103
string12_0_database,9,79
string12_0_database,10,65
string12_0_database,11,91
string12_0_database,12,92
string12_0_database,13,93
string12_0_database,14,77
string12_0_database,15,62
string12_0_database,16,61
string12_0_database,17,45
string12_0_database,18,57
string12_0_database,19,60
string12_0_database,20,45
string12_0_database,21,34
string12_0_database,22,36
string12_0_database,23,66
string12_0_database,24,40
string12_0_database,25,38
string12_0_database,26,45
string12_0_database,27,83
string12_0_database,28,36
string12_0_database,29,57
string12_0_database,30,49
string12_0_database,31,52
string12_0_database,32,37
string12_0_database,33,30
string12_0_database,34,69
string12_0_database,35,49
string12_0_database,36,35
string12_0_database,37,36
string12_0_database,38,33
string12_0_database,39,23
string12_0_database,40,19
string12_0_database,41,16
string12_0_database,42,24
string12_0_database,43,19
string12_0_database,44,17
string12_0_database,45,23
string12_0_database,46,10
string12_0_database,47,22
string12_0_database,48,12
string12_0_database,49,22
string12_0_database,50,23
string12_0_database,51,19
string12_0_database,52,22
string12_0_database,53,26
string12_0_database,54,7
string12_0_database,55,10
string12_0_database,56,22
string12_0_database,57,12
string12_0_database,58,15
string12_0_database,59,13
string12_0_database,60,36
string12_0_database,61,13
string12_0_database,62,19
string12_0_database,63,16
string12_0_database,64,16
string12_0_database,65,8
string12_0_database,66,19
string12_0_database,67,22
string12_0_database,68,23
string12_0_database,69,6
string12_0_database,70,5
string12_0_database,71,12
string12_0_database,72,9
string12_0_database,73,17
string12_0_database,74,12
string12_0_database,75,17
string12_0_database,76,14
string12_0_database,77,10
string12_0_database,78,9
string12_0_database,79,10
string12_0_database,80,6
string12_0_database,81,8
string12_0_database,82,12
string12_0_database,83,9
string12_0_database,84,9
string12_0_database,85,4
string12_0_database,86,6
string12_0_database,87,1
string12_0_database,88,5
string12_0_database,89,1
string12_0_database,90,12
string12_0_database,91,10
string12_0_database,92,5
string12_0_database,93,3
string12_0_database,94,2
string12_0_database,95,3
string12_0_database,96,12
string12_0_database,97,6
string12_0_database,98,7
string12_0_database,99,7
string12_0_database,100,6
string12_0_database,101,5
string12_0_database,102,6
string12_0_database,103,2
string12_0_database,104,8
string12_0_database,105,6
string12_0_database,106,13
string12_0_database,107,3
string12_0_database,108,3
string12_0_database,109,6
string12_0_database,110,5
string12_0_database,111,7
string12_0_database,112,6
string12_0_database,113,2
string12_0_database,114,6
string12_0_database,115,1
string12_0_database,116,2
string12_0_database,117,3
string12_0_database,118,13
string12_0_database,119,3
string12_0_database,120,4
string12_0_database,121,4
string12_0_database,122,3
string12_0_database,123,5
string12_0_database,124,5
string12_0_database,125,3
string12_0_database,126,2
string12_0_database,127,1
string12_0_database,128,8
string12_0_database,129,6
string12_0_database,130,11
string12_0_database,131,7
string12_0_database,132,2
string12_0_database,133,7
string12_0_database,134,5
string12_0_database,136,6
string12_0_database,137,5
string12_0_database,138,9
string12_0_database,139,5
string12_0_database,140,6
string12_0_database,141,1
string12_0_database,142,7
string12_0_database,143,11
string12_0_database,144,5
string12_0_database,145,3
string12_0_database,146,4
string12_0_database,147,3
string12_0_database,148,3
string12_0_database,149,2
string12_0_database,150,3
string12_0_database,151,1
string12_0_database,153,1
string12_0_database,156,2
string12_0_database,157,2
string12_0_database,160,2
string12_0_database,161,2
string12_0_database,162,2
string12_0_database,164,1
string12_0_database,166,1
string12_0_database,167,3
string12_0_database,168,10
string12_0_database,169,8
string12_0_database,170,2
string12_0_database,171,2
string12_0_database,172,2
string12_0_database,173,2
string12_0_database,175,2
string12_0_database,176,1
string12_0_database,177,1
string12_0_database,178,3
string12_0_database,180,1
string12_0_database,181,1
string12_0_database,184,1
string12_0_database,187,2
string12_0_database,193,1
string12_0_database,199,4
string12_0_database,200,1
string12_0_database,201,1
string12_0_database,202,1
string12_0_database,209,2
string12_0_database,215,1
string12_0_database,221,1
string12_0_database,240,1
string12_0_database,241,2
string12_0_database,244,2
string12_0_database,245,3
string12_0_database,246,1
string12_0_database,248,3
string12_0_database,249,2
string12_0_database,250,1
string12_0_database,251,2
string12_0_database,255,2
string12_0_database,256,2
string12_0_database,257,1
string12_0_database,258,2
string12_0_database,259,1
string12_0_database,260,1
string12_0_database,263,1
string12_0_database,264,1
string12_0_database,266,1
string12_0_database,267,2
string12_0_database,273,1
string12_0_database,281,1
string12_0_database,286,1
string12_0_database,309,1
string12_0_database,313,1
string12_0_database,316,1
string12_0_database,326,1
string12_0_database,327,1
string12_0_database,328,2
string12_0_database,329,1
string12_0_database,331,2
string12_0_database,374,1
