gene_set,interaction_type,ffa_type,interaction_score,epistatic_fold,standard_error,p_value,fdr_corrected_p,effect_size,significant_p05,significant_fdr05
FKH1:GCN5,digenic,C140,-0.07147174571432968,0.9310225826012598,0.20111865337176577,0.7223116389236817,0.761542622507396,0.07147174571432968,False,False
FKH1:MED4,digenic,C140,-0.8271938159086926,0.4372746393708496,0.1895538104257373,1.2776417533219016e-05,3.2768532015250846e-05,0.8271938159086926,True,True
FKH1:OPI1,digenic,C140,-1.4828549729048381,0.22698871579174767,0.18955381042573702,5.163208095473634e-15,6.085209541093925e-14,1.4828549729048381,True,True
FKH1:RFX1,digenic,C140,-1.5706809596670446,0.20790356020387213,0.18955381042573685,1.1692319299225143e-16,1.7276710606317746e-15,1.5706809596670446,True,True
FKH1:RGR1,digenic,C140,-1.8308397190893198,0.16027892198036003,0.18955381042573702,4.5164290750165235e-22,2.794540490166474e-20,1.8308397190893198,True,True
FKH1:RPD3,digenic,C140,-1.3757612448926757,0.2526471961946754,0.18955381042573685,3.931668017549958e-13,2.971260562881266e-12,1.3757612448926757,True,True
FKH1:SPT3,digenic,C140,-1.2939436085609306,0.27418736057425874,0.18955381042573688,8.715686349258324e-12,5.1979093287745424e-11,1.2939436085609306,True,True
FKH1:YAP6,digenic,C140,-1.3732305306638513,0.2532873837731907,0.1895538104257368,4.3390311236560974e-13,3.229805122119952e-12,1.3732305306638513,True,True
FKH1:TFC7,digenic,C140,-1.5967277494095171,0.20255825609084774,0.189553810425737,3.6505183703265426e-17,6.023355311038795e-16,1.5967277494095171,True,True
GCN5:MED4,digenic,C140,-0.4418360234646343,0.6428550399555569,0.2121164695428694,0.03725233337144001,0.056133653025457544,0.4418360234646343,True,False
GCN5:OPI1,digenic,C140,-0.40046275985488783,0.6700099205907447,0.2011186533717664,0.04646147359903418,0.06784197472425345,0.40046275985488783,True,False
GCN5:RFX1,digenic,C140,-0.6205685327947619,0.5376386854634347,0.2011186533717666,0.002031527167952261,0.003875167430197954,0.6205685327947619,True,True
GCN5:RGR1,digenic,C140,-0.9112882340578049,0.4020060124796972,0.20111865337176618,5.867803855071123e-06,1.578566797967503e-05,0.9112882340578049,True,True
GCN5:RPD3,digenic,C140,-0.34001347778400665,0.7117607297405837,0.20111865337176596,0.09091105577308271,0.12312167608119273,0.34001347778400665,False,False
GCN5:SPT3,digenic,C140,-0.23837020690540056,0.7879109470208394,0.20111865337176602,0.23592977351453182,0.2841489972985237,0.23837020690540056,False,False
GCN5:YAP6,digenic,C140,-0.32883331941547833,0.7197629772630204,0.20111865337176615,0.1020445436445302,0.13633481539552617,0.32883331941547833,False,False
GCN5:TFC7,digenic,C140,-0.4283176587466395,0.6516043940843728,0.20111865337176602,0.03319833496612993,0.05071967842047628,0.4283176587466395,True,False
MED4:OPI1,digenic,C140,-0.9084227501487023,0.40315960625267105,0.1895538104257367,1.6477594762320268e-06,4.6741601188243744e-06,0.9084227501487023,True,True
MED4:RFX1,digenic,C140,-1.500892195657847,0.22293117316926978,0.18955381042573688,2.4130890345118924e-15,3.0604935233530184e-14,1.500892195657847,True,True
MED4:RGR1,digenic,C140,-1.4736985128518296,0.22907667346290647,0.18955381042573696,7.570681670737752e-15,8.61491362532227e-14,1.4736985128518296,True,True
MED4:RPD3,digenic,C140,-0.7535346437547352,0.47069985258634073,0.1895538104257368,7.028844144448902e-05,0.00016182687681405613,0.7535346437547352,True,True
MED4:SPT3,digenic,C140,-1.1024552792838087,0.3320547947408559,0.18955381042573696,6.02528533766549e-09,2.3484379859404865e-08,1.1024552792838087,True,True
MED4:YAP6,digenic,C140,-1.0512578065575082,0.3494978718138715,0.18955381042573682,2.923460463900385e-08,1.0299736153955093e-07,1.0512578065575082,True,True
MED4:TFC7,digenic,C140,-0.9217763162426197,0.3978117735901816,0.1895538104257369,1.156934366457836e-06,3.3786578843458927e-06,0.9217763162426197,True,True
OPI1:RFX1,digenic,C140,-0.5602639714563836,0.5710583008597695,0.18955381042573666,0.0031196157087863864,0.005767220897426985,0.5602639714563836,True,True
OPI1:RGR1,digenic,C140,-0.8534825212695336,0.4259290391856112,0.189553810425737,6.713126202848741e-06,1.786557779790391e-05,0.8534825212695336,True,True
OPI1:RPD3,digenic,C140,-0.34526721700549645,0.7080311302286743,0.18955381042573702,0.06853493180219754,0.09624054253074547,0.34526721700549645,False,False
OPI1:SPT3,digenic,C140,-0.2525058420587262,0.776851674412953,0.18955381042573685,0.18282523096545167,0.22512062021865317,0.2525058420587262,False,False
OPI1:YAP6,digenic,C140,-0.2706630133392837,0.7628735312978288,0.18955381042573716,0.15332196878674131,0.19336146382022154,0.2706630133392837,False,False
OPI1:TFC7,digenic,C140,-0.18693827582137224,0.829494934698821,0.18955381042573716,0.32403418215948154,0.3743218673720965,0.18693827582137224,False,False
RFX1:RGR1,digenic,C140,-1.1478543834241366,0.31731687984719065,0.1895538104257368,1.3993041189825818e-09,6.0230916425771995e-09,1.1478543834241366,True,True
RFX1:RPD3,digenic,C140,-0.7262552470084609,0.48371700339126117,0.1895538104257368,0.00012741950085754894,0.000286043777435314,0.7262552470084609,True,True
RFX1:SPT3,digenic,C140,-0.7078471275707977,0.49270378486766,0.18955381042573677,0.00018825247534342193,0.00041323714099775546,0.7078471275707977,True,True
RFX1:YAP6,digenic,C140,-0.7510895392380241,0.4718521711174393,0.18955381042573685,7.419759496330168e-05,0.0001696434619253318,0.7510895392380241,True,True
RFX1:TFC7,digenic,C140,-0.7965756898404228,0.45087024325687536,0.18955381042573663,2.641322097457886e-05,6.537272191208268e-05,0.7965756898404228,True,True
RGR1:RPD3,digenic,C140,-1.1705099502563536,0.31020870991271143,0.18955381042573713,6.612996251445461e-10,3.0031496738215623e-09,1.1705099502563536,True,True
RGR1:SPT3,digenic,C140,-0.8812701834071985,0.4142563957662521,0.1895538104257368,3.3325388478955466e-06,9.13909545544762e-06,0.8812701834071985,True,True
RGR1:YAP6,digenic,C140,-0.9981750177688216,0.3685514276099434,0.18955381042573713,1.3948975776781862e-07,4.512903927782367e-07,0.9981750177688216,True,True
RGR1:TFC7,digenic,C140,-0.8139017815593784,0.4431257090609948,0.18955381042573688,1.7565895507215723e-05,4.4362848347305016e-05,0.8139017815593784,True,True
RPD3:SPT3,digenic,C140,-0.30394500675425973,0.737901444930303,0.189553810425737,0.1088295791948536,0.14390195816894816,0.30394500675425973,False,False
RPD3:YAP6,digenic,C140,-0.4144412362006079,0.6607093580530492,0.18955381042573677,0.028786050869235566,0.044528422438348765,0.4144412362006079,True,True
RPD3:TFC7,digenic,C140,-0.34897678393361153,0.7054095069137966,0.1895538104257368,0.06561520491135625,0.09240263565041634,0.34897678393361153,False,False
SPT3:YAP6,digenic,C140,-0.30474391269203616,0.7373121665048131,0.18955381042573677,0.10790291961865141,0.14300386937411633,0.30474391269203616,False,False
SPT3:TFC7,digenic,C140,-0.4001977272472235,0.6701875186007521,0.1895538104257369,0.03474981178195846,0.052764284760949194,0.4001977272472235,True,False
YAP6:TFC7,digenic,C140,-0.26687976477127795,0.76576513787695,0.1895538104257368,0.15914981703306186,0.19969368677152247,0.26687976477127795,False,False
FKH1:GCN5,digenic,C160,0.9398431133225884,2.559579822853628,0.19680170096919514,1.7918620686054865e-06,5.0396120679529305e-06,0.9398431133225884,True,True
FKH1:MED4,digenic,C160,0.34117175753553086,1.4065948133742612,0.18548509395605547,0.06586392139789451,0.09262113946578916,0.34117175753553086,False,False
FKH1:OPI1,digenic,C160,0.9300053284894435,2.534522682759233,0.18548509395605528,5.333529853299351e-07,1.6296896773970238e-06,0.9300053284894435,True,True
FKH1:RFX1,digenic,C160,0.7582587508749108,2.1345561885897433,0.185485093956055,4.35151759254239e-05,0.0001048175770466415,0.7582587508749108,True,True
FKH1:RGR1,digenic,C160,0.8387756534937034,2.3135326764027093,0.18548509395605467,6.123924345567501e-06,1.6385635411113042e-05,0.8387756534937034,True,True
FKH1:RPD3,digenic,C160,1.2243609844386234,3.401991462572484,0.1854850939560551,4.0878172118274184e-11,2.1526271487814597e-10,1.2243609844386234,True,True
FKH1:SPT3,digenic,C160,0.7825749899168367,2.187096773002965,0.185485093956055,2.4530979302708236e-05,6.0866339623261036e-05,0.7825749899168367,True,True
FKH1:YAP6,digenic,C160,0.928282050834847,2.5301587576622264,0.18548509395605484,5.597289948988147e-07,1.699790505981063e-06,0.928282050834847,True,True
FKH1:TFC7,digenic,C160,0.935845718498882,2.5493685944718667,0.1854850939560549,4.5258343502332677e-07,1.400180002103417e-06,0.935845718498882,True,True
GCN5:MED4,digenic,C160,0.8947650110338699,2.4467607601207932,0.20756345226940295,1.6266327496669093e-05,4.118584199923888e-05,0.8947650110338699,True,True
GCN5:OPI1,digenic,C160,0.158150811327937,1.171342833155933,0.19680170096919586,0.42162519203859894,0.4732527665739376,0.158150811327937,False,False
GCN5:RFX1,digenic,C160,0.21381686475461548,1.2383958400991442,0.19680170096919522,0.2772762280312966,0.3275697681992645,0.21381686475461548,False,False
GCN5:RGR1,digenic,C160,0.1385972376612279,1.1486613692850567,0.19680170096919508,0.4812782378920579,0.5329591224979164,0.1385972376612279,False,False
GCN5:RPD3,digenic,C160,0.5692898214815003,1.767011711969158,0.19680170096919505,0.0038193640106355055,0.006912560092375047,0.5692898214815003,True,True
GCN5:SPT3,digenic,C160,0.352825577835518,1.4230829045845976,0.19680170096919528,0.07300532538087612,0.10165298470754904,0.352825577835518,False,False
GCN5:YAP6,digenic,C160,0.2923678664759901,1.3395957193660482,0.19680170096919533,0.13738595088078553,0.17640997583914095,0.2923678664759901,False,False
GCN5:TFC7,digenic,C160,1.1371155141372105,3.117762241303507,0.19680170096919525,7.560456860786182e-09,2.9123938880071285e-08,1.1371155141372105,True,True
MED4:OPI1,digenic,C160,1.5536382338209698,4.728642832871562,0.18548509395605522,5.4719102560518845e-17,8.598716116652962e-16,1.5536382338209698,True,True
MED4:RFX1,digenic,C160,1.12113081291005,3.06832194030487,0.1854850939560551,1.5004371487012257e-09,6.430444923005253e-09,1.12113081291005,True,True
MED4:RGR1,digenic,C160,1.2944752828486972,3.649080736457276,0.18548509395605509,2.975759263490093e-12,1.8544899976393832e-11,1.2944752828486972,True,True
MED4:RPD3,digenic,C160,1.5593238541443575,4.755604675432893,0.18548509395605522,4.2158558138415385e-17,6.731769767263101e-16,1.5593238541443575,True,True
MED4:SPT3,digenic,C160,1.1859627496068645,3.273837190182281,0.18548509395605528,1.6176650318478181e-10,7.850433242790882e-10,1.1859627496068645,True,True
MED4:YAP6,digenic,C160,1.236348192164464,3.443017241926382,0.18548509395605514,2.6379197158340026e-11,1.434912372898716e-10,1.236348192164464,True,True
MED4:TFC7,digenic,C160,1.3922319642709151,4.0238210626278414,0.18548509395605534,6.100949110550698e-14,5.298192648636133e-13,1.3922319642709151,True,True
OPI1:RFX1,digenic,C160,0.6060792699401434,1.8332296912743429,0.18548509395605503,0.001084879687921254,0.0021610279497827796,0.6060792699401434,True,True
OPI1:RGR1,digenic,C160,0.25937074926655845,1.2961142491676068,0.1854850939560551,0.1620117634038405,0.20277072790114042,0.25937074926655845,False,False
OPI1:RPD3,digenic,C160,1.0972483350434117,2.995910928411845,0.18548509395605528,3.307468714705836e-09,1.3530553832887512e-08,1.0972483350434117,True,True
OPI1:SPT3,digenic,C160,0.6219946386935825,1.8626396320573466,0.18548509395605522,0.0007984247761188121,0.0016264208402420246,0.6219946386935825,True,True
OPI1:YAP6,digenic,C160,0.5834286501198391,1.7921726416518762,0.18548509395605522,0.0016584816178642952,0.0032194054935012787,0.5834286501198391,True,True
OPI1:TFC7,digenic,C160,0.5360565326440723,1.7092531703750593,0.1854850939560555,0.0038521136253353004,0.0069406343386425665,0.5360565326440723,True,True
RFX1:RGR1,digenic,C160,0.4061498301198353,1.501027434730952,0.18548509395605495,0.028548693058915855,0.0442303695278978,0.4061498301198353,True,True
RFX1:RPD3,digenic,C160,1.0485364249577145,2.853471790333115,0.18548509395605503,1.5772480369348212e-08,5.804741845968302e-08,1.0485364249577145,True,True
RFX1:SPT3,digenic,C160,0.39562770290016785,1.4853162356755132,0.18548509395605503,0.032930034807605355,0.05038753394053988,0.39562770290016785,True,False
RFX1:YAP6,digenic,C160,0.3618371434170127,1.435965066552766,0.18548509395605506,0.051085447214705905,0.07383152225191073,0.3618371434170127,False,False
RFX1:TFC7,digenic,C160,0.4534625536400376,1.5737519628823426,0.18548509395605495,0.014495719524255695,0.023917937215021896,0.4534625536400376,True,True
RGR1:RPD3,digenic,C160,0.8928076712458755,2.441976301866068,0.18548509395605495,1.4840901987081673e-06,4.2463852506389764e-06,0.8928076712458755,True,True
RGR1:SPT3,digenic,C160,0.493738661968522,1.6384303206837607,0.18548509395605503,0.007770607317904027,0.013425656622556697,0.493738661968522,True,True
RGR1:YAP6,digenic,C160,0.4645715305716275,1.5913322055925576,0.18548509395605517,0.012257954987666625,0.020638393601683604,0.4645715305716275,True,True
RGR1:TFC7,digenic,C160,0.7670069836461578,2.1533117021745247,0.18548509395605509,3.547370410391741e-05,8.671349892068699e-05,0.7670069836461578,True,True
RPD3:SPT3,digenic,C160,0.918918105579577,2.5065770706913413,0.18548509395605503,7.265293629292403e-07,2.1470569232834264e-06,0.918918105579577,True,True
RPD3:YAP6,digenic,C160,0.9933530393583614,2.700273432984357,0.1854850939560549,8.535165288254923e-08,2.835507931333011e-07,0.9933530393583614,True,True
RPD3:TFC7,digenic,C160,1.0317095771009093,2.8058585683147483,0.1854850939560554,2.6635861722932314e-08,9.485432771835609e-08,1.0317095771009093,True,True
SPT3:YAP6,digenic,C160,0.6668813128347384,1.948152159575175,0.18548509395605503,0.00032397265107415445,0.0006882680784622595,0.6668813128347384,True,True
SPT3:TFC7,digenic,C160,0.7484618399085563,2.113746234733772,0.1854850939560551,5.456534186918507e-05,0.0001295436173872739,0.7484618399085563,True,True
YAP6:TFC7,digenic,C160,0.8971839126440253,2.4526863975407793,0.1854850939560551,1.318401871669129e-06,3.816426470621162e-06,0.8971839126440253,True,True
FKH1:GCN5,digenic,C180,0.725042019885064,2.0648178615528385,0.20230756232989205,0.0003385533435133238,0.0007131230001663629,0.725042019885064,True,True
FKH1:MED4,digenic,C180,0.3439528183247784,1.4105120836146507,0.1906743540425712,0.07125080796747567,0.09963036707316512,0.3439528183247784,False,False
FKH1:OPI1,digenic,C180,0.6404628930065385,1.8973589502517871,0.19067435404257096,0.0007824327353414194,0.0015971307381195984,0.6404628930065385,True,True
FKH1:RFX1,digenic,C180,0.31595175755272353,1.371564086421848,0.19067435404257144,0.09751485970166943,0.13081261667297117,0.31595175755272353,False,False
FKH1:RGR1,digenic,C180,0.5000086007207578,1.648735450952365,0.19067435404257113,0.008733415516650238,0.01493278300774393,0.5000086007207578,True,True
FKH1:RPD3,digenic,C180,0.8920865383957949,2.4402159473367004,0.19067435404257083,2.888587193573062e-06,7.987992518540032e-06,0.8920865383957949,True,True
FKH1:SPT3,digenic,C180,0.4339911437118864,1.543405199214839,0.19067435404257163,0.022840889228899385,0.03623794925738845,0.4339911437118864,True,True
FKH1:YAP6,digenic,C180,0.649762994515453,1.9150868891267925,0.19067435404257113,0.0006551036261407641,0.001351151228915326,0.649762994515453,True,True
FKH1:TFC7,digenic,C180,0.546175249742106,1.726636419424637,0.19067435404257108,0.004177472665450848,0.0074651587342894205,0.546175249742106,True,True
GCN5:MED4,digenic,C180,1.0186971628607313,2.7695840953986566,0.21337039187467524,1.803212128849021e-06,5.057167160228132e-06,1.0186971628607313,True,True
GCN5:OPI1,digenic,C180,0.4438897849957952,1.5587586775599744,0.20230756232989205,0.028225818822048363,0.04379868437904056,0.4438897849957952,True,True
GCN5:RFX1,digenic,C180,0.2542931640811343,1.289549798539691,0.20230756232989183,0.20876695578443305,0.2545311406731388,0.2542931640811343,False,False
GCN5:RGR1,digenic,C180,0.40308146912606735,1.4964287994441676,0.20230756232989194,0.046325083729907755,0.06774273691670411,0.40308146912606735,True,False
GCN5:RPD3,digenic,C180,1.0748751757670854,2.9296271892427375,0.2023075623298916,1.0779086989973055e-07,3.557098706691108e-07,1.0748751757670854,True,True
GCN5:SPT3,digenic,C180,0.5558937950071103,1.7434986189280666,0.20230756232989228,0.006000285723170133,0.010569898337968741,0.5558937950071103,True,True
GCN5:YAP6,digenic,C180,0.33766669947653893,1.4016732471142783,0.20230756232989186,0.09510231645045872,0.12827151673835713,0.33766669947653893,False,False
GCN5:TFC7,digenic,C180,1.337222753275576,3.8084517940063742,0.20230756232989186,3.84708187927905e-11,2.036690406677144e-10,1.337222753275576,True,True
MED4:OPI1,digenic,C180,1.3383283193527304,3.812664617464555,0.19067435404257088,2.2358738159728104e-12,1.4280742437503755e-11,1.3383283193527304,True,True
MED4:RFX1,digenic,C180,0.8479130637717704,2.33476924954229,0.19067435404257083,8.711139696538298e-06,2.299740879886111e-05,0.8479130637717704,True,True
MED4:RGR1,digenic,C180,1.0515003067623643,2.8619416891416622,0.1906743540425709,3.494957835371573e-08,1.2183127665555834e-07,1.0515003067623643,True,True
MED4:RPD3,digenic,C180,1.2914569423360398,3.6380831737802835,0.1906743540425709,1.2604958740778258e-11,7.427922115101473e-11,1.2914569423360398,True,True
MED4:SPT3,digenic,C180,0.91330806237454,2.4925544355997253,0.190674354042571,1.668776482960689e-06,4.72025348037452e-06,0.91330806237454,True,True
MED4:YAP6,digenic,C180,0.9857806169278076,2.6799030457993087,0.1906743540425709,2.3413205870224023e-07,7.405454891859995e-07,0.9857806169278076,True,True
MED4:TFC7,digenic,C180,1.090941299511293,2.9770750733775517,0.19067435404257105,1.055942341878865e-08,3.959783782045744e-08,1.090941299511293,True,True
OPI1:RFX1,digenic,C180,0.5942797019551046,1.811725492529026,0.1906743540425709,0.0018287149989509625,0.003522807591200162,0.5942797019551046,True,True
OPI1:RGR1,digenic,C180,0.261115143659134,1.298377156723799,0.19067435404257121,0.17086496259539752,0.21250793086613512,0.261115143659134,False,False
OPI1:RPD3,digenic,C180,1.0644361247744114,2.899203733904954,0.19067435404257077,2.371103320966288e-08,8.535971955478636e-08,1.0644361247744114,True,True
OPI1:SPT3,digenic,C180,0.6065363170268061,1.834067755066642,0.1906743540425709,0.0014676444974252522,0.002860173331596456,0.6065363170268061,True,True
OPI1:YAP6,digenic,C180,0.588344619552503,1.8010045986048606,0.19067435404257108,0.0020314250089619175,0.003875167430197954,0.588344619552503,True,True
OPI1:TFC7,digenic,C180,0.4646320000673667,1.5914284355580428,0.19067435404257102,0.014818574241041629,0.024409964224012,0.4646320000673667,True,True
RFX1:RGR1,digenic,C180,0.3593309126915315,1.432370712803558,0.19067435404257121,0.059493765667255144,0.08450334004387747,0.3593309126915315,False,False
RFX1:RPD3,digenic,C180,0.9981791054100086,2.713336627494756,0.19067435404257096,1.6499019496506719e-07,5.303256266734302e-07,0.9981791054100086,True,True
RFX1:SPT3,digenic,C180,0.3162763061610951,1.3720092978798601,0.1906743540425712,0.09717123175228463,0.13069302701444924,0.3162763061610951,False,False
RFX1:YAP6,digenic,C180,0.27875804947983984,1.3214875705813551,0.19067435404257096,0.1437525007960862,0.18386947776243584,0.27875804947983984,False,False
RFX1:TFC7,digenic,C180,0.36479824589326226,1.4402234078481475,0.1906743540425705,0.05572240538330391,0.0794887339041367,0.36479824589326226,False,False
RGR1:RPD3,digenic,C180,0.9480051286327309,2.580556642663967,0.19067435404257155,6.631549843093349e-07,1.9787769057556605e-06,0.9480051286327309,True,True
RGR1:SPT3,digenic,C180,0.46907497718731694,1.5985148464087324,0.1906743540425706,0.01389043999117038,0.023033762419080953,0.46907497718731694,True,True
RGR1:YAP6,digenic,C180,0.4829984863183915,1.6209274514421452,0.19067435404257105,0.011305652860936051,0.019132643303122546,0.4829984863183915,True,True
RGR1:TFC7,digenic,C180,0.7669816662687464,2.153257186659574,0.1906743540425712,5.75912514379751e-05,0.00013607479456705335,0.7669816662687464,True,True
RPD3:SPT3,digenic,C180,0.8573280943382391,2.3568549791572497,0.1906743540425707,6.914786935211406e-06,1.830384776967725e-05,0.8573280943382391,True,True
RPD3:YAP6,digenic,C180,0.9444777003033629,2.571469949807948,0.1906743540425708,7.294484645380341e-07,2.1492677972995645e-06,0.9444777003033629,True,True
RPD3:TFC7,digenic,C180,0.952180272431682,2.591353360970299,0.1906743540425704,5.921769470454056e-07,1.787363346265096e-06,0.952180272431682,True,True
SPT3:YAP6,digenic,C180,0.6601634198929897,1.9351085437950255,0.19067435404257083,0.0005356674439611839,0.0011117626195420798,0.6601634198929897,True,True
SPT3:TFC7,digenic,C180,0.7124456053353062,2.0389716861185403,0.19067435404257066,0.00018663492431147586,0.0004105968334852469,0.7124456053353062,True,True
YAP6:TFC7,digenic,C180,0.8313914522147519,2.2965120048267624,0.19067435404257108,1.2990272287800355e-05,3.323092910832649e-05,0.8313914522147519,True,True
FKH1:GCN5,digenic,C161,-0.050643501503808475,0.9506175038426289,0.15629581667897646,0.7459203205476065,0.7797899866337173,0.050643501503808475,False,False
FKH1:MED4,digenic,C161,-0.21445797419122825,0.806978724952858,0.14730840281800262,0.14543589977976704,0.18554322265717701,0.21445797419122825,False,False
FKH1:OPI1,digenic,C161,-0.12906464976409793,0.8789171419228992,0.14730840281800245,0.3809470452527334,0.43449029354862445,0.12906464976409793,False,False
FKH1:RFX1,digenic,C161,0.23772476510136809,1.268360047829478,0.1473084028180028,0.10657307609054627,0.1414307578145319,0.23772476510136809,False,False
FKH1:RGR1,digenic,C161,-0.16366403077283476,0.8490272209877398,0.1473084028180023,0.26655550653281745,0.31603587002094524,0.16366403077283476,False,False
FKH1:RPD3,digenic,C161,0.2179196450354839,1.2434871432391346,0.14730840281800237,0.13904868316862887,0.17831372582505514,0.2179196450354839,False,False
FKH1:SPT3,digenic,C161,0.1067515509983672,1.112657781421067,0.14730840281800242,0.4686479607904137,0.5213050350365276,0.1067515509983672,False,False
FKH1:YAP6,digenic,C161,-0.010707707368634134,0.9893494160611219,0.1473084028180026,0.9420535649752374,0.948761983037116,0.010707707368634134,False,False
FKH1:TFC7,digenic,C161,-0.20831861709129784,0.8119482948903424,0.14730840281800245,0.15731300425627004,0.1976394342813545,0.20831861709129784,False,False
GCN5:MED4,digenic,C161,-0.5784011840486284,0.5607942569961288,0.1648425756758674,0.00045011729921603404,0.0009401184097550079,0.5784011840486284,True,True
GCN5:OPI1,digenic,C161,-0.4785297374472958,0.6196938349865994,0.15629581667897627,0.002200893863017738,0.004174109050550883,0.4785297374472958,True,True
GCN5:RFX1,digenic,C161,-0.11588574676031826,0.890576968788856,0.15629581667897624,0.4584198096684141,0.5116523242071364,0.11588574676031826,False,False
GCN5:RGR1,digenic,C161,-0.38662888177758925,0.6793431647776054,0.15629581667897624,0.0133722124839702,0.022287020806617,0.38662888177758925,True,True
GCN5:RPD3,digenic,C161,-0.28909881681702787,0.7489381940574594,0.15629581667897594,0.06435823555552969,0.09076161424497776,0.28909881681702787,False,False
GCN5:SPT3,digenic,C161,-0.12499479132753799,0.8825014992338809,0.1562958166789764,0.42386599481388276,0.475229144808317,0.12499479132753799,False,False
GCN5:YAP6,digenic,C161,-0.16043517304832133,0.8517730396318687,0.15629581667897616,0.3046634474662314,0.354843309401846,0.16043517304832133,False,False
GCN5:TFC7,digenic,C161,0.07006383589201914,1.072576647955958,0.15629581667897624,0.6539532234016028,0.6953960162917151,0.07006383589201914,False,False
MED4:OPI1,digenic,C161,-0.22501538343701433,0.7985039349299048,0.14730840281800273,0.12663369423780263,0.16474028553932274,0.22501538343701433,False,False
MED4:RFX1,digenic,C161,-0.26147077490007015,0.7699183760370256,0.14730840281800275,0.0758997255794304,0.1053867157414251,0.26147077490007015,False,False
MED4:RGR1,digenic,C161,-0.4443469331846806,0.6412429137857798,0.14730840281800278,0.0025576197485033796,0.004795537028443837,0.4443469331846806,True,True
MED4:RPD3,digenic,C161,-0.034078091788071474,0.9664960262875686,0.14730840281800262,0.8170519084692762,0.8421158915079284,0.034078091788071474,False,False
MED4:SPT3,digenic,C161,-0.31548478136459096,0.7294351719637955,0.14730840281800275,0.03222070555747055,0.04953182997188796,0.31548478136459096,True,True
MED4:YAP6,digenic,C161,-0.2942785524700924,0.7450689217465634,0.1473084028180026,0.04574878466276782,0.06729551707735473,0.2942785524700924,True,False
MED4:TFC7,digenic,C161,-0.20943450644747275,0.8110427557650112,0.14730840281800256,0.155101235143356,0.1953565175469751,0.20943450644747275,False,False
OPI1:RFX1,digenic,C161,-0.16276138192044542,0.8497939404215614,0.14730840281800242,0.2692019585552514,0.3184109187212651,0.16276138192044542,False,False
OPI1:RGR1,digenic,C161,-0.4257426775430789,0.6532844252473395,0.14730840281800253,0.0038506388965871773,0.0069406343386425665,0.4257426775430789,True,True
OPI1:RPD3,digenic,C161,0.062001279000797604,1.0639637055375915,0.14730840281800242,0.6738322085910873,0.7142332831961203,0.062001279000797604,False,False
OPI1:SPT3,digenic,C161,-0.19793025277722776,0.8204270736521962,0.14730840281800264,0.17906309217949234,0.22159057657212178,0.19793025277722776,False,False
OPI1:YAP6,digenic,C161,-0.23617766445581778,0.7896403704429937,0.14730840281800253,0.10887127946317392,0.14390195816894816,0.23617766445581778,False,False
OPI1:TFC7,digenic,C161,-0.12700485170636155,0.8807293995463605,0.14730840281800245,0.38859410252328785,0.44219328907822414,0.12700485170636155,False,False
RFX1:RGR1,digenic,C161,-0.29855105784080527,0.7418924014589396,0.14730840281800248,0.042692325956526674,0.0633664208350246,0.29855105784080527,True,False
RFX1:RPD3,digenic,C161,0.15707936247702947,1.1700884713355957,0.1473084028180024,0.2862745132216876,0.3369937789411067,0.15707936247702947,False,False
RFX1:SPT3,digenic,C161,-0.07759472082792562,0.9253393713340521,0.14730840281800248,0.5983671161954647,0.6438950489494675,0.07759472082792562,False,False
RFX1:YAP6,digenic,C161,-0.10506192264090264,0.9002687738402303,0.14730840281800264,0.4757154132067475,0.5285432157749703,0.10506192264090264,False,False
RFX1:TFC7,digenic,C161,-0.05008111243489766,0.9511522710950391,0.14730840281800225,0.7338756708717626,0.7720902382179011,0.05008111243489766,False,False
RGR1:RPD3,digenic,C161,-0.21298081377099412,0.8081716428339563,0.14730840281800267,0.14822887804727297,0.18813665290615417,0.21298081377099412,False,False
RGR1:SPT3,digenic,C161,-0.3189691198324167,0.7268979956916853,0.14730840281800248,0.030363557131241635,0.04682230772574645,0.3189691198324167,True,True
RGR1:YAP6,digenic,C161,-0.3534492484622048,0.702261632541454,0.14730840281800256,0.01642273600428532,0.026829222185218594,0.3534492484622048,True,True
RGR1:TFC7,digenic,C161,-0.29475547557933524,0.7447136658814034,0.1473084028180024,0.04539870988362905,0.06698170310699367,0.29475547557933524,True,False
RPD3:SPT3,digenic,C161,0.0076061390501100945,1.0076351392055118,0.1473084028180027,0.9588202355383703,0.9627099728022176,0.0076061390501100945,False,False
RPD3:YAP6,digenic,C161,-0.15182403888942425,0.859139442571886,0.14730840281800228,0.30270296232634397,0.35297518575156717,0.15182403888942425,False,False
RPD3:TFC7,digenic,C161,-0.264926028298737,0.7672627036042499,0.14730840281800228,0.0721065516858728,0.100542938266217,0.264926028298737,False,False
SPT3:YAP6,digenic,C161,-0.1553880166695351,0.8560829385799918,0.14730840281800264,0.2914947154900175,0.342324754845928,0.1553880166695351,False,False
SPT3:TFC7,digenic,C161,-0.10494115918884339,0.9003774999700797,0.1473084028180025,0.47622277623360965,0.5285432157749703,0.10494115918884339,False,False
YAP6:TFC7,digenic,C161,-0.1482949550001016,0.862176774083848,0.14730840281800234,0.31408031349331034,0.3632470915401603,0.1482949550001016,False,False
FKH1:GCN5,digenic,C181,0.5876031066449339,1.7996696254594817,0.2705497617585051,0.029864299867042737,0.04612426968544822,0.5876031066449339,True,True
FKH1:MED4,digenic,C181,0.30424990180561706,1.3556077825963053,0.2549924504332398,0.23280194174934632,0.2814089405761329,0.30424990180561706,False,False
FKH1:OPI1,digenic,C181,1.5482382042934641,4.703176842382326,0.2549924504332391,1.2656152800585078e-09,5.4954347686751e-09,1.5482382042934641,True,True
FKH1:RFX1,digenic,C181,2.1691229093594497,8.750605599618085,0.2549924504332396,1.7908311710583656e-17,3.110390981311898e-16,2.1691229093594497,True,True
FKH1:RGR1,digenic,C181,1.6226590206379712,5.06654446750648,0.2549924504332395,1.971340474270727e-10,9.473917813242813e-10,1.6226590206379712,True,True
FKH1:RPD3,digenic,C181,2.350407805720239,10.489846672063805,0.25499245043323926,3.039420196328899e-20,1.2537608309856707e-18,2.350407805720239,True,True
FKH1:SPT3,digenic,C181,1.7664891302888612,5.850277700504849,0.2549924504332392,4.279992719036082e-12,2.6482454949035755e-11,1.7664891302888612,True,True
FKH1:YAP6,digenic,C181,1.6622805986646139,5.271318909319264,0.2549924504332396,7.080575678990229e-11,3.540287839495114e-10,1.6622805986646139,True,True
FKH1:TFC7,digenic,C181,1.2306724377668607,3.423530873905421,0.2549924504332394,1.3908643886026606e-06,4.002778327664634e-06,1.2306724377668607,True,True
GCN5:MED4,digenic,C181,-0.23095331970601773,0.793776518891675,0.28534429471242123,0.4182938731554793,0.4705806072999142,0.23095331970601773,False,False
GCN5:OPI1,digenic,C181,-0.3313148857953788,0.7179790520370564,0.2705497617585054,0.22072645899889853,0.26845109878244416,0.3313148857953788,False,False
GCN5:RFX1,digenic,C181,0.4675143731038019,1.5960221431791988,0.27054976175850504,0.08398531877012168,0.11547981330891731,0.4675143731038019,False,False
GCN5:RGR1,digenic,C181,-0.03170224103477193,0.9687950065352469,0.2705497617585053,0.9067197001274081,0.9212448361044402,0.03170224103477193,False,False
GCN5:RPD3,digenic,C181,0.2629823378177794,1.3008037437160738,0.2705497617585049,0.33103589461768657,0.3815198319808029,0.2629823378177794,False,False
GCN5:SPT3,digenic,C181,0.0778734866164203,1.0809858908361332,0.27054976175850537,0.7734736218341428,0.8026613056769407,0.0778734866164203,False,False
GCN5:YAP6,digenic,C181,0.1626904948492054,1.1766724471407142,0.2705497617585054,0.5476182265399951,0.5957604882138409,0.1626904948492054,False,False
GCN5:TFC7,digenic,C181,1.3421866019035678,3.827403369681723,0.2705497617585051,7.014556248443476e-07,2.079164876035641e-06,1.3421866019035678,True,True
MED4:OPI1,digenic,C181,1.5505650491966219,4.7141331473145085,0.2549924504332396,1.1956403318809558e-09,5.237539506912152e-09,1.5505650491966219,True,True
MED4:RFX1,digenic,C181,1.7869657565311892,5.971306552836965,0.2549924504332396,2.418933870580703e-12,1.535092648637754e-11,1.7869657565311892,True,True
MED4:RGR1,digenic,C181,1.3904878288388416,4.016809090432306,0.25499245043323987,4.951177762711133e-08,1.6960781955308035e-07,1.3904878288388416,True,True
MED4:RPD3,digenic,C181,2.316359451218492,10.138696617757011,0.2549924504332394,1.0462598696512305e-19,3.5717147274300626e-18,2.316359451218492,True,True
MED4:SPT3,digenic,C181,1.0832826600896253,2.954361816202656,0.2549924504332394,2.1540548534261155e-05,5.3851371335652884e-05,1.0832826600896253,True,True
MED4:YAP6,digenic,C181,1.3458475537369097,3.8414409889104815,0.25499245043323987,1.306087298646712e-07,4.253376400198174e-07,1.3458475537369097,True,True
MED4:TFC7,digenic,C181,1.3280416884851565,3.77364617215486,0.2549924504332396,1.907215985181851e-07,6.090786533322685e-07,1.3280416884851565,True,True
OPI1:RFX1,digenic,C181,0.2612724885635901,1.2985814658265482,0.2549924504332393,0.30553859201746225,0.3554444254962252,0.2612724885635901,False,False
OPI1:RGR1,digenic,C181,-0.15623800589355288,0.855355586471852,0.2549924504332395,0.5400640072823031,0.5888363074994274,0.15623800589355288,False,False
OPI1:RPD3,digenic,C181,0.8027792106959476,2.2317347786657478,0.2549924504332395,0.0016425285299484513,0.00319470185589188,0.8027792106959476,True,True
OPI1:SPT3,digenic,C181,-0.16264964840496154,0.8498888961907338,0.25499245043323915,0.5235643993561667,0.5740074810217111,0.16264964840496154,False,False
OPI1:YAP6,digenic,C181,0.01986723330472928,1.020065900257474,0.25499245043323954,0.9378972380217216,0.9455379487184363,0.01986723330472928,False,False
OPI1:TFC7,digenic,C181,0.17254748366840833,1.1883282454597162,0.2549924504332396,0.49861101881551884,0.5509206569501827,0.17254748366840833,False,False
RFX1:RGR1,digenic,C181,0.8234317268471159,2.2783049576414394,0.25499245043323915,0.0012411984427068948,0.0024429154240155583,0.8234317268471159,True,True
RFX1:RPD3,digenic,C181,1.5085278053637488,4.5200714686336445,0.2549924504332394,3.2992441673019424e-09,1.3530553832887512e-08,1.5085278053637488,True,True
RFX1:SPT3,digenic,C181,0.7407992700398336,2.097611402610886,0.2549924504332393,0.0036704055867941123,0.006688684658768564,0.7407992700398336,True,True
RFX1:YAP6,digenic,C181,0.6835148895750852,1.9808279018779187,0.2549924504332393,0.007350569572142318,0.012722139644092476,0.6835148895750852,True,True
RFX1:TFC7,digenic,C181,0.7792312824206027,2.1797959737987407,0.25499245043323965,0.00224386510559158,0.004239363462854321,0.7792312824206027,True,True
RGR1:RPD3,digenic,C181,0.943114259840648,2.567966292686434,0.2549924504332396,0.00021679467442171801,0.000472746096205949,0.943114259840648,True,True
RGR1:SPT3,digenic,C181,0.40406324167733043,1.4978986735873605,0.25499245043323915,0.11305527927232545,0.14903425629773928,0.40406324167733043,False,False
RGR1:YAP6,digenic,C181,0.34099619426779443,1.4063478886685326,0.25499245043323954,0.1811313974073656,0.2233885707969046,0.34099619426779443,False,False
RGR1:TFC7,digenic,C181,0.49519816057335797,1.6408233533400407,0.2549924504332395,0.052135760624769545,0.07513013539813952,0.49519816057335797,False,False
RPD3:SPT3,digenic,C181,0.7534626969076228,2.124343252386259,0.2549924504332391,0.0031282804261800923,0.005767220897426985,0.7534626969076228,True,True
RPD3:YAP6,digenic,C181,0.6724686030413727,1.959067516294137,0.25499245043323904,0.00835911011839362,0.014342320653742954,0.6724686030413727,True,True
RPD3:TFC7,digenic,C181,0.47193154198979526,1.6030876357803245,0.25499245043323954,0.06420312028270561,0.09067202436501934,0.47193154198979526,False,False
SPT3:YAP6,digenic,C181,0.29937963705633186,1.3490216648855986,0.2549924504332392,0.24036596647269093,0.2884391597672291,0.29937963705633186,False,False
SPT3:TFC7,digenic,C181,0.3455560750179263,1.4127753103353766,0.25499245043323954,0.17536595383478204,0.21728697659128188,0.3455560750179263,False,False
YAP6:TFC7,digenic,C181,0.37010120787384193,1.4478811442204094,0.25499245043323976,0.14666287248145474,0.18662756266920333,0.37010120787384193,False,False
FKH1:GCN5,digenic,Total Titer,0.45534941904326987,1.576724224261121,0.13890685544083883,0.001045114137680644,0.0020860141054512855,0.45534941904326987,True,True
FKH1:MED4,digenic,Total Titer,0.11324707477221496,1.1199085999306921,0.13091935184349388,0.38703109401340885,0.44092149950894677,0.11324707477221496,False,False
FKH1:OPI1,digenic,Total Titer,0.6570632085327226,1.9291185881660562,0.13091935184349382,5.198457017605698e-07,1.6032624446821312e-06,0.6570632085327226,True,True
FKH1:RFX1,digenic,Total Titer,0.663418269189586,1.941417291920238,0.13091935184349357,4.0332595156506047e-07,1.2595983976322078e-06,0.663418269189586,True,True
FKH1:RGR1,digenic,Total Titer,0.5721684496809616,1.7721056099135963,0.1309193518434937,1.2402558677259693e-05,3.1892293741524925e-05,0.5721684496809616,True,True
FKH1:RPD3,digenic,Total Titer,0.9887667244833513,2.687917484565284,0.13091935184349357,4.270237382849024e-14,3.808590098216697e-13,0.9887667244833513,True,True
FKH1:SPT3,digenic,Total Titer,0.6519516620390302,1.9192829678414298,0.13091935184349376,6.365133803363793e-07,1.909540141009138e-06,0.6519516620390302,True,True
FKH1:YAP6,digenic,Total Titer,0.7094968292419663,2.0329680711639018,0.13091935184349368,5.98185664089573e-08,2.0211734042616972e-07,0.7094968292419663,True,True
FKH1:TFC7,digenic,Total Titer,0.5722102886473086,1.7721797545316291,0.1309193518434938,1.2384418684270024e-05,3.1892293741524925e-05,0.5722102886473086,True,True
GCN5:MED4,digenic,Total Titer,0.2610704476110006,1.2983191256927953,0.1465027299926657,0.0747463568784497,0.10393102992930507,0.2610704476110006,False,False
GCN5:OPI1,digenic,Total Titer,-0.03300879422496095,0.9675300508746945,0.13890685544083867,0.8121660802240416,0.8384196240060492,0.03300879422496095,False,False
GCN5:RFX1,digenic,Total Titer,0.0640988576118039,1.0661977953195492,0.13890685544083806,0.6444742928073979,0.6880241208776281,0.0640988576118039,False,False
GCN5:RGR1,digenic,Total Titer,-0.02174705844819025,0.9784877039505709,0.13890685544083828,0.8755927573037766,0.8973466146280941,0.02174705844819025,False,False
GCN5:RPD3,digenic,Total Titer,0.28706261363008756,1.332507644004415,0.13890685544083833,0.03877341816059422,0.058160127240891334,0.28706261363008756,True,False
GCN5:SPT3,digenic,Total Titer,0.14348822437103503,1.1542932181984227,0.1389068554408383,0.301612514280303,0.3529508145833333,0.14348822437103503,False,False
GCN5:YAP6,digenic,Total Titer,0.14337581566116775,1.154163472879345,0.13890685544083853,0.30199138466300224,0.3529646127553278,0.14337581566116775,False,False
GCN5:TFC7,digenic,Total Titer,0.783652539213429,2.1894547477811694,0.13890685544083856,1.6850798010336715e-08,6.1558265794219e-08,0.783652539213429,True,True
MED4:OPI1,digenic,Total Titer,0.9294055081086157,2.533002880248271,0.13091935184349376,1.256001229488868e-12,8.635008452735969e-12,0.9294055081086157,True,True
MED4:RFX1,digenic,Total Titer,0.6322246235179994,1.881792205464058,0.13091935184349388,1.3714109996187627e-06,3.958299969745117e-06,0.6322246235179994,True,True
MED4:RGR1,digenic,Total Titer,0.65689178214594,1.9287879146807019,0.130919351843494,5.234001657222223e-07,1.6092116896428575e-06,0.65689178214594,True,True
MED4:RPD3,digenic,Total Titer,1.0869288460589865,2.9651536313316305,0.1309193518434938,1.0213393147407155e-16,1.555578340912782e-15,1.0869288460589865,True,True
MED4:SPT3,digenic,Total Titer,0.5787299878981652,1.7837715800972493,0.13091935184349401,9.846932889638015e-06,2.5857993529818657e-05,0.5787299878981652,True,True
MED4:YAP6,digenic,Total Titer,0.6750753478642406,1.9641809672352275,0.13091935184349396,2.5171406793787866e-07,7.936207874474519e-07,0.6750753478642406,True,True
MED4:TFC7,digenic,Total Titer,0.7625175931359305,2.1436663122142297,0.13091935184349401,5.734195096041127e-09,2.2527195020161574e-08,0.7625175931359305,True,True
OPI1:RFX1,digenic,Total Titer,0.34604849595491993,1.4134711617893052,0.13091935184349368,0.008212194077817465,0.014114708571248769,0.34604849595491993,True,True
OPI1:RGR1,digenic,Total Titer,0.015461482040980488,1.0155816291733524,0.13091935184349374,0.9059889887919705,0.9212448361044402,0.015461482040980488,False,False
OPI1:RPD3,digenic,Total Titer,0.7404233204254795,2.0968229546306536,0.13091935184349357,1.5533155225278518e-08,5.737993907845422e-08,0.7404233204254795,True,True
OPI1:SPT3,digenic,Total Titer,0.3241241952921403,1.382819036069457,0.13091935184349376,0.013295490627430009,0.02219651892269091,0.3241241952921403,True,True
OPI1:YAP6,digenic,Total Titer,0.30473023670474686,1.356259084732869,0.13091935184349382,0.019932398084288778,0.031982291901857196,0.30473023670474686,True,True
OPI1:TFC7,digenic,Total Titer,0.29767630892967323,1.3467257942059683,0.13091935184349396,0.02298174226648891,0.03640307975011844,0.29767630892967323,True,True
RFX1:RGR1,digenic,Total Titer,0.21520480587890956,1.2401158539766532,0.13091935184349357,0.10021819164812266,0.1342571173635202,0.21520480587890956,False,False
RFX1:RPD3,digenic,Total Titer,0.7950813732221487,2.214621200335014,0.13091935184349365,1.2549378045676592e-09,5.473076768819307e-09,0.7950813732221487,True,True
RFX1:SPT3,digenic,Total Titer,0.26788156391831136,1.307192312111052,0.1309193518434937,0.0407409146374707,0.06074323116128914,0.26788156391831136,True,False
RFX1:YAP6,digenic,Total Titer,0.22545575837657883,1.2528936028432536,0.13091935184349365,0.08505203794726299,0.11662260050940493,0.22545575837657883,False,False
RFX1:TFC7,digenic,Total Titer,0.3015560911401778,1.3519609460423045,0.13091935184349338,0.021257869434863682,0.03383487257317531,0.3015560911401778,True,True
RGR1:RPD3,digenic,Total Titer,0.5673087277945109,1.763514561456922,0.1309193518434937,1.4691162922291086e-05,3.738882080480251e-05,0.5673087277945109,True,True
RGR1:SPT3,digenic,Total Titer,0.2507575493136367,1.2849984977927709,0.13091935184349368,0.05544674534630604,0.07932410100121819,0.2507575493136367,False,False
RGR1:YAP6,digenic,Total Titer,0.22311454305180822,1.2499637401979176,0.1309193518434937,0.08834118486280354,0.12029955022582602,0.22311454305180822,False,False
RGR1:TFC7,digenic,Total Titer,0.4518066025400769,1.5711480631486852,0.13091935184349368,0.0005584516206914284,0.0011542110740804053,0.4518066025400769,True,True
RPD3:SPT3,digenic,Total Titer,0.6219836111811017,1.8626190918888104,0.13091935184349382,2.0252197233522664e-06,5.647795848221814e-06,0.6219836111811017,True,True
RPD3:YAP6,digenic,Total Titer,0.6292843142769244,1.8762672809263263,0.1309193518434937,1.5347558089846746e-06,4.378698129379907e-06,0.6292843142769244,True,True
RPD3:TFC7,digenic,Total Titer,0.6119826248902618,1.8440839034585843,0.13091935184349385,2.9466937806483393e-06,8.12598006362634e-06,0.6119826248902618,True,True
SPT3:YAP6,digenic,Total Titer,0.4326653681352174,1.5413603461044885,0.13091935184349376,0.0009503618281201106,0.001920118795589611,0.4326653681352174,True,True
SPT3:TFC7,digenic,Total Titer,0.4885249819681383,1.6299102989219074,0.13091935184349385,0.00019034635491121463,0.00041690905168606746,0.4885249819681383,True,True
YAP6:TFC7,digenic,Total Titer,0.5724571429221039,1.7726172786798724,0.13091935184349382,1.22779051216253e-05,3.1736621593757304e-05,0.5724571429221039,True,True
